Date (J2000 seconds),Latitude (N),Longitude (W),Temperature (C),Pressure (dbar),Speed (cm/s),Bottom Depth (m)
400881600.0,22.131,-96.643,4.261,1574.5,1.304952106,-2065.0
400910400.0,22.131,-96.644,4.27,1577.5,2.856588875,-2065.0
400939200.0,22.135,-96.629,4.277,1578.2,4.501388675,-2028.0
400968000.0,22.133,-96.626,4.259,1576.6,1.154123044,-1996.0
400996800.0,22.135,-96.624,4.262,1578.2,5.229196879,-2016.0
401025600.0,22.137,-96.605,4.279,1580.8,4.127820248,-1985.0
401054400.0,22.128,-96.608,4.273,1579.8,3.804655043,-2025.0
401083200.0,22.129,-96.611,4.261,1579.6,2.831342438,-2014.0
401112000.0,22.135,-96.602,4.273,1581.2,6.309167932,-1983.0
401140800.0,22.125,-96.584,4.279,1582.3,6.402515131,-2073.0
401169600.0,22.113,-96.591,4.268,1581.2,4.179677021,-2105.0
401198400.0,22.121,-96.595,4.268,1581.2,4.968057971,-2061.0
401227200.0,22.124,-96.577,4.277,1583.1,7.479144336,-2085.0
401256000.0,22.108,-96.568,4.273,1581.9,6.373892061,-2136.0
401284800.0,22.102,-96.578,4.268,1582.1,4.857736098,-2145.0
401313600.0,22.116,-96.577,4.269,1581.5,7.088652904,-2108.0
401342400.0,22.112,-96.554,4.277,1582.8,5.704349218,-2137.0
401371200.0,22.104,-96.559,4.274,1582.5,3.889318706,-2154.0
401400000.0,22.107,-96.568,4.268,1582.2,6.087133973,-2136.0
401428800.0,22.117,-96.575,4.271,1582.6,4.195056615,-2095.0
401457600.0,22.111,-96.555,4.273,1583.4,3.204122345,-2127.0
401486400.0,22.109,-96.567,4.265,1582.8,2.880069444,-2122.0
401515200.0,22.112,-96.564,4.269,1584.3,3.751226466,-2123.0
401544000.0,22.124,-96.57,4.274,1583.0,3.491718774,-2073.0
401572800.0,22.124,-96.559,4.262,1581.8,4.222321636,-2066.0
401601600.0,22.115,-96.563,4.268,1583.0,3.610678607,-2104.0
401630400.0,22.125,-96.568,4.268,1580.2,5.369785843,-2073.0
401659200.0,22.134,-96.558,4.272,1583.0,3.172459614,-2029.0
401688000.0,22.132,-96.555,4.266,1581.7,1.617219837,-2043.0
401716800.0,22.131,-96.554,4.268,1582.5,3.050835951,-2045.0
401745600.0,22.137,-96.567,4.267,1580.9,3.934984117,-2063.0
401774400.0,22.141,-96.565,4.263,1581.3,3.806441908,-2069.0
401803200.0,22.141,-96.558,4.265,1581.9,1.909188309,-2059.0
401832000.0,22.137,-96.572,4.266,1581.7,6.538516651,-2077.0
401860800.0,22.141,-96.578,4.266,1581.5,6.625299993,-2086.0
401889600.0,22.148,-96.556,4.264,1582.0,1.312440475,-2143.0
401918400.0,22.142,-96.574,4.263,1580.9,7.638514253,-2116.0
401947200.0,22.138,-96.582,4.261,1581.9,2.93955779,-2060.0
401976000.0,22.146,-96.59,4.264,1580.6,1.647786394,-2046.0
402004800.0,22.142,-96.586,4.259,1581.7,2.861485628,-2041.0
402033600.0,22.134,-96.592,4.259,1580.6,3.823937761,-1994.0
402062400.0,22.127,-96.585,4.26,1581.3,1.088117641,-2061.0
402091200.0,22.131,-96.598,4.256,1580.5,3.061143577,-2003.0
402120000.0,22.122,-96.598,4.264,1581.3,2.227487374,-2056.0
402148800.0,22.123,-96.604,4.257,1580.9,1.133578405,-2053.0
402177600.0,22.114,-96.602,4.26,1581.1,3.910306893,-2099.0
402206400.0,22.112,-96.616,4.256,1580.2,1.796273921,-2103.0
402235200.0,22.105,-96.605,4.263,1579.4,5.683396872,-2134.0
402264000.0,22.097,-96.603,4.259,1579.7,4.615213971,-2147.0
402292800.0,22.089,-96.614,4.259,1581.4,3.114642837,-2129.0
402321600.0,22.086,-96.612,4.261,1580.7,5.298122309,-2130.0
402350400.0,22.071,-96.598,4.257,1580.6,7.223572523,-2128.0
402379200.0,22.058,-96.6,4.263,1580.7,3.911521443,-2104.0
402408000.0,22.056,-96.607,4.256,1578.6,0.297321375,-2091.0
402436800.0,22.052,-96.599,4.257,1580.0,6.01911123,-2098.0
402465600.0,22.039,-96.59,4.259,1579.4,7.067595065,-2086.0
402494400.0,22.022,-96.601,4.253,1579.7,3.330135132,-2034.0
402523200.0,22.019,-96.591,4.253,1578.7,4.080612699,-2029.0
402552000.0,22.004,-96.589,4.254,1580.1,8.814766021,-1995.0
402580800.0,21.981,-96.587,4.249,1578.9,6.721971437,-1984.0
402609600.0,21.968,-96.591,4.249,1578.7,6.440194096,-1976.0
402638400.0,21.948,-96.585,4.257,1579.3,6.091543318,-2019.0
402667200.0,21.937,-96.577,4.253,1578.4,9.326290795,-2057.0
402696000.0,21.911,-96.557,4.257,1579.3,9.458990432,-2108.0
402724800.0,21.896,-96.555,4.253,1579.4,6.081611629,-2106.0
402753600.0,21.877,-96.547,4.259,1579.6,9.216094618,-2059.0
402782400.0,21.86,-96.529,4.256,1579.2,8.007696298,-2031.0
402811200.0,21.839,-96.521,4.256,1579.2,10.36139469,-1981.0
402840000.0,21.822,-96.498,4.262,1580.1,6.426585408,-2083.0
402868800.0,21.814,-96.493,4.258,1577.6,6.08740503,-2089.0
402897600.0,21.798,-96.474,4.253,1578.5,6.665230679,-2131.0
402926400.0,21.79,-96.463,4.261,1579.7,10.12504321,-2156.0
402955200.0,21.775,-96.432,4.253,1578.1,6.003040896,-2182.0
402984000.0,21.778,-96.429,4.248,1578.4,5.19339003,-2183.0
403012800.0,21.765,-96.4,4.252,1578.4,10.13076996,-2058.0
403041600.0,21.752,-96.393,4.247,1576.6,4.109659353,-1994.0
403070400.0,21.749,-96.375,4.244,1576.9,7.830006386,-1951.0
403099200.0,21.747,-96.351,4.24,1576.7,11.12863424,-2047.0
403128000.0,21.743,-96.323,4.235,1576.3,3.605551275,-2155.0
403156800.0,21.746,-96.323,4.232,1576.3,4.887535166,-2168.0
403185600.0,21.737,-96.293,4.23,1575.9,10.91831947,-1964.0
403214400.0,21.728,-96.272,4.222,1571.6,9.857078675,-1870.0
403243200.0,21.724,-96.245,4.259,1624.8,3.092329219,-2260.0
403272000.0,21.728,-96.253,4.25,1626.3,2.857008925,-2116.0
403300800.0,21.732,-96.246,4.261,1651.7,1.840543398,-2206.0
403329600.0,21.729,-96.251,4.262,1656.5,3.57687014,-2116.0
403358400.0,21.736,-96.255,4.286,1622.4,2.121508897,-2129.0
403387200.0,21.727,-96.245,4.262,1656.4,3.820994635,-2261.0
403416000.0,21.726,-96.246,4.256,1629.6,1.536391877,-2192.0
403444800.0,21.731,-96.244,4.26,1637.5,2.8609439,-2260.0
403473600.0,21.731,-96.252,4.261,1633.7,4.016279373,-2145.0
403502400.0,21.72,-96.237,4.252,1650.0,3.041052449,-2270.0
403531200.0,21.728,-96.24,4.251,1656.3,5.791044811,-2301.0
403560000.0,21.736,-96.236,4.255,1683.3,3.256286228,-2356.0
403588800.0,21.722,-96.252,4.255,1669.7,5.581684334,-2077.0
403617600.0,21.729,-96.253,4.243,1643.3,6.065904714,-2116.0
403646400.0,21.735,-96.237,4.243,1649.2,6.222290575,-2356.0
403675200.0,21.725,-96.228,4.241,1646.8,1.540519393,-2371.0
403704000.0,21.727,-96.235,4.234,1642.3,3.48208271,-2328.0
403732800.0,21.721,-96.239,4.232,1645.1,1.534438008,-2290.0
403761600.0,21.726,-96.226,4.232,1646.9,6.600515131,-2371.0
403790400.0,21.719,-96.211,4.224,1631.8,5.209193796,-2312.0
403819200.0,21.706,-96.211,4.232,1646.4,4.731025259,-2185.0
403848000.0,21.699,-96.194,4.226,1644.2,5.97235297,-2294.0
403876800.0,21.689,-96.184,4.228,1647.3,6.50006923,-2257.0
403905600.0,21.68,-96.164,4.235,1648.0,6.723094526,-2289.0
403934400.0,21.674,-96.155,4.235,1646.9,3.160838496,-2273.0
403963200.0,21.668,-96.146,4.235,1646.6,9.370901771,-2262.0
403992000.0,21.669,-96.113,4.234,1648.1,8.418081729,-2355.0
404020800.0,21.654,-96.106,4.244,1647.9,4.720190674,-2339.0
404049600.0,21.652,-96.09,4.237,1648.2,6.870705932,-2568.0
404078400.0,21.644,-96.074,4.237,1648.6,5.546467344,-2569.0
404107200.0,21.639,-96.059,4.238,1647.6,7.863841301,-2584.0
404136000.0,21.636,-96.034,4.237,1646.7,7.859039382,-2492.0
404164800.0,21.626,-96.017,4.237,1647.3,8.520375579,-2342.0
404193600.0,21.619,-95.99,4.242,1648.4,9.936483281,-2307.0
404222400.0,21.616,-95.969,4.241,1649.0,6.426173045,-2495.0
404251200.0,21.598,-95.959,4.243,1647.8,7.732696813,-2488.0
404280000.0,21.588,-95.943,4.243,1650.8,7.229280739,-2504.0
404308800.0,21.579,-95.922,4.24,1647.4,10.04956218,-2511.0
404337600.0,21.564,-95.898,4.241,1648.3,9.54025681,-2448.0
404366400.0,21.543,-95.885,4.245,1648.9,11.02570179,-2379.0
404395200.0,21.527,-95.861,4.241,1648.1,4.723187483,-2405.0
404424000.0,21.518,-95.868,4.241,1648.0,4.406143438,-2361.0
404452800.0,21.501,-95.845,4.239,1648.2,13.10782972,-2405.0
404481600.0,21.477,-95.832,4.241,1648.7,7.522831914,-2453.0
404510400.0,21.464,-95.838,4.243,1648.4,4.704147107,-2442.0
404539200.0,21.45,-95.821,4.24,1647.4,8.194937462,-2477.0
404568000.0,21.429,-95.82,4.241,1649.5,8.032247506,-2458.0
404596800.0,21.411,-95.816,4.238,1649.0,5.96632215,-2432.0
404625600.0,21.395,-95.813,4.243,1649.2,8.276986166,-2422.0
404654400.0,21.37,-95.815,4.243,1648.4,8.986439784,-2402.0
404683200.0,21.354,-95.82,4.243,1648.2,5.055373379,-2392.0
404712000.0,21.34,-95.821,4.247,1648.4,5.990901435,-2384.0
404740800.0,21.322,-95.819,4.242,1648.6,8.170152997,-2363.0
404769600.0,21.3,-95.825,4.244,1648.0,9.310692778,-2279.0
404798400.0,21.282,-95.842,4.243,1647.6,6.976854592,-2229.0
404827200.0,21.266,-95.843,4.243,1647.7,6.919747105,-2276.0
404856000.0,21.249,-95.856,4.239,1648.0,7.576707728,-2210.0
404884800.0,21.241,-95.869,4.243,1645.9,4.649440827,-2154.0
404913600.0,21.234,-95.88,4.235,1646.1,4.624078287,-2188.0
404942400.0,21.23,-95.891,4.244,1646.5,3.710013477,-2228.0
404971200.0,21.234,-95.901,4.238,1644.7,4.933933522,-2284.0
405000000.0,21.239,-95.913,4.241,1648.7,3.645888095,-2296.0
405028800.0,21.243,-95.92,4.243,1647.0,3.243269955,-2299.0
405057600.0,21.247,-95.929,4.241,1646.8,3.279405434,-2298.0
405086400.0,21.259,-95.929,4.241,1647.7,5.419344979,-2256.0
405115200.0,21.271,-95.937,4.242,1646.5,4.184925328,-2171.0
405144000.0,21.281,-95.94,4.241,1646.0,5.994163828,-2111.0
405172800.0,21.3,-95.951,4.241,1647.0,8.593253167,-2041.0
405201600.0,21.319,-95.954,4.243,1645.7,7.00285656,-2089.0
405230400.0,21.336,-95.953,4.242,1645.4,5.843372314,-2180.0
405259200.0,21.348,-95.95,4.244,1646.6,7.482272382,-2232.0
405288000.0,21.366,-95.972,4.241,1646.0,8.97677559,-2261.0
405316800.0,21.39,-95.958,4.241,1646.2,10.21875237,-2400.0
405345600.0,21.403,-95.952,4.25,1645.7,2.41364869,-2372.0
405374400.0,21.409,-95.963,4.247,1645.5,8.317144943,-2409.0
405403200.0,21.433,-95.977,4.246,1646.4,10.31175058,-2183.0
405432000.0,21.451,-95.964,4.246,1646.7,5.984989557,-2122.0
405460800.0,21.45,-95.958,4.252,1646.1,2.146625258,-2158.0
405489600.0,21.461,-95.969,4.249,1646.0,6.340804365,-2141.0
405518400.0,21.472,-95.97,4.245,1648.2,2.51001992,-2177.0
405547200.0,21.472,-95.962,4.255,1645.0,3.165896398,-2189.0
405576000.0,21.476,-95.954,4.25,1644.9,2.929590415,-2217.0
405604800.0,21.468,-95.95,4.248,1645.9,0.57,-2212.0
405633600.0,21.478,-95.955,4.253,1648.0,3.148158192,-2206.0
405662400.0,21.476,-95.95,4.251,1645.4,4.087101663,-2217.0
405691200.0,21.468,-95.944,4.248,1645.7,2.196588264,-2247.0
405720000.0,21.469,-95.947,4.254,1646.5,2.575131065,-2229.0
405748800.0,21.476,-95.943,4.248,1645.3,3.3184635,-2242.0
405777600.0,21.475,-95.934,4.249,1645.7,1.763235662,-2267.0
405806400.0,21.475,-95.934,4.254,1646.9,1.249199744,-2267.0
405835200.0,21.47,-95.932,4.254,1645.9,1.693576098,-2298.0
405864000.0,21.476,-95.926,4.253,1644.6,4.280280365,-2287.0
405892800.0,21.479,-95.919,4.253,1646.2,2.204835595,-2308.0
405921600.0,21.472,-95.919,4.256,1646.2,0.522398315,-2314.0
405950400.0,21.479,-95.916,4.258,1646.7,4.544282122,-2314.0
405979200.0,21.484,-95.91,4.259,1647.1,0.323109888,-2339.0
406008000.0,21.482,-95.915,4.254,1647.4,1.778004499,-2318.0
406036800.0,21.49,-95.912,4.261,1647.4,4.508003993,-2344.0
406065600.0,21.491,-95.902,4.259,1646.9,1.576483428,-2373.0
406094400.0,21.489,-95.905,4.261,1645.7,2.764000724,-2360.0
406123200.0,21.502,-95.891,4.261,1646.7,7.546509127,-2374.0
406152000.0,21.502,-95.882,4.262,1646.8,3.912339454,-2364.0
406180800.0,21.5,-95.9,4.261,1644.5,3.002032645,-2368.0
406209600.0,21.509,-95.892,4.259,1644.9,3.544968265,-2359.0
406238400.0,21.511,-95.895,4.264,1646.0,1.085034562,-2359.0
406267200.0,21.508,-95.892,4.263,1646.7,0.820731381,-2368.0
406296000.0,21.509,-95.897,4.259,1645.2,1.691892432,-2356.0
406324800.0,21.511,-95.888,4.261,1646.1,3.175295262,-2359.0
406353600.0,21.503,-95.889,4.263,1646.9,3.45325933,-2374.0
406382400.0,21.503,-95.897,4.263,1645.6,1.92314846,-2370.0
406411200.0,21.502,-95.897,4.259,1645.3,1.361249426,-2370.0
406440000.0,21.502,-95.891,4.261,1645.8,2.952050135,-2374.0
406468800.0,21.499,-95.884,4.263,1646.1,2.83867927,-2375.0
406497600.0,21.495,-95.885,4.264,1646.1,3.483676219,-2380.0
406526400.0,21.495,-95.891,4.259,1645.3,4.861244697,-2387.0
406555200.0,21.487,-95.866,4.261,1646.8,6.091863426,-2337.0
406584000.0,21.494,-95.869,4.267,1646.6,4.873694697,-2349.0
406612800.0,21.484,-95.88,4.26,1645.5,2.474206944,-2372.0
406641600.0,21.489,-95.878,4.26,1645.6,2.400104164,-2367.0
406670400.0,21.49,-95.879,4.264,1646.3,2.551234995,-2367.0
406699200.0,21.482,-95.872,4.264,1647.0,3.964404117,-2355.0
406728000.0,21.475,-95.883,4.263,1645.0,3.287217668,-2357.0
406756800.0,21.484,-95.882,4.258,1645.4,3.793164905,-2372.0
406785600.0,21.479,-95.873,4.262,1645.4,5.467083317,-2349.0
406814400.0,21.465,-95.878,4.266,1644.0,7.663863256,-2332.0
406843200.0,21.467,-95.897,4.257,1645.1,1.909057359,-2337.0
406872000.0,21.466,-95.879,4.26,1645.0,4.182738338,-2332.0
406900800.0,21.455,-95.891,4.27,1644.4,6.388239194,-2344.0
406929600.0,21.454,-95.9,4.261,1643.8,3.181351914,-2385.0
406958400.0,21.454,-95.905,4.254,1644.7,3.082547648,-2396.0
406987200.0,21.445,-95.894,4.263,1645.7,5.999208281,-2368.0
407016000.0,21.431,-95.917,4.261,1645.5,8.350431127,-2282.0
407044800.0,21.434,-95.925,4.261,1643.1,2.546075411,-2284.0
407073600.0,21.436,-95.923,4.253,1644.6,2.409190735,-2295.0
407102400.0,21.429,-95.935,4.264,1644.3,5.351121378,-2234.0
407131200.0,21.427,-95.944,4.261,1643.5,1.894755921,-2243.0
407160000.0,21.423,-95.943,4.258,1644.7,3.727264412,-2247.0
407188800.0,21.421,-95.935,4.262,1643.9,1.376117728,-2220.0
407217600.0,21.426,-95.942,4.256,1644.9,1.403566885,-2243.0
407246400.0,21.423,-95.938,4.259,1645.1,6.672810502,-2233.0
407275200.0,21.417,-95.967,4.266,1644.9,3.895754099,-2317.0
407304000.0,21.422,-95.956,4.256,1644.1,1.938375609,-2285.0
407332800.0,21.416,-95.967,4.253,1644.1,3.948721312,-2357.0
407361600.0,21.416,-95.971,4.265,1646.1,3.316941362,-2335.0
407390400.0,21.405,-95.98,4.261,1644.1,1.788994131,-2289.0
407419200.0,21.411,-95.976,4.261,1642.2,4.248411468,-2326.0
407448000.0,21.414,-95.989,4.259,1644.4,4.031203294,-2231.0
407476800.0,21.4,-95.985,4.266,1644.5,3.132299475,-2212.0
407505600.0,21.4,-95.994,4.264,1645.3,3.23396042,-2088.0
407534400.0,21.397,-95.996,4.255,1643.4,1.074150827,-2068.0
407563200.0,21.398,-95.996,4.255,1644.1,2.064969733,-2068.0
407592000.0,21.393,-96.006,4.263,1645.3,3.394495544,-2041.0
407620800.0,21.389,-96.008,4.259,1644.7,3.388952641,-2022.0
407649600.0,21.38,-96.006,4.249,1643.2,2.935319403,-2047.0
407678400.0,21.383,-96.02,4.256,1644.0,5.872307894,-2133.0
407707200.0,21.388,-96.023,4.259,1645.0,4.130907891,-2188.0
407736000.0,21.382,-96.01,4.254,1642.6,3.61300429,-2070.0
407764800.0,21.378,-96.029,4.259,1644.0,8.115417426,-2177.0
407793600.0,21.394,-96.038,4.258,1642.6,5.426693284,-2230.0
407822400.0,21.4,-96.031,4.258,1643.7,3.306508733,-2246.0
407851200.0,21.397,-96.026,4.254,1643.7,3.553603805,-2243.0
407880000.0,21.392,-96.04,4.257,1645.1,9.567716551,-2230.0
407908800.0,21.415,-96.058,4.258,1645.0,10.1905937,-2121.0
407937600.0,21.43,-96.032,4.256,1643.4,9.25216191,-2374.0
407966400.0,21.42,-96.03,4.253,1643.8,9.439703385,-2339.0
407995200.0,21.419,-96.059,4.261,1643.6,8.692393226,-2068.0
408024000.0,21.445,-96.054,4.262,1643.8,8.520516416,-2178.0
408052800.0,21.446,-96.043,4.264,1643.6,6.742143576,-2224.0
408081600.0,21.436,-96.036,4.256,1642.1,6.442429666,-2335.0
408110400.0,21.444,-96.067,4.256,1644.2,8.964373932,-2155.0
408139200.0,21.464,-96.055,4.263,1642.7,9.723399611,-2114.0
408168000.0,21.467,-96.039,4.256,1643.6,3.012806001,-2128.0
408196800.0,21.462,-96.044,4.252,1642.2,5.914473772,-2161.0
408225600.0,21.471,-96.06,4.261,1643.2,7.879016436,-2094.0
408254400.0,21.491,-96.052,4.259,1643.3,5.056174443,-2138.0
408283200.0,21.486,-96.049,4.256,1643.1,3.401367372,-2112.0
408312000.0,21.488,-96.058,4.254,1642.5,4.248870438,-2143.0
408340800.0,21.503,-96.052,4.262,1643.5,6.054585039,-2202.0
408369600.0,21.513,-96.057,4.26,1643.0,0.700285656,-2228.0
408398400.0,21.509,-96.057,4.258,1642.9,2.645770209,-2224.0
408427200.0,21.52,-96.068,4.256,1642.5,6.306671071,-2209.0
408456000.0,21.533,-96.056,4.256,1642.5,5.015436172,-2266.0
408484800.0,21.531,-96.053,4.261,1642.9,2.344397577,-2283.0
408513600.0,21.533,-96.062,4.259,1643.8,4.800104166,-2247.0
408542400.0,21.547,-96.065,4.259,1643.3,4.581440821,-2238.0
408571200.0,21.549,-96.059,4.264,1643.0,4.177750591,-2270.0
408600000.0,21.537,-96.06,4.264,1643.8,2.963460815,-2254.0
408628800.0,21.548,-96.07,4.26,1643.0,6.1620938,-2208.0
408657600.0,21.556,-96.065,4.258,1642.1,2.702961339,-2233.0
408686400.0,21.545,-96.069,4.256,1642.8,6.304363568,-2207.0
408715200.0,21.55,-96.086,4.257,1642.8,4.979256973,-2149.0
408744000.0,21.56,-96.078,4.254,1642.1,3.411231449,-2158.0
408772800.0,21.555,-96.078,4.252,1642.3,3.248538133,-2162.0
408801600.0,21.553,-96.084,4.252,1642.2,1.672752223,-2154.0
408830400.0,21.561,-96.083,4.253,1641.0,4.00244925,-2155.0
408859200.0,21.569,-96.083,4.251,1641.7,1.192811804,-2161.0
408888000.0,21.565,-96.079,4.25,1642.4,1.696643746,-2161.0
408916800.0,21.565,-96.084,4.249,1639.9,2.953116997,-2157.0
408945600.0,21.573,-96.082,4.254,1642.2,5.71986888,-2167.0
408974400.0,21.575,-96.066,4.251,1641.3,0.445982062,-2239.0
409003200.0,21.574,-96.077,4.253,1641.6,0.594810894,-2171.0
409032000.0,21.577,-96.066,4.253,1642.2,2.884024965,-2249.0
409060800.0,21.577,-96.07,4.253,1642.6,2.82150669,-2219.0
409089600.0,21.576,-96.072,4.256,1641.3,1.533949152,-2194.0
409118400.0,21.578,-96.062,4.255,1641.0,5.913543777,-2278.0
409147200.0,21.573,-96.05,4.255,1640.8,1.732166274,-2322.0
409176000.0,21.574,-96.066,4.255,1642.2,6.717514421,-2239.0
409204800.0,21.575,-96.076,4.255,1641.8,1.643471935,-2171.0
409233600.0,21.571,-96.077,4.251,1641.1,0.603738354,-2171.0
409262400.0,21.575,-96.077,4.253,1641.6,1.829890707,-2171.0
409291200.0,21.568,-96.07,4.257,1641.1,1.799138683,-2201.0
409320000.0,21.571,-96.069,4.255,1640.9,1.390863041,-2207.0
409348800.0,21.571,-96.065,4.252,1642.1,0.500899191,-2239.0
409377600.0,21.573,-96.064,4.256,1642.4,2.617250466,-2239.0
409406400.0,21.572,-96.054,4.256,1642.0,1.66436174,-2322.0
409435200.0,21.572,-96.058,4.252,1641.5,2.31043286,-2298.0
409464000.0,21.578,-96.057,4.26,1642.6,3.378431589,-2302.0
409492800.0,21.58,-96.052,4.259,1642.1,2.596767221,-2326.0
409521600.0,21.571,-96.056,4.257,1641.6,2.491104173,-2298.0
409550400.0,21.575,-96.055,4.259,1642.4,4.926662156,-2298.0
409579200.0,21.577,-96.037,4.261,1642.2,5.203124062,-2344.0
409608000.0,21.572,-96.037,4.254,1641.7,5.15993217,-2360.0
409636800.0,21.575,-96.054,4.259,1641.4,3.520866371,-2322.0
409665600.0,21.577,-96.046,4.257,1642.4,8.69740766,-2339.0
409694400.0,21.579,-96.026,4.259,1642.0,0.978621479,-2312.0
409723200.0,21.579,-96.043,4.259,1641.4,3.880631392,-2350.0
409752000.0,21.579,-96.035,4.261,1642.3,5.554421662,-2344.0
409780800.0,21.59,-96.026,4.264,1642.5,3.225678223,-2307.0
409809600.0,21.588,-96.022,4.262,1640.9,3.242298567,-2303.0
409838400.0,21.583,-96.016,4.266,1643.4,2.033027299,-2302.0
409867200.0,21.591,-96.01,4.264,1641.7,4.990561091,-2319.0
409896000.0,21.595,-96.002,4.26,1641.4,1.274754878,-2361.0
409924800.0,21.589,-96.009,4.268,1643.0,3.012407675,-2319.0
409953600.0,21.592,-96.013,4.266,1640.9,0.553624421,-2312.0
409982400.0,21.589,-96.01,4.261,1641.7,2.972709202,-2319.0
410011200.0,21.588,-96.001,4.269,1642.8,2.461747347,-2361.0
410040000.0,21.579,-96.001,4.266,1640.6,4.200297609,-2316.0
410068800.0,21.57,-95.997,4.263,1641.1,3.444706083,-2303.0
410097600.0,21.567,-95.984,4.258,1641.0,6.656493071,-2336.0
410126400.0,21.557,-95.966,4.269,1642.7,7.306161783,-2421.0
410155200.0,21.54,-95.964,4.261,1640.0,5.287163701,-2423.0
410184000.0,21.534,-95.967,4.263,1643.5,1.214331092,-2405.0
410212800.0,21.537,-95.963,4.265,1641.3,6.05309838,-2419.0
410241600.0,21.525,-95.94,4.265,1640.1,10.20331809,-2288.0
410270400.0,21.506,-95.942,4.261,1642.0,7.43097571,-2259.0
410299200.0,21.513,-95.956,4.261,1641.7,5.850239311,-2294.0
410328000.0,21.503,-95.919,4.266,1642.2,11.11825976,-2315.0
410356800.0,21.487,-95.923,4.255,1639.7,7.252089354,-2298.0
410385600.0,21.48,-95.932,4.266,1642.6,2.156687275,-2275.0
410414400.0,21.474,-95.923,4.264,1642.0,4.390455557,-2307.0
410443200.0,21.467,-95.915,4.258,1640.6,4.143428532,-2328.0
410472000.0,21.457,-95.91,4.268,1642.9,5.190038536,-2387.0
410500800.0,21.445,-95.911,4.262,1641.6,2.518114374,-2368.0
410529600.0,21.445,-95.905,4.264,1640.4,0.879829529,-2375.0
410558400.0,21.438,-95.912,4.261,1641.0,4.020957597,-2350.0
410587200.0,21.427,-95.903,4.271,1642.2,3.970415595,-2340.0
410616000.0,21.418,-95.913,4.262,1641.6,5.340009363,-2237.0
410644800.0,21.41,-95.916,4.262,1640.5,1.915411183,-2213.0
410673600.0,21.404,-95.913,4.258,1640.8,5.35994403,-2211.0
410702400.0,21.385,-95.915,4.262,1640.7,6.656485559,-2228.0
410731200.0,21.378,-95.925,4.261,1639.4,2.09153054,-2223.0
410760000.0,21.375,-95.924,4.259,1641.4,1.793599732,-2220.0
410788800.0,21.369,-95.927,4.257,1641.7,5.136389783,-2221.0
410817600.0,21.357,-95.932,4.264,1641.3,5.495834786,-2204.0
410846400.0,21.35,-95.915,4.261,1641.0,4.751778614,-2206.0
410875200.0,21.34,-95.941,4.254,1640.4,9.324816352,-2174.0
410904000.0,21.353,-95.947,4.257,1639.9,4.018121452,-2235.0
410932800.0,21.339,-95.933,4.26,1641.0,5.619688603,-2162.0
410961600.0,21.335,-95.942,4.256,1639.8,5.943769847,-2166.0
410990400.0,21.334,-95.953,4.255,1640.5,2.768049855,-2180.0
411019200.0,21.344,-95.941,4.256,1640.1,4.233414697,-2187.0
411048000.0,21.338,-95.938,4.258,1638.8,2.510478042,-2174.0
411076800.0,21.335,-95.942,4.252,1640.1,3.819384767,-2166.0
411105600.0,21.333,-95.954,4.256,1641.0,5.657596663,-2160.0
411134400.0,21.353,-95.952,4.253,1639.6,9.690330232,-2247.0
411163200.0,21.352,-95.928,4.257,1640.0,5.300283011,-2189.0
411192000.0,21.336,-95.951,4.248,1637.7,8.972318541,-2180.0
411220800.0,21.34,-95.959,4.248,1640.0,7.508128928,-2209.0
411249600.0,21.362,-95.965,4.259,1640.4,4.470357928,-2283.0
411278400.0,21.359,-95.961,4.256,1639.7,4.232363406,-2291.0
411307200.0,21.355,-95.96,4.25,1639.0,5.238024437,-2276.0
411336000.0,21.363,-95.981,4.256,1643.0,6.615746368,-2198.0
411364800.0,21.376,-95.976,4.256,1639.2,5.090324155,-2276.0
411393600.0,21.378,-95.971,4.256,1638.7,1.010049504,-2317.0
411422400.0,21.376,-95.972,4.25,1639.8,0.818352003,-2317.0
411451200.0,21.381,-95.97,4.256,1641.0,2.750709,-2369.0
411480000.0,21.388,-95.977,4.25,1640.5,4.93811705,-2337.0
411508800.0,21.399,-95.967,4.256,1639.2,0.421900462,-2433.0
411537600.0,21.39,-95.98,4.256,1640.6,4.570175051,-2264.0
411566400.0,21.391,-95.976,4.252,1639.7,5.12445119,-2337.0
411595200.0,21.409,-95.976,4.256,1640.7,6.418488919,-2326.0
411624000.0,21.414,-95.97,4.255,1639.4,5.106897297,-2357.0
411652800.0,21.398,-95.967,4.261,1639.7,5.670996385,-2433.0
411681600.0,21.401,-95.989,4.253,1640.1,9.182298187,-2172.0
411710400.0,21.416,-95.997,4.254,1640.3,2.648867683,-2215.0
411739200.0,21.41,-95.989,4.256,1639.9,5.751043384,-2218.0
411768000.0,21.397,-95.993,4.254,1639.3,6.78028023,-2088.0
411796800.0,21.403,-96.014,4.249,1639.8,7.586092538,-2171.0
411825600.0,21.422,-96.011,4.253,1639.6,3.843461981,-2318.0
411854400.0,21.416,-96.013,4.252,1638.8,6.044046658,-2275.0
411883200.0,21.405,-96.021,4.25,1637.7,3.439956395,-2256.0
411912000.0,21.417,-96.034,4.253,1639.2,9.972106097,-2308.0
411940800.0,21.435,-96.044,4.253,1639.8,5.374476719,-2253.0
411969600.0,21.434,-96.024,4.248,1640.0,2.466171121,-2400.0
411998400.0,21.432,-96.042,4.254,1639.6,6.947524739,-2252.0
412027200.0,21.444,-96.046,4.26,1640.5,5.39573906,-2206.0
412056000.0,21.457,-96.045,4.25,1639.5,5.487667993,-2184.0
412084800.0,21.47,-96.046,4.256,1640.0,2.239486548,-2109.0
412113600.0,21.471,-96.047,4.261,1639.2,2.739142201,-2097.0
412142400.0,21.482,-96.04,4.256,1639.0,4.565840558,-2101.0
412171200.0,21.494,-96.049,4.255,1642.0,7.085435766,-2164.0
412200000.0,21.511,-96.048,4.254,1639.8,4.122487113,-2206.0
412228800.0,21.508,-96.039,4.259,1640.2,2.511772283,-2227.0
412257600.0,21.508,-96.043,4.261,1640.0,3.431807104,-2213.0
412286400.0,21.515,-96.05,4.261,1639.4,4.070110564,-2219.0
412315200.0,21.526,-96.042,4.258,1639.3,7.396384252,-2272.0
412344000.0,21.528,-96.026,4.265,1640.3,1.228006515,-2276.0
412372800.0,21.525,-96.041,4.261,1640.0,5.136088005,-2215.0
412401600.0,21.536,-96.041,4.259,1641.0,5.514943336,-2393.0
412430400.0,21.541,-96.03,4.258,1641.1,2.754813968,-2475.0
412459200.0,21.534,-96.031,4.261,1641.4,3.372669566,-2452.0
412488000.0,21.536,-96.04,4.267,1640.3,3.432098483,-2393.0
412516800.0,21.543,-96.039,4.262,1639.6,3.312536792,-2421.0
412545600.0,21.543,-96.03,4.261,1640.5,2.030221663,-2476.0
412574400.0,21.542,-96.03,4.266,1640.9,1.389244399,-2476.0
412603200.0,21.539,-96.032,4.268,1641.0,1.542076522,-2475.0
412632000.0,21.543,-96.035,4.263,1639.5,2.441311123,-2451.0
412660800.0,21.546,-96.025,4.268,1641.4,5.856833616,-2462.0
412689600.0,21.54,-96.013,4.272,1641.1,3.931831634,-2297.0
412718400.0,21.534,-96.024,4.268,1640.6,5.496216881,-2419.0
412747200.0,21.544,-96.026,4.265,1640.6,5.827177705,-2482.0
412776000.0,21.536,-96.003,4.27,1640.1,5.244616287,-2190.0
412804800.0,21.534,-96.006,4.271,1640.5,2.619465594,-2153.0
412833600.0,21.53,-96.008,4.265,1639.8,0.939627586,-2201.0
412862400.0,21.531,-96.008,4.266,1640.0,2.282389099,-2201.0
412891200.0,21.53,-96.0,4.268,1639.5,2.142381852,-2218.0
412920000.0,21.523,-96.005,4.264,1639.4,2.041984329,-2312.0
412948800.0,21.52,-96.0,4.261,1641.1,1.554670383,-2342.0
412977600.0,21.515,-96.011,4.274,1640.9,3.912569488,-2394.0
413006400.0,21.517,-96.01,4.264,1640.3,5.295677483,-2348.0
413035200.0,21.518,-95.995,4.267,1639.9,1.25399362,-2262.0
413064000.0,21.512,-96.011,4.277,1641.0,4.832163077,-2413.0
413092800.0,21.512,-96.011,4.266,1641.2,1.870320828,-2413.0
413121600.0,21.512,-96.011,4.268,1640.8,2.330021459,-2413.0
413150400.0,21.511,-96.017,4.271,1640.2,1.724180965,-2307.0
413179200.0,21.517,-96.006,4.261,1639.3,6.30578306,-2371.0
413208000.0,21.509,-95.995,4.27,1641.8,3.184038316,-2272.0
413236800.0,21.512,-96.008,4.273,1641.5,4.845998349,-2436.0
413265600.0,21.526,-95.998,4.264,1640.8,4.30202278,-2264.0
413294400.0,21.523,-95.999,4.267,1641.6,4.343696582,-2281.0
413323200.0,21.514,-96.0,4.266,1639.0,3.219254572,-2380.0
413352000.0,21.528,-96.011,4.271,1639.8,6.69319057,-2263.0
413380800.0,21.538,-95.994,4.271,1640.7,11.3070111,-2265.0
413409600.0,21.528,-95.973,4.269,1634.2,6.068978497,-2349.0
413438400.0,21.525,-96.003,4.273,1635.0,6.912785256,-2300.0
413467200.0,21.543,-95.991,4.277,1636.5,7.446032501,-2272.0
413496000.0,21.539,-95.984,4.265,1636.6,6.173815676,-2309.0
413524800.0,21.526,-95.983,4.279,1634.3,5.5663453,-2313.0
413553600.0,21.536,-96.003,4.271,1636.3,5.064266976,-2190.0
413582400.0,21.542,-95.984,4.275,1636.6,7.535847663,-2298.0
413611200.0,21.535,-95.978,4.268,1635.4,3.326334319,-2361.0
413640000.0,21.53,-95.983,4.277,1635.9,1.88827964,-2328.0
413668800.0,21.529,-95.988,4.277,1635.5,3.728391074,-2284.0
413697600.0,21.529,-95.994,4.269,1635.4,4.710881022,-2273.0
413726400.0,21.53,-95.971,4.277,1635.4,3.251353564,-2372.0
413755200.0,21.529,-95.979,4.27,1634.8,3.726996109,-2331.0
413784000.0,21.518,-95.975,4.282,1636.3,1.832157198,-2287.0
413812800.0,21.524,-95.986,4.271,1634.6,2.537183478,-2281.0
413841600.0,21.522,-95.97,4.271,1636.2,6.471135913,-2336.0
413870400.0,21.505,-95.967,4.271,1635.6,6.894903915,-2254.0
413899200.0,21.493,-95.967,4.262,1635.0,3.065566832,-2223.0
413928000.0,21.494,-95.974,4.28,1636.4,2.46,-2223.0
413956800.0,21.486,-95.954,4.264,1634.4,8.825944709,-2225.0
413985600.0,21.468,-95.951,4.274,1634.6,7.651640347,-2212.0
414014400.0,21.459,-95.964,4.277,1636.4,0.693541635,-2150.0
414043200.0,21.46,-95.952,4.266,1632.0,4.922204791,-2206.0
414072000.0,21.45,-95.946,4.268,1635.1,6.059843232,-2221.0
414100800.0,21.434,-95.946,4.276,1635.2,4.595573958,-2224.0
414129600.0,21.431,-95.949,4.269,1632.9,2.675256997,-2234.0
414158400.0,21.438,-95.944,4.265,1630.8,5.462600113,-2241.0
414187200.0,21.418,-95.927,4.257,1632.6,13.60494395,-2180.0
414216000.0,21.388,-95.933,4.267,1634.0,7.371634825,-2224.0
414244800.0,21.396,-95.945,4.279,1631.6,4.196617686,-2302.0
414273600.0,21.393,-95.924,4.268,1628.6,8.115423587,-2192.0
414302400.0,21.375,-95.921,4.247,1631.9,8.6734134,-2220.0
414331200.0,21.355,-95.924,4.259,1631.6,4.763202704,-2200.0
414360000.0,21.354,-95.928,4.27,1634.0,1.973423421,-2189.0
414388800.0,21.356,-95.922,4.252,1632.6,2.473863375,-2200.0
414417600.0,21.345,-95.921,4.247,1632.5,4.412754242,-2175.0
414446400.0,21.338,-95.923,4.263,1633.3,6.453836069,-2166.0
414475200.0,21.336,-95.943,4.264,1632.8,1.540129865,-2166.0
414504000.0,21.339,-95.927,4.251,1632.5,3.104593371,-2161.0
414532800.0,21.329,-95.936,4.256,1633.0,2.597883754,-2118.0
414561600.0,21.333,-95.929,4.261,1633.3,3.429650128,-2135.0
414590400.0,21.333,-95.938,4.26,1632.9,12.22376783,-2144.0
414619200.0,21.337,-95.981,4.253,1633.1,9.28630174,-2146.0
414648000.0,21.338,-95.983,4.255,1633.0,2.57200311,-2154.0
414676800.0,21.347,-95.984,4.259,1634.1,2.104899047,-2146.0
414705600.0,21.345,-95.983,4.256,1633.2,2.600192301,-2162.0
414734400.0,21.341,-95.99,4.252,1633.1,1.423024947,-2123.0
414763200.0,21.347,-95.986,4.254,1633.1,4.469955257,-2146.0
414792000.0,21.351,-95.978,4.252,1633.0,0.885268321,-2202.0
414820800.0,21.345,-95.984,4.258,1635.1,2.022523177,-2142.0
414849600.0,21.345,-95.984,4.251,1632.7,0.260768096,-2142.0
414878400.0,21.345,-95.986,4.25,1630.6,1.225765067,-2142.0
414907200.0,21.348,-95.986,4.249,1631.8,0.689637586,-2146.0
414936000.0,21.341,-95.986,4.253,1632.2,4.926672305,-2138.0
414964800.0,21.33,-95.992,4.253,1631.9,3.075093495,-2114.0
414993600.0,21.334,-95.998,4.25,1632.1,2.222723555,-2109.0
415022400.0,21.337,-95.995,4.25,1630.7,3.55123922,-2113.0
415051200.0,21.335,-95.984,4.253,1633.7,5.085951238,-2134.0
415080000.0,21.317,-95.987,4.25,1630.0,6.745850576,-2124.0
415108800.0,21.314,-95.999,4.252,1632.2,4.67403466,-2130.0
415137600.0,21.324,-96.001,4.249,1630.7,4.133206987,-2117.0
415166400.0,21.32,-95.988,4.25,1631.0,5.274030717,-2124.0
415195200.0,21.306,-95.994,4.256,1629.9,5.685806891,-2148.0
415224000.0,21.303,-96.003,4.249,1631.0,1.990904317,-2171.0
415252800.0,21.303,-96.004,4.249,1630.9,1.42442971,-2171.0
415281600.0,21.302,-95.998,4.248,1631.2,3.561418257,-2170.0
415310400.0,21.289,-95.996,4.248,1632.0,5.646954932,-2234.0
415339200.0,21.281,-96.003,4.249,1631.0,3.478045428,-2252.0
415368000.0,21.289,-96.01,4.247,1629.9,2.900620623,-2207.0
415396800.0,21.287,-96.008,4.247,1630.6,4.940161941,-2251.0
415425600.0,21.27,-96.005,4.247,1630.3,5.730078533,-2208.0
415454400.0,21.262,-96.007,4.247,1630.7,1.7328012,-2175.0
415483200.0,21.26,-96.008,4.245,1631.6,0.504777179,-2175.0
415512000.0,21.259,-96.007,4.249,1631.5,2.613235542,-2175.0
415540800.0,21.248,-96.009,4.249,1630.9,3.9003205,-2126.0
415569600.0,21.244,-96.011,4.247,1630.2,0.139283883,-2113.0
415598400.0,21.244,-96.009,4.244,1629.7,1.068924693,-2113.0
415627200.0,21.24,-96.01,4.25,1631.2,3.623272002,-2101.0
415656000.0,21.233,-96.016,4.239,1630.1,1.114629983,-2089.0
415684800.0,21.235,-96.011,4.243,1630.4,1.033537614,-2090.0
415713600.0,21.234,-96.018,4.247,1630.7,1.630030675,-2108.0
415742400.0,21.228,-96.012,4.246,1629.9,2.260729971,-2070.0
415771200.0,21.227,-96.023,4.243,1629.2,4.630010799,-2105.0
415800000.0,21.234,-96.029,4.241,1630.0,2.191072797,-2135.0
415828800.0,21.232,-96.03,4.245,1630.4,3.153363284,-2158.0
415857600.0,21.227,-96.026,4.244,1628.4,1.770536642,-2123.0
415886400.0,21.238,-96.027,4.243,1632.4,3.748933182,-2142.0
415915200.0,21.238,-96.019,4.247,1631.8,4.465086785,-2116.0
415944000.0,21.227,-96.018,4.247,1630.5,3.91138083,-2091.0
415972800.0,21.23,-96.028,4.246,1629.3,5.635858408,-2131.0
416001600.0,21.247,-96.024,4.25,1630.9,5.928861611,-2136.0
416030400.0,21.248,-96.014,4.25,1630.8,2.093442142,-2129.0
416059200.0,21.246,-96.02,4.247,1630.4,5.468528138,-2131.0
416088000.0,21.256,-96.034,4.245,1630.3,7.752709204,-2194.0
416116800.0,21.275,-96.026,4.252,1631.9,6.417865689,-2137.0
416145600.0,21.271,-96.015,4.249,1629.4,1.78,-2189.0
416174400.0,21.276,-96.03,4.246,1630.7,8.286000241,-2093.0
416203200.0,21.292,-96.04,4.249,1630.8,5.506813961,-2023.0
416232000.0,21.302,-96.031,4.252,1630.6,4.76488195,-2080.0
416260800.0,21.308,-96.026,4.248,1630.4,2.532982432,-2094.0
416289600.0,21.316,-96.031,4.246,1631.3,4.088826237,-2113.0
416318400.0,21.329,-96.029,4.25,1629.9,6.483903145,-2122.0
416347200.0,21.342,-96.023,4.252,1630.2,3.291094043,-2126.0
416376000.0,21.341,-96.018,4.251,1630.6,1.680773631,-2118.0
416404800.0,21.356,-96.025,4.251,1631.6,9.302311541,-2145.0
416433600.0,21.376,-96.029,4.253,1629.4,5.190857347,-2177.0
416462400.0,21.377,-96.017,4.253,1631.0,2.833866616,-2129.0
416491200.0,21.375,-96.025,4.255,1631.7,5.614454559,-2167.0
416520000.0,21.396,-96.026,4.255,1632.0,7.710616058,-2243.0
416548800.0,21.402,-96.015,4.256,1631.1,2.421611034,-2171.0
416577600.0,21.403,-96.021,4.256,1629.8,7.305429488,-2234.0
416606400.0,21.417,-96.035,4.254,1630.8,6.092946742,-2308.0
416635200.0,21.425,-96.01,4.258,1630.9,6.86470684,-2318.0
416664000.0,21.425,-96.013,4.256,1631.1,6.352991421,-2337.0
416692800.0,21.431,-96.028,4.255,1630.8,7.659432094,-2398.0
416721600.0,21.455,-96.014,4.265,1632.2,8.395981181,-2313.0
416750400.0,21.449,-96.001,4.259,1629.9,5.752955762,-2319.0
416779200.0,21.442,-96.006,4.251,1631.1,3.595622338,-2362.0
416808000.0,21.46,-96.009,4.261,1631.7,7.493230278,-2297.0
416836800.0,21.471,-96.0,4.256,1630.4,7.464455774,-2266.0
416865600.0,21.466,-95.982,4.261,1632.1,4.470011186,-2178.0
416894400.0,21.46,-96.001,4.258,1630.0,7.585545465,-2279.0
416923200.0,21.483,-95.997,4.262,1631.6,9.586792999,-2266.0
416952000.0,21.477,-95.972,4.262,1631.4,7.777049569,-2188.0
416980800.0,21.466,-95.975,4.259,1628.1,5.449449513,-2164.0
417009600.0,21.476,-95.986,4.263,1631.9,6.568896407,-2216.0
417038400.0,21.487,-95.972,4.264,1631.9,5.685068161,-2206.0
417067200.0,21.47,-95.964,4.261,1630.0,7.317185251,-2171.0
417096000.0,21.464,-95.965,4.259,1631.9,4.189713594,-2161.0
417124800.0,21.479,-95.968,4.268,1632.3,4.902499363,-2187.0
417153600.0,21.476,-95.954,4.268,1632.1,4.665661797,-2217.0
417182400.0,21.466,-95.963,4.256,1629.8,1.47122398,-2161.0
417211200.0,21.468,-95.954,4.266,1632.9,3.360729088,-2212.0
417240000.0,21.462,-95.953,4.268,1631.0,4.101121798,-2206.0
417268800.0,21.454,-95.957,4.256,1629.4,1.114629983,-2165.0
417297600.0,21.453,-95.955,4.259,1632.1,1.91,-2165.0
417326400.0,21.443,-95.955,4.265,1631.6,4.546042235,-2156.0
417355200.0,21.432,-95.952,4.26,1629.2,6.714826878,-2225.0
417384000.0,21.417,-95.968,4.258,1630.5,4.222037423,-2317.0
417412800.0,21.42,-95.964,4.258,1629.6,4.378333016,-2331.0
417441600.0,21.406,-95.954,4.258,1631.1,9.271596411,-2363.0
417470400.0,21.382,-95.96,4.264,1631.1,7.211664163,-2384.0
417499200.0,21.378,-95.968,4.259,1630.1,1.966646893,-2343.0
417528000.0,21.379,-95.967,4.256,1630.1,4.149469846,-2343.0
417556800.0,21.359,-95.968,4.257,1631.0,8.231464025,-2269.0
417585600.0,21.344,-95.973,4.259,1629.9,3.356575636,-2200.0
417614400.0,21.338,-95.973,4.255,1629.1,3.539223079,-2185.0
417643200.0,21.33,-95.985,4.25,1630.3,3.977750621,-2130.0
417672000.0,21.319,-95.979,4.256,1628.6,5.377917813,-2120.0
417700800.0,21.307,-95.977,4.251,1629.2,4.278329113,-2122.0
417729600.0,21.298,-95.975,4.247,1630.4,2.782103521,-2154.0
417758400.0,21.293,-95.982,4.252,1630.0,2.594532713,-2187.0
417787200.0,21.285,-95.981,4.254,1629.6,5.573544653,-2225.0
417816000.0,21.269,-95.977,4.247,1630.2,4.393563474,-2212.0
417844800.0,21.266,-95.973,4.248,1629.2,0.892748565,-2207.0
417873600.0,21.259,-95.978,4.25,1629.3,4.897764796,-2180.0
417902400.0,21.244,-95.976,4.249,1629.6,5.624277731,-2113.0
417931200.0,21.234,-95.976,4.248,1630.5,1.562849961,-2083.0
417960000.0,21.232,-95.971,4.246,1628.5,3.186989175,-2093.0
417988800.0,21.219,-95.965,4.247,1627.8,7.031543216,-2107.0
418017600.0,21.206,-95.955,4.251,1627.3,3.31834296,-2075.0
418046400.0,21.201,-95.962,4.243,1627.5,3.268409399,-2046.0
418075200.0,21.193,-95.964,4.246,1628.6,5.455135195,-2006.0
418104000.0,21.177,-95.957,4.252,1629.3,5.277281497,-2006.0
418132800.0,21.168,-95.959,4.238,1627.8,2.505114768,-2008.0
418161600.0,21.162,-95.959,4.244,1630.1,3.666619697,-2054.0
418190400.0,21.149,-95.955,4.25,1627.1,14.37356254,-2165.0
418219200.0,21.129,-95.905,4.241,1628.2,11.76496494,-1989.0
418248000.0,21.119,-95.902,4.24,1629.5,5.805695479,-2050.0
418276800.0,21.105,-95.882,4.241,1627.0,4.428780871,-2187.0
418305600.0,21.097,-95.904,4.241,1628.7,4.687003307,-2143.0
418334400.0,21.082,-95.887,4.238,1628.4,5.588148173,-2187.0
418363200.0,21.072,-95.9,4.241,1627.0,4.746756788,-2160.0
418392000.0,21.059,-95.891,4.242,1627.6,6.857441214,-2173.0
418420800.0,21.043,-95.891,4.241,1627.2,7.651908259,-2192.0
418449600.0,21.029,-95.903,4.235,1626.8,2.903411786,-2211.0
418478400.0,21.03,-95.903,4.239,1629.8,3.172459614,-2211.0
418507200.0,21.012,-95.899,4.239,1627.9,8.177071603,-2096.0
418536000.0,20.996,-95.903,4.238,1626.5,4.306100324,-1942.0
418564800.0,20.989,-95.903,4.235,1627.8,2.432323992,-1863.0
418593600.0,20.98,-95.903,4.235,1627.8,7.686332025,-1840.0
418622400.0,20.965,-95.888,4.237,1627.8,5.021434058,-1977.0
418651200.0,20.963,-95.917,4.235,1627.1,6.708710755,-1843.0
418680000.0,20.956,-95.911,4.241,1628.8,6.880181684,-1881.0
418708800.0,20.942,-95.907,4.234,1627.3,4.050888791,-1940.0
418737600.0,20.935,-95.911,4.236,1628.7,3.224934108,-1953.0
418766400.0,20.925,-95.905,4.239,1627.4,3.941180026,-1982.0
418795200.0,20.92,-95.902,4.235,1627.6,1.502065245,-1997.0
418824000.0,20.918,-95.898,4.235,1627.8,3.671471095,-2011.0
418852800.0,20.903,-95.904,4.24,1627.4,5.648406855,-2001.0
418881600.0,20.897,-95.907,4.234,1627.3,1.471461858,-1988.0
418910400.0,20.899,-95.907,4.234,1628.0,4.686875292,-1988.0
418939200.0,20.885,-95.892,4.241,1627.8,6.889412167,-2040.0
418968000.0,20.871,-95.902,4.235,1628.1,3.163700365,-1972.0
418996800.0,20.867,-95.894,4.233,1625.5,2.372614592,-2053.0
419025600.0,20.86,-95.901,4.235,1627.1,5.713492802,-1925.0
419054400.0,20.848,-95.907,4.232,1627.8,3.959040288,-1805.0
419083200.0,20.839,-95.899,4.233,1626.1,4.441846463,-1941.0
419112000.0,20.826,-95.904,4.231,1626.6,6.953481143,-1870.0
419140800.0,20.819,-95.92,4.228,1626.4,4.989027961,-1864.0
419169600.0,20.824,-95.929,4.231,1626.1,1.949974359,-1868.0
419198400.0,20.818,-95.933,4.232,1626.3,3.94848072,-1877.0
419227200.0,20.809,-95.938,4.227,1628.9,4.023443799,-1896.0
419256000.0,20.806,-95.945,4.232,1627.9,1.760255663,-1908.0
419284800.0,20.813,-95.943,4.229,1624.6,2.14848784,-1899.0
419313600.0,20.808,-95.936,4.228,1625.5,4.952655853,-1893.0
419342400.0,20.8,-95.928,4.228,1626.5,1.684280262,-1880.0
419371200.0,20.802,-95.941,4.227,1626.0,9.788973388,-1906.0
419400000.0,20.811,-95.964,4.229,1625.7,4.660922655,-1917.0
419428800.0,20.819,-95.946,4.228,1626.2,7.513940378,-1908.0
419457600.0,20.809,-95.943,4.23,1629.4,7.097393888,-1903.0
419486400.0,20.815,-95.966,4.232,1627.6,7.06408522,-1917.0
419515200.0,20.833,-95.954,4.229,1625.3,6.169246307,-1958.0
419544000.0,20.833,-95.953,4.229,1626.8,2.672264957,-1958.0
419572800.0,20.834,-95.958,4.227,1625.9,2.996030707,-1995.0
419601600.0,20.844,-95.954,4.232,1626.0,2.914944253,-2019.0
419630400.0,20.849,-95.958,4.229,1626.1,2.970605999,-2060.0
419659200.0,20.859,-95.959,4.231,1626.9,4.880829847,-2081.0
419688000.0,20.869,-95.951,4.23,1624.9,5.425946922,-2045.0
419716800.0,20.872,-95.939,4.229,1625.9,1.190042016,-1997.0
419745600.0,20.874,-95.943,4.23,1626.5,3.800447342,-2014.0
419774400.0,20.889,-95.94,4.232,1627.3,8.94691567,-2004.0
419803200.0,20.903,-95.923,4.229,1627.1,2.383715587,-1976.0
419832000.0,20.899,-95.933,4.228,1627.3,6.301785461,-1985.0
419860800.0,20.908,-95.942,4.23,1626.2,5.829751281,-2021.0
419889600.0,20.917,-95.919,4.226,1625.1,9.362590454,-1971.0
419918400.0,20.911,-95.906,4.232,1627.7,4.651763107,-1990.0
419947200.0,20.905,-95.918,4.232,1626.7,3.450710072,-1976.0
419976000.0,20.919,-95.914,4.234,1626.6,4.381791871,-1973.0
420004800.0,20.916,-95.909,4.235,1626.7,2.816025568,-1981.0
420033600.0,20.911,-95.911,4.232,1624.9,1.406164997,-1983.0
420062400.0,20.911,-95.915,4.233,1627.6,2.014671189,-1978.0
420091200.0,20.914,-95.92,4.233,1626.1,2.062280291,-1974.0
420120000.0,20.917,-95.924,4.235,1628.8,0.976165969,-1972.0
420148800.0,20.917,-95.922,4.235,1627.7,1.729306219,-1972.0
420177600.0,20.914,-95.913,4.237,1627.5,5.448825562,-1976.0
420206400.0,20.903,-95.894,4.234,1626.5,11.57476998,-2031.0
420235200.0,20.888,-95.87,4.243,1629.2,4.397931332,-2183.0
420264000.0,20.884,-95.88,4.241,1626.0,5.335175723,-2123.0
420292800.0,20.879,-95.883,4.239,1625.5,3.342828144,-2142.0
420321600.0,20.883,-95.868,4.237,1624.5,5.399120299,-2205.0
420350400.0,20.871,-95.862,4.241,1626.0,5.810929358,-2251.0
420379200.0,20.86,-95.874,4.245,1624.8,7.668976464,-2241.0
420408000.0,20.858,-95.891,4.238,1623.9,2.012585402,-2120.0
420436800.0,20.849,-95.877,4.243,1625.8,8.67265242,-2217.0
420465600.0,20.839,-95.861,4.242,1624.6,5.342929908,-2232.0
420494400.0,20.827,-95.868,4.243,1624.3,6.551335742,-2135.0
420523200.0,20.827,-95.883,4.238,1624.7,1.836981219,-2034.0
420552000.0,20.823,-95.872,4.243,1626.5,9.544055742,-2075.0
420580800.0,20.805,-95.859,4.243,1624.5,5.96350568,-2140.0
420609600.0,20.803,-95.88,4.239,1625.1,2.983236497,-1970.0
420638400.0,20.801,-95.866,4.243,1625.6,7.602788962,-2094.0
420667200.0,20.791,-95.862,4.243,1624.9,7.142282548,-2103.0
420696000.0,20.784,-95.889,4.241,1624.2,8.428196723,-1948.0
420724800.0,20.78,-95.893,4.239,1623.8,4.327701468,-1942.0
420753600.0,20.78,-95.877,4.243,1624.7,5.100833265,-1997.0
420782400.0,20.76,-95.879,4.243,1625.7,8.45752919,-2002.0
420811200.0,20.748,-95.885,4.237,1623.6,2.210452442,-1985.0
420840000.0,20.744,-95.882,4.245,1624.3,3.260705445,-2000.0
420868800.0,20.731,-95.879,4.244,1624.2,6.007703388,-2030.0
420897600.0,20.716,-95.877,4.242,1624.8,5.92574046,-2057.0
420926400.0,20.702,-95.888,4.241,1623.7,6.891131982,-2015.0
420955200.0,20.69,-95.894,4.247,1625.1,4.229952718,-2018.0
420984000.0,20.68,-95.882,4.245,1624.5,5.52196523,-2093.0
421012800.0,20.666,-95.887,4.241,1624.1,7.892578793,-2122.0
421041600.0,20.653,-95.902,4.244,1625.1,4.834976732,-2111.0
421070400.0,20.64,-95.9,4.247,1624.6,6.23346613,-2151.0
421099200.0,20.622,-95.913,4.239,1622.6,8.732124598,-2132.0
421128000.0,20.6,-95.912,4.243,1625.1,8.908675547,-2131.0
421156800.0,20.578,-95.906,4.243,1623.9,8.502123264,-2116.0
421185600.0,20.555,-95.914,4.242,1623.7,10.31279303,-2065.0
421214400.0,20.534,-95.919,4.241,1624.6,7.631212223,-2049.0
421243200.0,20.518,-95.903,4.241,1623.6,9.110137211,-2151.0
421272000.0,20.489,-95.919,4.237,1624.0,10.46083171,-2050.0
421300800.0,20.474,-95.92,4.243,1625.8,3.931272059,-2065.0
421329600.0,20.462,-95.925,4.241,1624.5,6.263138191,-2051.0
421358400.0,20.443,-95.926,4.238,1625.1,8.180880148,-2048.0
421387200.0,20.424,-95.929,4.24,1623.5,5.500327263,-2054.0
421416000.0,20.416,-95.933,4.239,1623.8,3.311570624,-2039.0
421444800.0,20.403,-95.923,4.237,1623.7,8.005229541,-2066.0
421473600.0,20.382,-95.924,4.237,1622.1,10.41971209,-2054.0
421502400.0,20.367,-95.946,4.238,1624.0,4.004060439,-1990.0
421531200.0,20.358,-95.934,4.239,1622.5,5.278001516,-2026.0
421560000.0,20.341,-95.945,4.238,1623.5,7.266828744,-1997.0
421588800.0,20.33,-95.95,4.235,1622.8,4.735271903,-1976.0
421617600.0,20.319,-95.959,4.235,1623.7,5.136535798,-1946.0
421646400.0,20.305,-95.952,4.238,1623.3,5.425099077,-1944.0
421675200.0,20.299,-95.976,4.234,1623.2,7.245032781,-1937.0
421704000.0,20.299,-95.981,4.235,1622.7,3.229133011,-1941.0
421732800.0,20.284,-95.981,4.237,1622.9,4.906179777,-1943.0
421761600.0,20.283,-95.991,4.231,1622.9,4.303533432,-1950.0
421790400.0,20.287,-96.0,4.229,1623.2,3.196951673,-1956.0
421819200.0,20.281,-96.011,4.236,1624.5,5.770077989,-1954.0
421848000.0,20.284,-96.027,4.228,1622.7,3.905700961,-1934.0
421876800.0,20.285,-96.027,4.229,1621.9,3.595024339,-1934.0
421905600.0,20.286,-96.016,4.232,1622.8,0.935093578,-1952.0
421934400.0,20.29,-96.025,4.232,1622.8,5.288563132,-1931.0
421963200.0,20.302,-96.029,4.226,1623.6,4.196093421,-1930.0
421992000.0,20.31,-96.026,4.226,1622.5,4.18169822,-1931.0
422020800.0,20.324,-96.037,4.232,1622.4,6.799823527,-1895.0
422049600.0,20.341,-96.03,4.228,1621.4,5.037866612,-1880.0
422078400.0,20.351,-96.032,4.224,1622.6,5.563595959,-1853.0
422107200.0,20.371,-96.028,4.231,1623.1,7.768275227,-1853.0
422136000.0,20.387,-96.028,4.227,1622.5,5.368388958,-1806.0
422164800.0,20.4,-96.023,4.231,1624.2,5.368053651,-1809.0
422193600.0,20.411,-96.013,4.232,1622.0,5.693373341,-1869.0
422222400.0,20.424,-96.009,4.234,1622.9,4.007692603,-1895.0
422251200.0,20.429,-96.001,4.234,1622.8,3.665528611,-1913.0
422280000.0,20.442,-96.002,4.232,1623.7,4.430180583,-1915.0
422308800.0,20.446,-95.99,4.233,1622.5,2.655804963,-1927.0
422337600.0,20.453,-95.993,4.232,1624.0,6.280700598,-1932.0
422366400.0,20.471,-95.996,4.233,1622.9,4.788997807,-1921.0
422395200.0,20.475,-95.993,4.235,1623.5,1.727078458,-1931.0
422424000.0,20.482,-96.005,4.231,1622.9,7.382208342,-1863.0
422452800.0,20.499,-96.01,4.232,1623.4,6.810301021,-1843.0
422481600.0,20.511,-95.998,4.235,1622.8,6.284234241,-1904.0
422510400.0,20.528,-96.019,4.229,1623.5,6.090993351,-1829.0
422539200.0,20.543,-96.002,4.232,1622.9,7.840739761,-1903.0
422568000.0,20.566,-96.012,4.233,1622.4,10.7249662,-1871.0
422596800.0,20.591,-96.013,4.231,1622.9,10.154078,-1888.0
422625600.0,20.616,-96.003,4.235,1622.2,10.10166323,-1956.0
422654400.0,20.642,-96.003,4.233,1624.2,10.1603248,-1970.0
422683200.0,20.67,-95.996,4.243,1623.9,12.55523795,-2006.0
422712000.0,20.705,-95.998,4.238,1623.6,13.24729784,-1993.0
422740800.0,20.737,-95.989,4.247,1623.9,12.03621618,-1969.0
422769600.0,20.766,-95.987,4.243,1623.6,11.24976889,-1955.0
422798400.0,20.793,-96.002,4.241,1622.7,10.56833951,-1936.0
422827200.0,20.819,-96.001,4.243,1624.1,10.44027777,-1932.0
422856000.0,20.845,-95.996,4.243,1623.6,9.771980352,-1982.0
422884800.0,20.866,-95.987,4.243,1623.2,8.731391642,-2047.0
422913600.0,20.892,-95.996,4.243,1623.2,11.41947897,-2051.0
422942400.0,20.923,-95.98,4.244,1624.2,12.51380837,-2055.0
422971200.0,20.948,-95.974,4.242,1623.0,7.572014263,-2051.0
423000000.0,20.962,-95.967,4.241,1622.1,4.925657317,-2059.0
423028800.0,20.978,-95.972,4.24,1623.3,8.951340682,-2064.0
423057600.0,21.0,-95.953,4.243,1622.8,6.662169316,-2098.0
423086400.0,21.006,-95.953,4.241,1623.5,2.88586209,-2112.0
423115200.0,21.015,-95.939,4.243,1622.1,5.444134458,-2135.0
423144000.0,21.028,-95.941,4.242,1622.8,4.5098337,-2165.0
423172800.0,21.035,-95.931,4.242,1623.7,2.260199106,-2177.0
423201600.0,21.034,-95.932,4.249,1623.3,3.337079562,-2177.0
423230400.0,21.051,-95.931,4.247,1624.0,7.948257671,-2145.0
423259200.0,21.061,-95.914,4.246,1624.8,6.178235994,-2140.0
423288000.0,21.062,-95.906,4.251,1623.4,3.87641587,-2137.0
423316800.0,21.077,-95.913,4.248,1623.8,5.407346854,-2142.0
423345600.0,21.081,-95.896,4.253,1623.6,2.973297832,-2165.0
423374400.0,21.084,-95.901,4.25,1624.6,3.573023929,-2153.0
423403200.0,21.097,-95.896,4.251,1623.5,4.831397313,-2160.0
423432000.0,21.106,-95.897,4.251,1624.8,3.480014368,-2132.0
423460800.0,21.115,-95.894,4.253,1624.0,2.094039159,-2110.0
423489600.0,21.119,-95.893,4.257,1623.8,4.166017283,-2090.0
423518400.0,21.134,-95.886,4.253,1622.8,5.228613583,-2110.0
423547200.0,21.142,-95.892,4.251,1623.5,2.830159006,-2034.0
423576000.0,21.151,-95.888,4.258,1624.3,4.038378387,-2075.0
423604800.0,21.161,-95.899,4.256,1624.0,4.508769233,-1956.0
423633600.0,21.173,-95.89,4.255,1624.4,4.901683384,-2090.0
423662400.0,21.182,-95.897,4.256,1624.6,5.454841886,-2062.0
423691200.0,21.185,-95.908,4.256,1623.6,3.110257224,-2041.0
423720000.0,21.197,-95.903,4.254,1624.2,3.696281916,-2131.0
423748800.0,21.201,-95.914,4.253,1624.0,3.693846234,-2114.0
423777600.0,21.207,-95.917,4.255,1622.9,2.857271426,-2134.0
423806400.0,21.213,-95.922,4.257,1623.6,3.157926535,-2185.0
423835200.0,21.215,-95.928,4.253,1623.7,1.131591799,-2182.0
423864000.0,21.216,-95.922,4.25,1622.8,1.396030086,-2185.0
423892800.0,21.211,-95.928,4.257,1624.0,5.163874514,-2152.0
423921600.0,21.209,-95.939,4.255,1623.6,0.252982213,-2131.0
423950400.0,21.207,-95.93,4.251,1622.6,2.851596044,-2117.0
423979200.0,21.198,-95.934,4.253,1624.2,3.725801927,-2057.0
424008000.0,21.189,-95.933,4.249,1621.0,3.440363353,-2016.0
424036800.0,21.179,-95.937,4.256,1622.7,4.75033683,-1987.0
424065600.0,21.167,-95.94,4.249,1622.8,4.430180583,-2010.0
424094400.0,21.156,-95.943,4.248,1623.4,6.779004352,-2103.0
424123200.0,21.14,-95.959,4.247,1622.3,7.43948923,-2065.0
424152000.0,21.122,-95.957,4.246,1622.9,5.910845963,-1865.0
424180800.0,21.111,-95.963,4.248,1621.9,3.320993827,-1915.0
424209600.0,21.101,-95.957,4.242,1619.0,7.4440849,-1968.0
424238400.0,21.079,-95.952,4.242,1621.7,9.588128076,-2044.0
424267200.0,21.059,-95.966,4.253,1623.1,6.426733229,-2054.0
424296000.0,21.047,-95.96,4.248,1618.4,3.112073264,-2096.0
424324800.0,21.039,-95.972,4.243,1620.1,5.993413051,-2100.0
424353600.0,21.023,-95.973,4.245,1622.9,6.4330164,-2125.0
424382400.0,21.005,-95.975,4.243,1622.5,9.226510716,-2122.0
424411200.0,20.983,-95.989,4.244,1622.2,6.828594292,-2041.0
424440000.0,20.98,-95.996,4.243,1621.2,2.413379373,-2026.0
424468800.0,20.964,-95.988,4.242,1622.1,9.485958043,-2009.0
424497600.0,20.942,-95.982,4.24,1621.8,7.979279416,-2040.0
424526400.0,20.927,-95.997,4.242,1621.6,5.552548964,-2029.0
424555200.0,20.919,-96.004,4.242,1620.9,6.889100086,-2029.0
424584000.0,20.899,-96.014,4.237,1621.2,5.834535114,-2016.0
424612800.0,20.889,-96.004,4.236,1621.3,7.859853688,-2042.0
424641600.0,20.867,-96.001,4.237,1621.0,10.68102055,-2035.0
424670400.0,20.849,-96.028,4.236,1623.0,8.670893841,-2084.0
424699200.0,20.83,-96.026,4.235,1620.6,6.95848403,-2004.0
424728000.0,20.815,-96.032,4.234,1621.8,6.088365955,-1959.0
424756800.0,20.798,-96.031,4.234,1621.4,9.996124249,-1944.0
424785600.0,20.772,-96.02,4.235,1621.4,8.374777609,-1937.0
424814400.0,20.756,-96.037,4.235,1619.3,7.924947949,-1916.0
424843200.0,20.734,-96.028,4.235,1621.6,10.71037814,-1922.0
424872000.0,20.716,-96.014,4.237,1620.1,7.037279304,-1944.0
424900800.0,20.694,-96.019,4.236,1620.9,9.29758033,-1925.0
424929600.0,20.671,-96.007,4.236,1621.7,8.704504581,-1985.0
424958400.0,20.651,-96.015,4.235,1620.9,6.567929659,-1942.0
424987200.0,20.636,-96.002,4.232,1620.5,5.934180651,-1968.0
425016000.0,20.62,-96.014,4.232,1621.2,5.765847726,-1932.0
425044800.0,20.606,-96.005,4.23,1620.4,6.828975033,-1940.0
425073600.0,20.587,-96.007,4.23,1620.6,7.219480591,-1898.0
425102400.0,20.57,-96.004,4.228,1620.6,6.807657453,-1903.0
425131200.0,20.552,-96.002,4.229,1620.2,6.931327434,-1901.0
425160000.0,20.539,-95.99,4.232,1619.7,5.462060051,-1916.0
425188800.0,20.523,-96.002,4.231,1619.9,6.420965659,-1921.0
425217600.0,20.508,-96.003,4.229,1619.1,8.130448942,-1891.0
425246400.0,20.486,-96.004,4.23,1621.0,7.505864374,-1882.0
425275200.0,20.478,-95.985,4.233,1619.4,3.712950309,-1932.0
425304000.0,20.464,-96.001,4.229,1620.0,7.823068452,-1912.0
425332800.0,20.453,-96.005,4.228,1621.7,5.26060833,-1904.0
425361600.0,20.436,-96.002,4.232,1620.3,7.393578295,-1915.0
425390400.0,20.42,-96.007,4.225,1620.6,6.633626459,-1903.0
425419200.0,20.413,-96.021,4.226,1619.0,2.370358623,-1831.0
425448000.0,20.407,-96.014,4.227,1618.8,2.916058984,-1865.0
425476800.0,20.401,-96.011,4.228,1620.0,4.68027777,-1881.0
425505600.0,20.39,-96.0,4.229,1619.7,3.240987504,-1881.0
425534400.0,20.389,-96.01,4.227,1619.8,5.240400748,-1871.0
425563200.0,20.396,-96.017,4.226,1620.5,0.813449445,-1835.0
425592000.0,20.391,-96.019,4.229,1620.1,2.984292211,-1837.0
425620800.0,20.389,-96.025,4.231,1619.8,1.387515766,-1794.0
425649600.0,20.391,-96.014,4.229,1620.6,1.871095936,-1856.0
425678400.0,20.391,-96.019,4.229,1620.5,2.62606169,-1837.0
425707200.0,20.394,-96.023,4.229,1620.6,1.690473307,-1811.0
425736000.0,20.396,-96.023,4.232,1620.3,1.309427356,-1809.0
425764800.0,20.391,-96.02,4.23,1619.7,1.943707797,-1837.0
425793600.0,20.4,-96.016,4.234,1619.8,5.056925944,-1858.0
425822400.0,20.409,-96.019,4.234,1620.1,4.178085686,-1847.0
425851200.0,20.407,-96.002,4.237,1620.2,0.920054346,-1895.0
425880000.0,20.417,-96.016,4.239,1620.9,6.887916957,-1876.0
425908800.0,20.43,-96.006,4.243,1620.6,8.344255509,-1910.0
425937600.0,20.427,-95.99,4.246,1621.6,1.554155719,-1902.0
425966400.0,20.434,-96.009,4.25,1620.6,7.836019398,-1897.0
425995200.0,20.449,-96.004,4.25,1621.7,8.23273952,-1916.0
426024000.0,20.448,-95.983,4.251,1620.7,3.099032107,-1917.0
426052800.0,20.449,-95.987,4.25,1621.8,1.954123845,-1923.0
426081600.0,20.453,-95.981,4.253,1620.0,3.698553771,-1922.0
426110400.0,20.456,-95.976,4.25,1620.6,1.541590088,-1921.0
426139200.0,20.458,-95.975,4.254,1622.0,3.466886211,-1921.0
426168000.0,20.449,-95.964,4.256,1622.8,2.980067113,-1900.0
426196800.0,20.449,-95.969,4.253,1622.2,2.355185768,-1902.0
426225600.0,20.45,-95.964,4.253,1621.7,5.53564811,-1900.0
426254400.0,20.441,-95.956,4.257,1622.6,4.964876635,-1910.0
426283200.0,20.441,-95.977,4.253,1620.5,2.070096616,-1900.0
426312000.0,20.438,-95.967,4.253,1621.7,2.022003956,-1894.0
426340800.0,20.433,-95.979,4.255,1621.7,2.219954954,-1889.0
426369600.0,20.432,-95.974,4.252,1621.7,1.70425937,-1886.0
426398400.0,20.426,-95.982,4.254,1621.4,0.890673902,-1889.0
426427200.0,20.427,-95.976,4.255,1621.9,1.352035502,-1883.0
426456000.0,20.416,-95.986,4.25,1621.2,6.750303697,-1873.0
426484800.0,20.401,-95.986,4.256,1621.9,3.475701368,-1858.0
426513600.0,20.397,-95.993,4.253,1622.9,2.182842184,-1869.0
426542400.0,20.386,-95.987,4.254,1621.7,6.494004928,-1867.0
426571200.0,20.372,-95.987,4.258,1622.7,3.239089378,-1886.0
426600000.0,20.371,-95.994,4.253,1620.8,0.879829529,-1880.0
426628800.0,20.367,-95.99,4.259,1620.6,2.510717029,-1886.0
426657600.0,20.361,-95.987,4.257,1622.5,4.261842325,-1905.0
426686400.0,20.348,-95.987,4.258,1621.0,3.975135218,-1925.0
426715200.0,20.345,-95.993,4.254,1622.1,2.666102024,-1915.0
426744000.0,20.346,-95.998,4.259,1621.7,1.309694621,-1899.0
426772800.0,20.337,-95.997,4.256,1621.1,6.127136362,-1927.0
426801600.0,20.322,-95.996,4.259,1623.2,6.273452,-1955.0
426830400.0,20.322,-96.017,4.254,1622.4,3.182200497,-1940.0
426859200.0,20.319,-96.012,4.256,1621.7,3.543613974,-1954.0
426888000.0,20.306,-96.022,4.256,1621.2,5.434721704,-1941.0
426916800.0,20.299,-96.025,4.257,1621.8,2.961418579,-1929.0
426945600.0,20.297,-96.037,4.254,1621.8,2.521150531,-1904.0
426974400.0,20.29,-96.039,4.253,1622.2,5.504407325,-1895.0
427003200.0,20.276,-96.05,4.253,1620.6,4.156164097,-1865.0
427032000.0,20.272,-96.046,4.253,1621.5,1.461540283,-1879.0
427060800.0,20.266,-96.054,4.253,1621.3,4.668918504,-1869.0
427089600.0,20.262,-96.061,4.25,1621.7,1.243382483,-1848.0
427118400.0,20.258,-96.057,4.25,1621.0,3.298014554,-1859.0
427147200.0,20.248,-96.067,4.252,1621.1,3.399117533,-1831.0
427176000.0,20.245,-96.063,4.253,1620.4,1.400035714,-1840.0
427204800.0,20.244,-96.064,4.25,1620.5,1.925746608,-1840.0
427233600.0,20.237,-96.061,4.252,1620.9,2.865815765,-1852.0
427262400.0,20.232,-96.057,4.256,1621.6,2.844503472,-1863.0
427291200.0,20.224,-96.061,4.25,1621.1,2.023561217,-1859.0
427320000.0,20.224,-96.059,4.251,1620.5,3.631115531,-1859.0
427348800.0,20.216,-96.049,4.253,1620.9,3.637856512,-1882.0
427377600.0,20.209,-96.052,4.256,1620.6,2.39169396,-1876.0
427406400.0,20.204,-96.045,4.252,1620.5,3.230619136,-1886.0
427435200.0,20.203,-96.04,4.253,1621.9,1.661475248,-1892.0
427464000.0,20.195,-96.037,4.256,1621.7,5.229340303,-1893.0
427492800.0,20.181,-96.036,4.255,1621.1,4.626240374,-1893.0
427521600.0,20.176,-96.045,4.254,1620.6,1.020441081,-1883.0
427550400.0,20.173,-96.035,4.251,1621.1,3.814826339,-1896.0
427579200.0,20.165,-96.035,4.256,1620.7,5.125475588,-1897.0
427608000.0,20.152,-96.039,4.254,1620.4,4.24166241,-1880.0
427636800.0,20.144,-96.029,4.254,1620.0,5.882108466,-1907.0
427665600.0,20.134,-96.021,4.253,1619.8,4.220189569,-1916.0
427694400.0,20.124,-96.029,4.255,1620.9,4.096095702,-1896.0
427723200.0,20.112,-96.023,4.254,1620.5,6.156005198,-1900.0
427752000.0,20.096,-96.019,4.25,1621.5,5.938560432,-1898.0
427780800.0,20.085,-96.015,4.253,1620.5,3.182860349,-1890.0
427809600.0,20.077,-96.012,4.25,1620.1,5.094752202,-1881.0
427838400.0,20.064,-96.001,4.25,1619.7,5.824946352,-1865.0
427867200.0,20.051,-96.006,4.251,1619.7,4.105849486,-1820.0
427896000.0,20.044,-96.003,4.248,1620.0,5.547341706,-1819.0
427924800.0,20.033,-95.988,4.25,1619.5,6.045866356,-1837.0
427953600.0,20.024,-95.981,4.251,1620.2,3.430058309,-1847.0
427982400.0,20.019,-95.973,4.248,1619.4,3.82498366,-1865.0
428011200.0,20.007,-95.967,4.253,1620.4,6.406910332,-1864.0
428040000.0,19.997,-95.955,4.25,1620.9,1.605272563,-1885.0
428068800.0,19.998,-95.956,4.249,1620.1,3.563495475,-1885.0
428097600.0,19.989,-95.937,4.252,1619.8,7.222499567,-1907.0
428126400.0,19.976,-95.942,4.25,1619.5,5.066004343,-1857.0
428155200.0,19.978,-95.948,4.25,1620.4,3.267445485,-1851.0
428184000.0,19.969,-95.926,4.249,1619.6,10.10010891,-1850.0
428212800.0,19.959,-95.912,4.248,1619.3,3.841874542,-1841.0
428241600.0,19.95,-95.922,4.249,1620.1,3.121361882,-1797.0
428270400.0,19.944,-95.915,4.25,1619.1,3.306478489,-1814.0
428299200.0,19.938,-95.912,4.247,1619.0,3.425463472,-1828.0
428328000.0,19.931,-95.904,4.247,1619.2,2.914875641,-1848.0
428356800.0,19.924,-95.902,4.247,1619.0,4.696647741,-1854.0
428385600.0,19.914,-95.89,4.247,1619.3,3.031996042,-1832.0
428414400.0,19.914,-95.89,4.246,1619.3,0.355105618,-1832.0
428443200.0,19.912,-95.885,4.246,1619.8,1.62603813,-1828.0
428472000.0,19.907,-95.886,4.247,1619.5,2.748817928,-1821.0
428500800.0,19.901,-95.884,4.246,1619.4,0.13,-1813.0
428529600.0,19.906,-95.883,4.246,1619.8,3.271589828,-1824.0
428558400.0,19.901,-95.869,4.249,1619.1,3.629269899,-1824.0
428587200.0,19.898,-95.87,4.247,1620.2,0.996393497,-1816.0
428616000.0,19.898,-95.87,4.244,1618.9,2.010795862,-1816.0
428644800.0,19.903,-95.874,4.248,1620.5,1.145425685,-1822.0
428673600.0,19.895,-95.862,4.247,1620.1,6.110360055,-1814.0
428702400.0,19.894,-95.852,4.248,1619.2,1.669760462,-1819.0
428731200.0,19.9,-95.855,4.247,1620.1,2.56400078,-1823.0
428760000.0,19.901,-95.854,4.247,1619.3,2.369219281,-1834.0
428788800.0,19.896,-95.851,4.248,1619.8,1.714059509,-1826.0
428817600.0,19.899,-95.857,4.247,1619.4,2.573091526,-1823.0
428846400.0,19.897,-95.841,4.248,1619.3,2.632299375,-1840.0
428875200.0,19.894,-95.847,4.247,1619.6,1.421724305,-1822.0
428904000.0,19.892,-95.842,4.248,1618.7,0.528015151,-1825.0
428932800.0,19.893,-95.848,4.246,1618.9,2.376068181,-1822.0
428961600.0,19.885,-95.845,4.249,1618.5,4.54528327,-1807.0
428990400.0,19.882,-95.84,4.246,1618.7,4.142366473,-1802.0
429019200.0,19.884,-95.861,4.246,1618.9,4.42882603,-1800.0
429048000.0,19.886,-95.851,4.247,1618.4,8.927183206,-1804.0
429076800.0,19.872,-95.834,4.246,1618.2,3.451173713,-1791.0
429105600.0,19.873,-95.849,4.243,1618.5,6.38758953,-1784.0
429134400.0,19.873,-95.855,4.244,1619.2,2.264906179,-1781.0
429163200.0,19.87,-95.845,4.243,1618.3,2.144434657,-1780.0
429192000.0,19.866,-95.846,4.246,1618.7,2.780863175,-1773.0
429220800.0,19.858,-95.844,4.242,1618.3,1.638657988,-1766.0
429249600.0,19.86,-95.844,4.243,1618.9,1.811767093,-1770.0
429278400.0,19.861,-95.841,4.244,1619.1,2.563630239,-1774.0
429307200.0,19.853,-95.841,4.243,1618.2,4.956984971,-1765.0
429336000.0,19.851,-95.853,4.241,1618.1,2.281161985,-1752.0
429364800.0,19.857,-95.84,4.245,1618.9,3.786211827,-1769.0
429393600.0,19.848,-95.843,4.243,1618.3,4.826479048,-1755.0
429422400.0,19.848,-95.849,4.242,1618.0,2.728002933,-1750.0
429451200.0,19.854,-95.836,4.242,1617.6,4.094288705,-1768.0
429480000.0,19.851,-95.832,4.247,1618.7,2.903687311,-1772.0
429508800.0,19.846,-95.829,4.244,1619.2,1.685140944,-1771.0
429537600.0,19.856,-95.822,4.246,1619.0,6.396162912,-1788.0
429566400.0,19.855,-95.805,4.247,1619.1,1.864537476,-1829.0
429595200.0,19.854,-95.812,4.249,1618.8,1.119866063,-1812.0
429624000.0,19.853,-95.803,4.252,1620.0,5.7182952,-1830.0
429652800.0,19.848,-95.79,4.253,1619.8,3.626913288,-1855.0
429681600.0,19.847,-95.781,4.251,1619.5,5.619332701,-1876.0
429710400.0,19.848,-95.764,4.255,1619.5,2.862516375,-1906.0
429739200.0,19.84,-95.767,4.254,1619.8,2.610306495,-1855.0
429768000.0,19.838,-95.762,4.255,1619.3,1.612513566,-1876.0
429796800.0,19.834,-95.76,4.256,1620.5,4.571881451,-1855.0
429825600.0,19.822,-95.748,4.256,1619.9,4.872299252,-1843.0
429854400.0,19.82,-95.744,4.255,1618.8,1.511588568,-1844.0
429883200.0,19.812,-95.747,4.253,1619.3,4.455389994,-1802.0
429912000.0,19.8,-95.738,4.253,1619.1,9.513805758,-1812.0
429940800.0,19.79,-95.714,4.255,1619.0,5.227159841,-1863.0
429969600.0,19.777,-95.724,4.252,1619.5,4.543566881,-1831.0
429998400.0,19.77,-95.717,4.251,1619.6,6.006637995,-1835.0
430027200.0,19.76,-95.705,4.252,1619.2,4.12989104,-1858.0
430056000.0,19.759,-95.696,4.248,1620.1,4.195867014,-1877.0
430084800.0,19.752,-95.683,4.251,1620.4,5.298018498,-1913.0
430113600.0,19.744,-95.676,4.253,1619.6,4.001512214,-1917.0
430142400.0,19.733,-95.675,4.246,1619.1,3.397675676,-1880.0
430171200.0,19.731,-95.661,4.253,1620.0,5.962566561,-1926.0
430200000.0,19.724,-95.645,4.25,1619.4,7.96537507,-1948.0
430228800.0,19.71,-95.628,4.249,1618.8,6.069761116,-1965.0
430257600.0,19.702,-95.621,4.249,1620.2,4.869630376,-1915.0
430286400.0,19.69,-95.61,4.253,1618.2,5.052444953,-1960.0
430315200.0,19.684,-95.602,4.252,1618.6,4.398272388,-1989.0
430344000.0,19.668,-95.597,4.251,1618.5,7.353128586,-1916.0
430372800.0,19.652,-95.593,4.25,1619.6,4.539438291,-1868.0
430401600.0,19.647,-95.585,4.25,1619.1,4.017212964,-1972.0
430430400.0,19.639,-95.577,4.254,1620.6,6.389569626,-1971.0
430459200.0,19.617,-95.575,4.25,1619.5,8.898921283,-1922.0
430488000.0,19.605,-95.558,4.25,1618.8,3.220139749,-1910.0
430516800.0,19.598,-95.561,4.251,1620.2,5.361203223,-1866.0
430545600.0,19.58,-95.546,4.253,1618.8,7.483588711,-1867.0
430574400.0,19.566,-95.545,4.251,1619.3,6.921567741,-1871.0
430603200.0,19.543,-95.538,4.248,1617.6,10.35086953,-1843.0
430632000.0,19.525,-95.523,4.248,1620.1,6.262212069,-1847.0
430660800.0,19.508,-95.525,4.254,1619.2,8.384133825,-1730.0
430689600.0,19.486,-95.505,4.255,1620.4,9.8697771,-1879.0
430718400.0,19.462,-95.509,4.25,1617.8,7.844010454,-1719.0
430747200.0,19.449,-95.484,4.25,1619.2,9.844800658,-1922.0
430776000.0,19.436,-95.47,4.258,1619.6,8.301596232,-1949.0
430804800.0,19.412,-95.459,4.257,1619.3,9.732034731,-1933.0
430833600.0,19.392,-95.45,4.25,1617.3,8.21623393,-1907.0
430862400.0,19.376,-95.431,4.25,1620.1,9.7,-1889.0
430891200.0,19.36,-95.411,4.265,1620.6,9.714386239,-1891.0
430920000.0,19.341,-95.393,4.256,1617.6,10.25216562,-1855.0
430948800.0,19.331,-95.366,4.253,1618.7,9.243906101,-1852.0
430977600.0,19.318,-95.345,4.252,1619.2,11.37644057,-1835.0
431006400.0,19.31,-95.301,4.259,1619.0,21.53739306,-1822.0
431035200.0,19.296,-95.252,4.264,1616.9,11.47603154,-1904.0
431064000.0,19.267,-95.259,4.251,1619.3,6.488705572,-1781.0
431092800.0,19.265,-95.235,4.257,1620.1,7.289396408,-1808.0
431121600.0,19.257,-95.22,4.26,1620.7,12.59378021,-1776.0
431150400.0,19.246,-95.178,4.255,1619.2,9.168647665,-1744.0
431179200.0,19.237,-95.177,4.251,1618.0,3.10728177,-1757.0
431208000.0,19.239,-95.154,4.255,1620.5,6.154421175,-1743.0
431236800.0,19.233,-95.145,4.258,1619.3,7.279958791,-1783.0
431265600.0,19.231,-95.121,4.256,1619.6,3.519460186,-1811.0
431294400.0,19.216,-95.13,4.25,1619.4,7.163581506,-1867.0
431323200.0,19.211,-95.096,4.255,1619.1,6.609114918,-1895.0
431352000.0,19.216,-95.098,4.254,1618.9,4.270702518,-1901.0
431380800.0,19.21,-95.072,4.252,1620.1,5.184361099,-1885.0
431409600.0,19.201,-95.087,4.25,1619.3,1.626929624,-1876.0
431438400.0,19.21,-95.072,4.255,1619.6,4.386935149,-1885.0
431467200.0,19.206,-95.073,4.257,1620.1,4.144683341,-1875.0
431496000.0,19.197,-95.056,4.249,1619.2,7.254605434,-1845.0
431524800.0,19.195,-95.048,4.252,1620.5,2.174235498,-1827.0
431553600.0,19.193,-95.055,4.255,1618.7,2.185040045,-1836.0
431582400.0,19.202,-95.041,4.252,1620.9,6.165168286,-1838.0
431611200.0,19.196,-95.032,4.252,1619.0,3.966673669,-1828.0
431640000.0,19.189,-95.039,4.253,1620.5,4.903305008,-1812.0
431668800.0,19.192,-95.05,4.253,1619.8,2.968922363,-1832.0
431697600.0,19.198,-95.041,4.256,1620.8,5.470228514,-1827.0
431726400.0,19.191,-95.032,4.251,1620.5,3.148205838,-1811.0
431755200.0,19.189,-95.039,4.252,1619.8,1.954891301,-1812.0
431784000.0,19.196,-95.032,4.254,1619.6,2.015465207,-1828.0
431812800.0,19.191,-95.032,4.256,1621.1,2.035313244,-1811.0
431841600.0,19.191,-95.031,4.251,1618.7,3.845412852,-1811.0
431870400.0,19.195,-95.048,4.253,1619.9,4.232363406,-1827.0
431899200.0,19.198,-95.044,4.257,1620.8,4.944188508,-1831.0
431928000.0,19.2,-95.032,4.256,1620.6,2.460772237,-1828.0
431956800.0,19.202,-95.039,4.253,1620.3,8.79,-1838.0
431985600.0,19.199,-95.065,4.256,1621.1,3.543966704,-1851.0
432014400.0,19.197,-95.055,4.252,1620.3,4.094410825,-1845.0
432043200.0,19.201,-95.055,4.254,1619.9,3.990588929,-1854.0
432072000.0,19.208,-95.064,4.254,1619.9,2.877724796,-1870.0
432100800.0,19.206,-95.072,4.25,1619.5,4.598619358,-1875.0
432129600.0,19.205,-95.088,4.255,1618.1,5.085754615,-1888.0
432158400.0,19.208,-95.096,4.253,1619.3,2.264332131,-1888.0
432187200.0,19.212,-95.097,4.25,1619.6,2.406075643,-1895.0
432216000.0,19.212,-95.095,4.25,1619.6,6.503183836,-1896.0
432244800.0,19.211,-95.127,4.252,1620.7,10.09811864,-1873.0
432273600.0,19.22,-95.137,4.247,1620.0,4.541035124,-1855.0
432302400.0,19.229,-95.129,4.248,1619.8,3.155724956,-1834.0
432331200.0,19.229,-95.128,4.251,1620.6,3.100064515,-1834.0
432360000.0,19.229,-95.144,4.25,1619.1,6.861814629,-1812.0
432388800.0,19.233,-95.161,4.251,1619.5,5.746694702,-1773.0
432417600.0,19.242,-95.169,4.253,1620.2,4.265606639,-1744.0
432446400.0,19.255,-95.161,4.253,1619.7,9.124105436,-1772.0
432475200.0,19.268,-95.144,4.256,1620.4,3.383740534,-1848.0
432504000.0,19.274,-95.168,4.255,1621.0,10.59960848,-1837.0
432532800.0,19.287,-95.185,4.261,1620.5,5.473298822,-1880.0
432561600.0,19.29,-95.188,4.259,1620.6,2.862516375,-1896.0
432590400.0,19.291,-95.185,4.26,1621.1,7.238763707,-1900.0
432619200.0,19.297,-95.221,4.264,1621.6,10.47451192,-1922.0
432648000.0,19.3,-95.228,4.263,1621.2,0.604069532,-1938.0
432676800.0,19.294,-95.231,4.261,1621.2,4.330588875,-1905.0
432705600.0,19.284,-95.24,4.262,1621.0,4.939311693,-1873.0
432734400.0,19.282,-95.254,4.258,1620.7,5.562921894,-1846.0
432763200.0,19.274,-95.266,4.256,1620.2,4.547361873,-1786.0
432792000.0,19.268,-95.272,4.256,1620.0,2.011218536,-1743.0
432820800.0,19.264,-95.273,4.25,1619.5,2.376972865,-1725.0
432849600.0,19.258,-95.27,4.253,1618.7,2.09153054,-1715.0
432878400.0,19.259,-95.265,4.256,1618.6,2.157243612,-1742.0
432907200.0,19.264,-95.263,4.253,1620.0,2.128403157,-1755.0
432936000.0,19.267,-95.266,4.253,1619.2,0.241867732,-1769.0
432964800.0,19.264,-95.261,4.255,1620.0,3.452202196,-1768.0
432993600.0,19.265,-95.253,4.254,1620.1,3.657157366,-1790.0
433022400.0,19.278,-95.251,4.264,1619.4,5.454044371,-1830.0
433051200.0,19.286,-95.244,4.264,1620.4,7.60479454,-1871.0
433080000.0,19.28,-95.219,4.266,1620.0,5.835897532,-1858.0
433108800.0,19.268,-95.225,4.268,1621.6,4.763297177,-1815.0
433137600.0,19.257,-95.214,4.27,1621.6,10.65956847,-1773.0
433166400.0,19.244,-95.166,4.267,1619.2,27.62853054,-1744.0
433195200.0,19.228,-95.08,4.274,1621.9,30.02447169,-1915.0
433224000.0,19.222,-95.019,4.267,1621.4,15.72464308,-1881.0
433252800.0,19.22,-94.988,4.266,1622.3,7.557492971,-1869.0
433281600.0,19.212,-94.971,4.274,1621.6,8.515380203,-1863.0
433310400.0,19.199,-94.952,4.268,1621.6,6.840562842,-1825.0
433339200.0,19.214,-94.929,4.271,1623.6,16.25813335,-1821.0
433368000.0,19.242,-94.884,4.265,1619.6,20.35186724,-1892.0
433396800.0,19.264,-94.843,4.268,1622.0,12.89717023,-1887.0
433425600.0,19.282,-94.827,4.267,1623.1,6.799036696,-1871.0
433454400.0,19.299,-94.831,4.263,1622.5,7.436464214,-1898.0
433483200.0,19.316,-94.845,4.261,1619.3,9.26140918,-1968.0
433512000.0,19.333,-94.851,4.273,1621.2,8.566381967,-2004.0
433540800.0,19.346,-94.812,4.269,1623.0,16.3863968,-1964.0
433569600.0,19.365,-94.783,4.281,1621.5,9.289289531,-1928.0
433598400.0,19.375,-94.77,4.265,1618.8,5.768335982,-1919.0
433627200.0,19.378,-94.745,4.268,1621.0,13.73563613,-1881.0
433656000.0,19.412,-94.704,4.243,1618.5,23.89177264,-1671.0
433684800.0,19.44,-94.655,4.238,1615.1,13.29090667,-1736.0
433713600.0,19.445,-94.639,4.229,1643.1,5.109099725,-1775.0
433742400.0,19.469,-94.632,4.236,1622.8,12.36993129,-1806.0
433771200.0,19.503,-94.635,4.242,1606.1,14.64426509,-1753.0
433800000.0,19.543,-94.641,4.241,1610.6,15.71911257,-1768.0
433828800.0,,,4.233,1658.9,,
433857600.0,,,4.238,1599.7,,
433886400.0,,,4.226,1531.6,,
433915200.0,,,4.233,1482.5,,
433944000.0,,,4.232,1365.2,,
433972800.0,,,4.234,1432.2,,
434001600.0,,,4.238,1426.6,,
434030400.0,,,4.303,1659.1,,
434059200.0,,,4.267,1585.9,,
434088000.0,,,4.259,1552.0,,
434116800.0,,,4.258,1512.6,,
434145600.0,,,4.26,1523.0,,
434174400.0,,,4.265,1568.5,,
434203200.0,,,4.264,1627.9,,
434232000.0,,,4.261,1656.8,,
434260800.0,,,4.253,1679.0,,
434289600.0,,,4.243,1678.1,,
434318400.0,,,4.253,1676.3,,
434347200.0,,,4.257,1674.7,,
434376000.0,,,4.247,1627.0,,
434404800.0,,,4.244,1628.3,,
434433600.0,,,4.246,1633.3,,
434462400.0,,,4.255,1705.0,,
434491200.0,,,4.256,1776.7,,
434520000.0,,,4.257,1764.2,,
434548800.0,,,4.253,1770.4,,
434577600.0,19.845,-94.615,4.254,1771.3,9.550005236,-1886.0
434606400.0,19.869,-94.612,4.256,1763.8,10.27273089,-1876.0
434635200.0,19.889,-94.601,4.254,1767.3,2.969781137,-1820.0
434664000.0,19.89,-94.608,4.256,1771.3,2.874334706,-1845.0
434692800.0,19.906,-94.603,4.254,1774.3,8.173530449,-1912.0
434721600.0,19.925,-94.591,4.254,1771.1,9.914983611,-1961.0
434750400.0,19.948,-94.581,4.249,1766.9,6.444967029,-1942.0
434779200.0,19.956,-94.576,4.243,1775.2,5.194246817,-1979.0
434808000.0,19.961,-94.563,4.243,1798.1,0.622655603,-1925.0
434836800.0,19.96,-94.575,4.244,1798.5,2.268832299,-2032.0
434865600.0,19.97,-94.564,4.247,1812.3,8.168971784,-2015.0
434894400.0,19.98,-94.552,4.238,1794.0,3.402822358,-2014.0
434923200.0,19.986,-94.56,4.248,1805.2,6.092626691,-2166.0
434952000.0,19.984,-94.568,4.252,1785.0,6.34300402,-2255.0
434980800.0,19.972,-94.551,4.238,1793.7,8.362069122,-1944.0
435009600.0,19.961,-94.594,4.237,1799.7,9.171128611,-2241.0
435038400.0,19.963,-94.585,4.235,1797.4,4.913298281,-2176.0
435067200.0,19.957,-94.587,4.239,1796.6,4.240106131,-2093.0
435096000.0,19.952,-94.588,4.241,1797.7,2.748326764,-2111.0
435124800.0,19.957,-94.581,4.241,1801.5,1.484856895,-2034.0
435153600.0,19.951,-94.598,4.239,1795.6,7.76155268,-2230.0
435182400.0,19.95,-94.611,4.241,1797.6,0.868331734,-2343.0
435211200.0,19.953,-94.604,4.243,1797.2,4.467896597,-2285.0
435240000.0,19.961,-94.593,4.24,1801.1,5.427052607,-2241.0
435268800.0,19.968,-94.582,4.241,1797.6,3.496655545,-2172.0
435297600.0,19.973,-94.576,4.241,1798.1,3.503426894,-2178.0
435326400.0,19.979,-94.569,4.244,1797.6,1.889576672,-2153.0
435355200.0,19.974,-94.568,4.241,1779.8,1.756018223,-2102.0
435384000.0,19.98,-94.577,4.243,1797.5,4.514532091,-2266.0
435412800.0,19.985,-94.582,4.241,1787.6,1.39204885,-2313.0
435441600.0,19.987,-94.578,4.243,1797.6,0.834865259,-2303.0
435470400.0,19.99,-94.582,4.253,1795.9,0.963327566,-2333.0
435499200.0,19.991,-94.578,4.243,1796.1,2.018043607,-2328.0
435528000.0,19.99,-94.574,4.237,1796.5,0.882779701,-2319.0
435556800.0,19.99,-94.574,4.247,1798.5,1.430559331,-2319.0
435585600.0,19.986,-94.579,4.247,1798.1,1.770028248,-2303.0
435614400.0,19.984,-94.582,4.25,1797.3,2.856606378,-2313.0
435643200.0,19.975,-94.589,4.248,1798.1,4.168117081,-2307.0
435672000.0,19.966,-94.585,4.246,1797.4,1.662437969,-2176.0
435700800.0,19.966,-94.586,4.247,1797.4,2.932319901,-2176.0
435729600.0,19.968,-94.571,4.249,1799.3,3.679673899,-2090.0
435758400.0,19.968,-94.571,4.252,1797.6,1.620863967,-2090.0
435787200.0,19.965,-94.578,4.25,1799.2,4.630010799,-2083.0
435816000.0,19.96,-94.592,4.253,1797.9,4.434016238,-2241.0
435844800.0,19.961,-94.597,4.243,1794.8,1.897076699,-2281.0
435873600.0,19.968,-94.591,4.237,1795.9,5.006086296,-2257.0
435902400.0,19.975,-94.587,4.245,1800.3,4.306100324,-2278.0
435931200.0,19.976,-94.604,4.25,1800.0,2.262056586,-2356.0
435960000.0,19.985,-94.593,4.241,1796.3,5.125621913,-2356.0
435988800.0,19.994,-94.595,4.244,1797.2,2.794655614,-2364.0
436017600.0,20.001,-94.588,4.25,1798.9,3.296209945,-2370.0
436046400.0,20.012,-94.596,4.25,1797.9,5.914727382,-2401.0
436075200.0,20.023,-94.604,4.247,1797.0,4.815402372,-2438.0
436104000.0,20.035,-94.606,4.25,1797.2,4.710679357,-2438.0
436132800.0,20.047,-94.604,4.252,1798.8,5.48344782,-2444.0
436161600.0,20.062,-94.598,4.253,1801.1,6.296427559,-2444.0
436190400.0,20.077,-94.593,4.25,1798.6,5.951890456,-2438.0
436219200.0,20.094,-94.596,4.259,1799.9,7.73983204,-2421.0
436248000.0,20.117,-94.593,4.253,1798.9,9.639304954,-2375.0
436276800.0,20.139,-94.589,4.25,1799.7,7.280247249,-2283.0
436305600.0,20.158,-94.593,4.25,1799.6,9.068384641,-2217.0
436334400.0,20.185,-94.602,4.251,1799.5,12.06424469,-2402.0
436363200.0,20.214,-94.596,4.247,1799.9,11.90698115,-2522.0
436392000.0,20.232,-94.569,4.252,1781.0,8.677424733,-2217.0
436420800.0,20.249,-94.567,4.253,1801.7,6.561859493,-2497.0
436449600.0,20.266,-94.558,4.257,1801.9,8.118743745,-2635.0
436478400.0,20.288,-94.553,4.262,1801.0,7.761784589,-2838.0
436507200.0,20.304,-94.545,4.256,1805.0,7.119501387,-2819.0
436536000.0,20.315,-94.524,4.259,1798.5,10.92161618,-2774.0
436564800.0,20.321,-94.499,4.256,1795.9,4.120121357,-2683.0
436593600.0,20.332,-94.505,4.257,1800.9,5.436221114,-2672.0
436622400.0,20.347,-94.5,4.261,1797.6,6.943802993,-2562.0
436651200.0,20.361,-94.495,4.259,1798.4,3.528469923,-2518.0
436680000.0,20.366,-94.493,4.26,1796.9,2.583118271,-2482.0
436708800.0,20.377,-94.496,4.259,1798.6,6.072314221,-2508.0
436737600.0,20.394,-94.484,4.257,1799.7,9.829801626,-2260.0
436766400.0,20.411,-94.463,4.257,1797.9,8.747828302,-2317.0
436795200.0,20.425,-94.449,4.258,1800.2,7.388748203,-2521.0
436824000.0,20.445,-94.442,4.262,1800.8,8.64454163,-2846.0
436852800.0,20.463,-94.434,4.259,1799.7,6.521732899,-2954.0
436881600.0,20.474,-94.422,4.259,1801.1,6.874074483,-2970.0
436910400.0,20.499,-94.425,4.265,1799.3,9.191066315,-2997.0
436939200.0,20.516,-94.416,4.259,1797.4,7.281572632,-2998.0
436968000.0,20.526,-94.399,4.259,1801.3,7.035630746,-2998.0
436996800.0,20.541,-94.387,4.264,1800.3,7.908236213,-2747.0
437025600.0,20.56,-94.374,4.271,1802.9,8.98158672,-2527.0
437054400.0,20.577,-94.367,4.265,1798.9,3.861217425,-2671.0
437083200.0,20.582,-94.371,4.263,1798.8,3.795115282,-2747.0
437112000.0,20.596,-94.355,4.278,1805.5,7.984484955,-2750.0
437140800.0,20.614,-94.347,4.264,1799.4,9.618237884,-2988.0
437169600.0,20.636,-94.327,4.265,1799.2,9.983185864,-3098.0
437198400.0,20.65,-94.314,4.267,1799.6,6.901427389,-3056.0
437227200.0,20.671,-94.31,4.269,1801.8,8.16548835,-3027.0
437256000.0,20.681,-94.288,4.279,1801.0,7.338017443,-3010.0
437284800.0,20.697,-94.282,4.272,1802.2,6.559786582,-3004.0
437313600.0,20.711,-94.275,4.278,1802.4,5.838741303,-3000.0
437342400.0,20.72,-94.264,4.277,1802.2,4.830165629,-2987.0
437371200.0,20.725,-94.255,4.274,1802.1,2.410746772,-2960.0
437400000.0,20.728,-94.252,4.279,1802.1,2.188355547,-2956.0
437428800.0,20.736,-94.248,4.278,1802.7,4.275757243,-2945.0
437457600.0,20.745,-94.241,4.272,1799.4,4.049691346,-2904.0
437486400.0,20.747,-94.229,4.276,1800.7,4.400090908,-2805.0
437515200.0,20.745,-94.218,4.277,1801.2,3.601735693,-2757.0
437544000.0,20.746,-94.214,4.279,1801.5,2.961773118,-2705.0
437572800.0,20.754,-94.217,4.272,1799.8,3.482714459,-2755.0
437601600.0,20.748,-94.198,4.267,1802.0,6.810058737,-2631.0
437630400.0,20.736,-94.199,4.267,1803.4,4.60370503,-2666.0
437659200.0,20.736,-94.207,4.274,1802.9,4.680010684,-2668.0
437688000.0,20.748,-94.199,4.27,1801.1,7.71433082,-2631.0
437716800.0,20.734,-94.18,4.262,1800.0,4.642693184,-2557.0
437745600.0,20.731,-94.202,4.268,1803.8,8.290006031,-2706.0
437774400.0,20.732,-94.208,4.274,1801.9,4.032096229,-2705.0
437803200.0,20.735,-94.189,4.264,1797.8,6.947949338,-2581.0
437832000.0,20.722,-94.176,4.25,1800.4,8.033343015,-2549.0
437860800.0,20.709,-94.174,4.269,1799.6,2.411742109,-2267.0
437889600.0,20.718,-94.179,4.261,1805.6,3.298014554,-2524.0
437918400.0,20.709,-94.159,4.274,1819.8,8.417244205,-2165.0
437947200.0,20.695,-94.158,4.26,1799.8,9.105657582,-1974.0
437976000.0,20.683,-94.181,4.266,1802.3,7.329556603,-1948.0
438004800.0,20.699,-94.188,4.258,1798.7,4.272575336,-1963.0
438033600.0,20.696,-94.178,4.276,1802.1,6.038418667,-1785.0
438062400.0,20.693,-94.17,4.257,1794.3,2.794584048,-1833.0
438091200.0,20.692,-94.188,4.258,1799.8,5.792969877,-1890.0
438120000.0,20.687,-94.195,4.262,1798.0,5.361464352,-1865.0
438148800.0,20.704,-94.215,4.26,1797.6,7.322199123,-2647.0
438177600.0,20.7,-94.217,4.252,1776.9,6.54416534,-2666.0
438206400.0,20.689,-94.208,4.259,1798.2,3.553266103,-2229.0
438235200.0,20.697,-94.23,4.252,1798.7,6.505628332,-2897.0
438264000.0,20.703,-94.223,4.261,1788.9,6.012628377,-2828.0
438292800.0,20.693,-94.216,4.257,1800.3,3.131932311,-2510.0
438321600.0,20.702,-94.227,4.256,1792.3,6.940259361,-2872.0
438350400.0,20.719,-94.215,4.256,1798.9,5.78413347,-2839.0
438379200.0,20.724,-94.214,4.255,1798.5,3.012806001,-2850.0
438408000.0,20.733,-94.221,4.253,1800.7,3.993707551,-2844.0
438436800.0,20.741,-94.222,4.256,1800.7,3.316926288,-2814.0
438465600.0,20.75,-94.215,4.258,1801.0,4.627310234,-2705.0
438494400.0,20.761,-94.209,4.259,1799.8,5.825263943,-2683.0
438523200.0,20.777,-94.21,4.253,1798.7,4.620389594,-2699.0
438552000.0,20.781,-94.21,4.256,1800.1,2.144411341,-2706.0
438580800.0,20.783,-94.221,4.26,1801.4,6.308351607,-2728.0
438609600.0,20.803,-94.227,4.255,1798.9,6.802095265,-2681.0
438638400.0,20.814,-94.22,4.256,1800.1,4.263566582,-2692.0
438667200.0,20.825,-94.217,4.256,1798.5,6.734641787,-2681.0
438696000.0,20.846,-94.219,4.255,1799.6,7.364590959,-2589.0
438724800.0,20.861,-94.217,4.255,1799.7,5.065372642,-2541.0
438753600.0,20.875,-94.214,4.256,1799.6,6.515120874,-2711.0
438782400.0,20.895,-94.209,4.259,1801.5,8.73219331,-2704.0
438811200.0,20.914,-94.201,4.255,1798.9,6.420848854,-2747.0
438840000.0,20.925,-94.192,4.25,1799.3,5.530171788,-2778.0
438868800.0,20.944,-94.192,4.251,1802.3,7.207551595,-2782.0
438897600.0,20.961,-94.182,4.257,1798.8,9.391666519,-2801.0
438926400.0,20.981,-94.163,4.252,1798.6,9.824281144,-2816.0
438955200.0,20.996,-94.148,4.25,1799.1,5.99473102,-2824.0
438984000.0,21.002,-94.139,4.254,1799.6,2.116837263,-2829.0
439012800.0,21.008,-94.138,4.253,1799.5,3.138295716,-2829.0
439041600.0,21.018,-94.129,4.256,1800.9,6.661186081,-2854.0
439070400.0,21.03,-94.113,4.255,1799.5,8.425912414,-2845.0
439099200.0,21.037,-94.095,4.253,1799.6,4.299441824,-2833.0
439128000.0,21.031,-94.089,4.256,1800.0,2.444994888,-2791.0
439156800.0,21.045,-94.076,4.258,1800.4,10.76589523,-2824.0
439185600.0,21.063,-94.055,4.253,1799.9,8.474084021,-2802.0
439214400.0,21.062,-94.035,4.256,1799.0,5.801456714,-2845.0
439243200.0,21.07,-94.022,4.258,1798.6,4.360733883,-2823.0
439272000.0,21.065,-94.004,4.253,1799.4,9.968214484,-2911.0
439300800.0,21.082,-93.976,4.256,1798.2,8.378693216,-2856.0
439329600.0,21.082,-93.967,4.255,1799.2,1.870427759,-2837.0
439358400.0,21.088,-93.955,4.256,1799.9,8.734815396,-2757.0
439387200.0,21.096,-93.926,4.255,1799.6,9.575677522,-2737.0
439416000.0,21.101,-93.911,4.254,1798.5,2.515432368,-2581.0
439444800.0,21.095,-93.903,4.254,1799.4,6.67791135,-2363.0
439473600.0,21.098,-93.874,4.265,1799.0,11.89944957,-2464.0
439502400.0,21.104,-93.845,4.255,1802.6,9.287776914,-2750.0
439531200.0,21.115,-93.825,4.256,1801.3,7.735069489,-2931.0
439560000.0,21.117,-93.803,4.264,1788.6,8.035378025,-3102.0
439588800.0,21.132,-93.782,4.256,1797.7,11.29919024,-2830.0
439617600.0,21.148,-93.753,4.256,1801.6,12.81452691,-2548.0
439646400.0,21.157,-93.723,4.259,1800.7,7.622388077,-2382.0
439675200.0,21.172,-93.715,4.268,1778.9,7.305504774,-2664.0
439704000.0,21.189,-93.697,4.261,1777.1,10.12170934,-2599.0
439732800.0,21.206,-93.676,4.258,1801.8,13.29689061,-2570.0
439761600.0,21.195,-93.633,4.271,1800.3,10.46343156,-3055.0
439790400.0,21.2,-93.624,4.261,1797.4,7.081391106,-3056.0
439819200.0,21.22,-93.604,4.261,1800.5,11.77770776,-3034.0
439848000.0,21.229,-93.574,4.261,1801.1,12.34572396,-3035.0
439876800.0,21.236,-93.542,4.264,1801.6,9.149163896,-2719.0
439905600.0,21.245,-93.526,4.265,1798.1,6.495552324,-2605.0
439934400.0,21.262,-93.51,4.263,1798.9,11.32420417,-2966.0
439963200.0,21.277,-93.474,4.257,1800.8,16.48432286,-2965.0
439992000.0,21.284,-93.441,4.275,1798.9,2.906888371,-2910.0
440020800.0,21.282,-93.451,4.274,1787.5,2.489658611,-2843.0
440049600.0,21.291,-93.445,4.27,1798.6,4.253998119,-2955.0
440078400.0,21.304,-93.44,4.268,1793.0,12.31649707,-3018.0
440107200.0,21.328,-93.397,4.26,1801.0,14.79428268,-3024.0
440136000.0,21.33,-93.375,4.264,1803.7,5.344838632,-3024.0
440164800.0,21.34,-93.36,4.268,1800.1,7.48343504,-3026.0
440193600.0,21.357,-93.345,4.27,1801.5,10.93278556,-3025.0
440222400.0,21.378,-93.317,4.271,1803.0,13.38686296,-2864.0
440251200.0,21.394,-93.287,4.269,1801.5,11.48514258,-2914.0
440280000.0,21.395,-93.261,4.273,1804.1,4.506905812,-2744.0
440308800.0,21.401,-93.255,4.274,1801.7,9.033188806,-2644.0
440337600.0,21.425,-93.227,4.274,1802.6,12.40068143,-3074.0
440366400.0,21.432,-93.206,4.268,1800.2,5.953326801,-2982.0
440395200.0,21.436,-93.19,4.279,1802.4,6.037027414,-2703.0
440424000.0,21.442,-93.171,4.277,1800.7,8.82374637,-2945.0
440452800.0,21.455,-93.148,4.274,1802.1,8.672744664,-3068.0
440481600.0,21.465,-93.132,4.274,1801.4,7.275307554,-3069.0
440510400.0,21.477,-93.112,4.274,1802.8,8.910779988,-3067.0
440539200.0,21.485,-93.089,4.277,1802.8,9.271936152,-3064.0
440568000.0,21.488,-93.065,4.275,1800.6,7.561937582,-3063.0
440596800.0,21.505,-93.052,4.276,1802.0,7.446623396,-2968.0
440625600.0,21.505,-93.031,4.28,1803.7,5.853110284,-2854.0
440654400.0,21.508,-93.021,4.278,1803.2,6.540412831,-2856.0
440683200.0,21.524,-92.999,4.282,1804.5,11.0692773,-3077.0
440712000.0,21.535,-92.976,4.282,1804.7,6.961867566,-3160.0
440740800.0,21.542,-92.963,4.283,1802.8,6.039503291,-3163.0
440769600.0,21.556,-92.95,4.282,1803.2,7.212939761,-3167.0
440798400.0,21.57,-92.934,4.286,1804.4,9.495367291,-3165.0
440827200.0,21.585,-92.914,4.286,1803.1,5.224040582,-3123.0
440856000.0,21.592,-92.911,4.282,1803.8,6.592002731,-3097.0
440884800.0,21.619,-92.898,4.283,1804.3,12.15076129,-2876.0
440913600.0,21.64,-92.877,4.282,1804.1,11.17898475,-3121.0
440942400.0,21.664,-92.861,4.283,1805.5,9.414510078,-3146.0
440971200.0,21.684,-92.852,4.28,1802.4,9.279364202,-3147.0
441000000.0,21.714,-92.843,4.282,1803.9,14.58048696,-3126.0
441028800.0,21.75,-92.831,4.281,1803.8,12.29598308,-3132.0
441057600.0,21.775,-92.818,4.28,1805.8,11.39221225,-3126.0
441086400.0,21.815,-92.812,4.276,1802.9,19.75838556,-3151.0
441115200.0,21.863,-92.791,4.273,1802.4,16.3639604,-3145.0
441144000.0,21.898,-92.781,4.28,1803.6,16.61926593,-3158.0
441172800.0,21.949,-92.766,4.273,1803.0,20.61176848,-3136.0
441201600.0,21.997,-92.745,4.273,1804.7,22.78727057,-3217.0
441230400.0,22.05,-92.707,4.28,1804.6,21.44937528,-3256.0
441259200.0,22.085,-92.678,4.281,1803.6,16.91418635,-3263.0
441288000.0,22.135,-92.655,4.278,1804.2,24.31606876,-3305.0
441316800.0,22.181,-92.603,4.277,1804.8,24.77842005,-3329.0
441345600.0,22.212,-92.554,4.285,1804.3,18.06219533,-3340.0
441374400.0,22.241,-92.517,4.283,1803.9,17.96615707,-3334.0
441403200.0,22.27,-92.471,4.287,1803.3,21.53336481,-3372.0
441432000.0,22.297,-92.422,4.289,1804.2,17.13343515,-3398.0
441460800.0,22.319,-92.385,4.291,1805.6,18.59167825,-3420.0
441489600.0,22.345,-92.33,4.291,1803.5,21.42622925,-3431.0
441518400.0,22.366,-92.283,4.291,1807.3,17.23201961,-3355.0
441547200.0,22.383,-92.237,4.297,1805.4,19.00780103,-3307.0
441576000.0,22.415,-92.19,4.29,1806.6,21.9525716,-3441.0
441604800.0,22.436,-92.137,4.294,1805.2,17.03547182,-3442.0
441633600.0,22.452,-92.101,4.299,1806.4,15.26507779,-3503.0
441662400.0,22.488,-92.061,4.294,1808.5,24.35842565,-3242.0
441691200.0,22.521,-92.003,4.297,1806.9,19.37359543,-3434.0
441720000.0,22.549,-91.972,4.3,1807.3,17.25096229,-3577.0
441748800.0,22.595,-91.93,4.297,1806.9,27.84752951,-3776.0
441777600.0,22.648,-91.873,4.3,1807.2,27.41169276,-3767.0
441806400.0,22.69,-91.819,4.3,1807.7,25.13254464,-3758.0
441835200.0,22.733,-91.764,4.3,1807.7,24.18380036,-3746.0
441864000.0,22.777,-91.715,4.291,1808.6,27.08717962,-3766.0
441892800.0,22.825,-91.654,4.292,1808.5,26.12158112,-3752.0
441921600.0,22.869,-91.611,4.302,1810.8,23.12921097,-3754.0
441950400.0,22.916,-91.567,4.294,1804.4,21.88459961,-3757.0
441979200.0,22.96,-91.533,4.299,1807.5,23.12443729,-3767.0
442008000.0,23.01,-91.488,4.303,1809.6,23.38553613,-3761.0
442036800.0,23.062,-91.467,4.302,1806.9,21.97639188,-3752.0
442065600.0,23.123,-91.453,4.292,1805.9,24.97005006,-3756.0
442094400.0,23.184,-91.442,4.297,1805.3,22.7717215,-3744.0
442123200.0,23.242,-91.448,4.296,1804.4,23.24100686,-3752.0
442152000.0,23.306,-91.431,4.286,1805.2,26.1220405,-3747.0
442180800.0,23.37,-91.414,4.286,1805.0,25.01,-3747.0
442209600.0,23.434,-91.393,4.28,1805.3,28.22057406,-3741.0
442238400.0,23.498,-91.352,4.275,1804.1,25.82152784,-3740.0
442267200.0,23.54,-91.308,4.277,1805.3,20.96015267,-3736.0
442296000.0,23.588,-91.274,4.28,1806.2,23.48363899,-3731.0
442324800.0,23.621,-91.225,4.271,1805.0,15.3595052,-3727.0
442353600.0,23.636,-91.196,4.282,1803.8,15.19183991,-3732.0
442382400.0,23.669,-91.154,4.282,1805.2,18.1520963,-3720.0
442411200.0,23.69,-91.129,4.279,1805.3,10.30518316,-3720.0
442440000.0,23.685,-91.091,4.282,1805.3,13.14540985,-3719.0
442468800.0,23.707,-91.059,4.277,1804.4,14.42648259,-3723.0
442497600.0,23.72,-91.023,4.283,1806.5,13.281585,-3723.0
442526400.0,23.726,-90.99,4.284,1806.7,10.18171891,-3727.0
442555200.0,23.734,-90.965,4.279,1806.6,9.724865038,-3726.0
442584000.0,23.745,-90.935,4.279,1805.5,13.66490761,-3724.0
442612800.0,23.752,-90.899,4.285,1806.0,10.66045027,-3730.0
442641600.0,23.743,-90.876,4.274,1804.7,7.142618567,-3733.0
442670400.0,23.749,-90.853,4.283,1805.4,9.773315712,-3706.0
442699200.0,23.747,-90.824,4.28,1804.9,11.36144357,-3721.0
442728000.0,23.734,-90.796,4.279,1805.5,9.706183596,-3720.0
442756800.0,23.729,-90.773,4.279,1804.0,8.273197689,-3718.0
442785600.0,23.726,-90.747,4.284,1803.7,11.36540804,-3710.0
442814400.0,23.703,-90.722,4.279,1805.9,9.588513962,-3699.0
442843200.0,23.695,-90.707,4.277,1804.2,5.500445437,-3712.0
442872000.0,23.679,-90.694,4.286,1807.1,9.29944622,-3717.0
442900800.0,23.662,-90.676,4.28,1805.3,8.060229525,-3716.0
442929600.0,23.642,-90.668,4.279,1806.5,9.056323757,-3716.0
442958400.0,23.619,-90.655,4.282,1807.0,10.66068009,-3726.0
442987200.0,23.594,-90.659,4.278,1804.6,5.510716832,-3728.0
443016000.0,23.588,-90.656,4.278,1805.1,4.579192068,-3727.0
443044800.0,23.567,-90.652,4.279,1805.0,11.74303623,-3717.0
443073600.0,23.541,-90.666,4.277,1805.6,7.336654551,-3709.0
443102400.0,23.54,-90.678,4.281,1805.3,2.485155931,-3720.0
443131200.0,23.525,-90.681,4.273,1804.5,8.954831098,-3714.0
443160000.0,23.503,-90.69,4.278,1806.1,7.77380859,-3707.0
443188800.0,23.499,-90.706,4.271,1805.3,3.794482837,-3716.0
443217600.0,23.499,-90.709,4.281,1805.7,4.578569646,-3718.0
443246400.0,23.482,-90.716,4.277,1806.2,5.835451996,-3718.0
443275200.0,23.485,-90.732,4.271,1804.1,3.597693706,-3724.0
443304000.0,23.478,-90.736,4.276,1806.6,5.560035971,-3727.0
443332800.0,23.464,-90.75,4.279,1805.4,8.849954802,-3726.0
443361600.0,23.454,-90.77,4.273,1805.4,5.042320894,-3724.0
443390400.0,23.452,-90.774,4.274,1805.8,2.912473176,-3724.0
443419200.0,23.435,-90.778,4.279,1806.1,11.46352913,-3724.0
443448000.0,23.414,-90.806,4.277,1805.4,9.822066992,-3719.0
443476800.0,23.412,-90.816,4.277,1806.7,1.984363878,-3718.0
443505600.0,23.395,-90.811,4.282,1805.6,12.87158887,-3720.0
443534400.0,23.359,-90.835,4.277,1806.1,14.12202889,-3722.0
443563200.0,23.349,-90.855,4.281,1806.7,4.637779641,-3722.0
443592000.0,23.338,-90.863,4.282,1805.3,11.10585881,-3727.0
443620800.0,23.298,-90.876,4.274,1807.8,18.24518567,-3732.0
443649600.0,23.273,-90.917,4.281,1807.8,13.62636048,-3736.0
443678400.0,23.262,-90.936,4.285,1807.1,6.937852694,-3738.0
443707200.0,23.236,-90.95,4.276,1805.1,17.16975247,-3745.0
443736000.0,23.205,-90.998,4.283,1806.1,20.0714972,-3751.0
443764800.0,23.198,-91.042,4.288,1807.9,12.28564203,-3752.0
443793600.0,23.184,-91.076,4.288,1807.6,17.72024831,-3759.0
443822400.0,23.16,-91.13,4.282,1805.4,20.34352231,-3764.0
443851200.0,23.151,-91.174,4.297,1808.4,11.97399265,-3773.0
443880000.0,23.14,-91.204,4.297,1808.5,14.10931962,-3770.0
443908800.0,23.124,-91.247,4.291,1807.1,16.20353048,-3775.0
443937600.0,23.117,-91.284,4.3,1808.4,11.42809258,-3806.0
443966400.0,23.121,-91.315,4.304,1809.8,11.07910195,-3764.0
443995200.0,23.118,-91.346,4.299,1808.0,11.32412027,-3762.0
444024000.0,23.11,-91.374,4.297,1807.5,9.407592678,-3765.0
444052800.0,23.121,-91.398,4.3,1808.8,7.912275273,-3759.0
444081600.0,23.127,-91.415,4.295,1807.2,9.241828823,-3755.0
444110400.0,23.127,-91.445,4.298,1807.7,9.364619587,-3755.0
444139200.0,23.152,-91.453,4.292,1808.2,6.477839146,-3751.0
444168000.0,23.151,-91.466,4.302,1808.8,7.023852219,-3750.0
444196800.0,23.154,-91.489,4.295,1807.9,10.11482575,-3749.0
444225600.0,23.17,-91.513,4.291,1807.3,9.419368344,-3747.0
444254400.0,23.191,-91.521,4.289,1806.7,8.323124413,-3744.0
444283200.0,23.208,-91.532,4.295,1808.6,7.462070758,-3750.0
444312000.0,23.225,-91.546,4.282,1803.6,10.0331949,-3754.0
444340800.0,23.259,-91.554,4.292,1809.3,15.92990898,-3748.0
444369600.0,23.298,-91.562,4.293,1807.5,13.2321578,-3746.0
444398400.0,23.329,-91.566,4.282,1806.7,14.20387623,-3746.0
444427200.0,23.372,-91.579,4.285,1807.4,17.53433774,-3746.0
444456000.0,23.416,-91.567,4.291,1808.4,16.80062201,-3745.0
444484800.0,23.458,-91.562,4.281,1806.9,17.76876473,-3750.0
444513600.0,23.505,-91.55,4.288,1806.9,17.63641687,-3753.0
444542400.0,23.544,-91.533,4.284,1805.7,15.57688351,-3736.0
444571200.0,23.578,-91.509,4.282,1806.3,15.43351224,-3744.0
444600000.0,23.606,-91.48,4.29,1805.2,14.31386042,-3733.0
444628800.0,23.631,-91.45,4.285,1805.5,14.63722651,-3728.0
444657600.0,23.652,-91.418,4.282,1806.2,12.9426002,-3728.0
444686400.0,23.664,-91.388,4.285,1806.0,9.854567469,-3726.0
444715200.0,23.672,-91.365,4.281,1804.5,8.036224238,-3728.0
444744000.0,23.672,-91.344,4.285,1807.0,7.114000281,-3732.0
444772800.0,23.669,-91.325,4.291,1807.3,6.721703653,-3725.0
444801600.0,23.667,-91.305,4.279,1804.5,7.636033002,-3722.0
444830400.0,23.667,-91.285,4.284,1805.6,6.79779376,-3725.0
444859200.0,23.653,-91.272,4.291,1806.5,5.486164416,-3729.0
444888000.0,23.647,-91.264,4.285,1806.1,3.824722212,-3729.0
444916800.0,23.638,-91.255,4.277,1805.2,4.878780585,-3727.0
444945600.0,23.627,-91.25,4.29,1804.5,4.645696934,-3726.0
444974400.0,23.615,-91.245,4.282,1807.7,5.90410027,-3729.0
445003200.0,23.598,-91.251,4.284,1807.0,6.027702713,-3729.0
445032000.0,23.584,-91.252,4.28,1805.3,6.751451696,-3731.0
445060800.0,23.561,-91.255,4.285,1805.3,9.963578674,-3732.0
445089600.0,23.54,-91.266,4.282,1806.2,8.298246803,-3735.0
445118400.0,23.526,-91.281,4.282,1806.8,7.390243568,-3737.0
445147200.0,23.506,-91.295,4.281,1805.8,11.94068675,-3737.0
445176000.0,23.477,-91.313,4.279,1805.3,10.91104486,-3746.0
445204800.0,23.463,-91.338,4.283,1805.7,12.4195008,-3746.0
445233600.0,23.434,-91.365,4.28,1805.3,13.85975469,-3739.0
445262400.0,23.416,-91.392,4.281,1805.7,11.11022952,-3742.0
445291200.0,23.393,-91.42,4.279,1806.6,16.54803916,-3748.0
445320000.0,23.371,-91.465,4.284,1805.8,16.77584275,-3749.0
445348800.0,23.359,-91.505,4.279,1803.2,15.28144299,-3749.0
445377600.0,23.346,-91.55,4.278,1805.7,17.37106214,-3744.0
445406400.0,23.338,-91.595,4.28,1807.5,14.41730211,-3742.0
445435200.0,23.333,-91.637,4.284,1806.1,18.69327687,-3750.0
445464000.0,23.329,-91.697,4.279,1802.4,19.80206302,-3750.0
445492800.0,23.338,-91.741,4.279,1804.9,13.38030269,-3756.0
445521600.0,23.345,-91.779,4.286,1804.5,16.84155872,-3753.0
445550400.0,23.357,-91.834,4.288,1808.1,20.08048057,-3744.0
445579200.0,23.378,-91.877,4.277,1807.3,15.35852206,-3759.0
445608000.0,23.405,-91.902,4.284,1806.3,11.83138622,-3752.0
445636800.0,23.416,-91.94,4.285,1803.8,17.69814115,-3749.0
445665600.0,23.446,-91.986,4.283,1803.7,21.02954113,-3748.0
445694400.0,23.488,-92.013,4.289,1806.7,14.64831048,-3750.0
445723200.0,23.513,-92.03,4.289,1805.9,11.949682,-3748.0
445752000.0,23.545,-92.056,4.281,1805.3,17.83377975,-3764.0
445780800.0,23.592,-92.074,4.29,1808.4,20.36479806,-3746.0
445809600.0,23.64,-92.076,4.285,1805.7,14.31089445,-3755.0
445838400.0,23.669,-92.079,4.283,1805.9,12.29806895,-3744.0
445867200.0,23.709,-92.079,4.283,1805.7,17.05849935,-3747.0
445896000.0,23.75,-92.066,4.284,1806.4,14.34946689,-3766.0
445924800.0,23.78,-92.049,4.291,1807.6,13.78631568,-3761.0
445953600.0,23.817,-92.035,4.285,1806.7,15.32020888,-3755.0
445982400.0,23.844,-92.006,4.28,1804.9,14.25599172,-3756.0
446011200.0,23.862,-91.973,4.288,1804.0,12.2815512,-3761.0
446040000.0,23.879,-91.942,4.28,1805.1,15.18221657,-3755.0
446068800.0,23.897,-91.897,4.282,1804.1,17.17023005,-3750.0
446097600.0,23.902,-91.855,4.286,1804.2,13.78444413,-3752.0
446126400.0,23.896,-91.819,4.283,1805.4,12.53601611,-3741.0
446155200.0,23.883,-91.783,4.285,1804.3,16.07919463,-3744.0
446184000.0,23.871,-91.738,4.292,1805.7,13.36400015,-3735.0
446212800.0,23.849,-91.716,4.288,1804.3,12.36656783,-3735.0
446241600.0,23.829,-91.684,4.286,1803.2,12.62618311,-3740.0
446270400.0,23.807,-91.665,4.288,1805.7,11.25790833,-3740.0
446299200.0,23.778,-91.655,4.278,1807.3,11.02894827,-3744.0
446328000.0,23.754,-91.638,4.285,1805.7,12.06188211,-3739.0
446356800.0,23.72,-91.631,4.288,1804.3,12.21936169,-3741.0
446385600.0,23.694,-91.634,4.282,1805.8,10.00658283,-3748.0
446414400.0,23.671,-91.649,4.286,1804.8,9.064943464,-3752.0
446443200.0,23.646,-91.649,4.283,1804.3,12.45250979,-3750.0
446472000.0,23.608,-91.657,4.283,1804.5,15.58997434,-3752.0
446500800.0,23.581,-91.685,4.288,1805.4,12.8209984,-3745.0
446529600.0,23.564,-91.709,4.285,1806.1,9.281944839,-3747.0
446558400.0,23.541,-91.731,4.284,1803.2,17.99656912,-3744.0
446587200.0,23.496,-91.773,4.293,1805.1,24.63185336,-3748.0
446616000.0,23.475,-91.834,4.28,1804.7,19.25586924,-3747.0
446644800.0,23.46,-91.871,4.288,1806.6,11.48863787,-3755.0
446673600.0,23.436,-91.897,4.285,1802.5,16.67588678,-3753.0
446702400.0,23.412,-91.947,4.283,1805.5,22.17866092,-3749.0
446731200.0,23.408,-92.009,4.286,1805.9,20.41181031,-3757.0
446760000.0,23.395,-92.06,4.282,1805.3,17.80788589,-3754.0
446788800.0,23.393,-92.113,4.283,1803.8,19.85418092,-3757.0
446817600.0,23.381,-92.169,4.28,1805.5,19.88698067,-3764.0
446846400.0,23.387,-92.223,4.293,1806.0,17.90119828,-3759.0
446875200.0,23.393,-92.269,4.285,1801.0,16.21560976,-3759.0
446904000.0,23.402,-92.315,4.277,1802.4,16.83080806,-3761.0
446932800.0,23.415,-92.361,4.285,1805.7,17.2719223,-3763.0
446961600.0,23.428,-92.404,4.279,1803.3,13.81495566,-3756.0
446990400.0,23.452,-92.429,4.283,1806.0,12.45273062,-3498.0
447019200.0,23.463,-92.468,4.278,1805.1,15.60469801,-3574.0
447048000.0,23.491,-92.497,4.291,1807.8,12.82969212,-3761.0
447076800.0,23.518,-92.502,4.283,1804.9,9.078612229,-3781.0
447105600.0,23.54,-92.519,4.279,1804.7,11.82944208,-3768.0
447134400.0,23.572,-92.524,4.294,1805.7,10.95812484,-3761.0
447163200.0,23.598,-92.525,4.279,1802.6,12.84908168,-3760.0
447192000.0,23.633,-92.517,4.285,1809.7,9.925124684,-3752.0
447220800.0,23.644,-92.502,4.286,1803.6,7.502806142,-3750.0
447249600.0,23.666,-92.487,4.282,1805.0,10.01647643,-3744.0
447278400.0,23.68,-92.463,4.284,1805.7,11.8406841,-3737.0
447307200.0,23.694,-92.43,4.288,1802.8,12.53210677,-3740.0
447336000.0,23.693,-92.397,4.279,1805.4,11.11859703,-3750.0
447364800.0,23.691,-92.365,4.294,1806.8,12.63427877,-3745.0
447393600.0,23.68,-92.327,4.282,1803.4,13.81177034,-3742.0
447422400.0,23.663,-92.296,4.279,1804.8,12.40251991,-3752.0
447451200.0,23.638,-92.272,4.279,1806.9,14.73400489,-3749.0
447480000.0,23.602,-92.252,4.291,1807.0,14.20873323,-3744.0
447508800.0,23.575,-92.233,4.279,1802.8,12.44718844,-3760.0
447537600.0,23.537,-92.227,4.282,1805.2,16.73358898,-3768.0
447566400.0,23.494,-92.22,4.285,1804.2,15.15219456,-3758.0
447595200.0,23.457,-92.224,4.284,1805.1,15.02785747,-3756.0
447624000.0,23.415,-92.235,4.288,1803.8,17.60957126,-3759.0
447652800.0,23.373,-92.249,4.276,1803.5,16.09101923,-3761.0
447681600.0,23.339,-92.275,4.284,1806.2,16.8629772,-3765.0
447710400.0,23.299,-92.302,4.292,1805.0,18.73215417,-3756.0
447739200.0,23.265,-92.34,4.279,1805.4,18.91423274,-3763.0
447768000.0,23.239,-92.38,4.282,1803.5,14.74709802,-3762.0
447796800.0,23.221,-92.414,4.284,1804.3,16.43233702,-3760.0
447825600.0,23.189,-92.456,4.289,1808.3,19.91115516,-3765.0
447854400.0,23.177,-92.509,4.279,1803.3,17.3467605,-3769.0
447883200.0,23.163,-92.548,4.279,1804.4,14.41073211,-3778.0
447912000.0,23.147,-92.587,4.285,1805.1,16.42826832,-3795.0
447940800.0,23.147,-92.637,4.28,1804.3,17.1161824,-3767.0
447969600.0,23.14,-92.68,4.28,1805.0,15.19769061,-3763.0
447998400.0,23.134,-92.722,4.279,1803.7,14.36841675,-3762.0
448027200.0,23.141,-92.761,4.281,1804.9,14.24134825,-3774.0
448056000.0,23.141,-92.802,4.277,1803.9,13.8163852,-3720.0
448084800.0,23.147,-92.837,4.281,1804.5,12.33616634,-3695.0
448113600.0,23.157,-92.869,4.28,1804.3,11.04355015,-3743.0
448142400.0,23.164,-92.895,4.28,1803.7,8.271184921,-3760.0
448171200.0,23.17,-92.917,4.283,1804.7,9.237705343,-3764.0
448200000.0,23.176,-92.947,4.279,1804.6,11.91832622,-3762.0
448228800.0,23.195,-92.972,4.283,1804.9,9.562761108,-3762.0
448257600.0,23.209,-92.988,4.276,1804.5,8.01973815,-3759.0
448286400.0,23.227,-93.003,4.282,1805.2,7.771975296,-3756.0
448315200.0,23.238,-93.015,4.282,1803.4,5.922837158,-3755.0
448344000.0,23.255,-93.026,4.278,1806.5,9.241926206,-3752.0
448372800.0,23.276,-93.035,4.277,1804.6,6.280286618,-3753.0
448401600.0,23.285,-93.037,4.282,1804.5,3.448898375,-3754.0
448430400.0,23.297,-93.047,4.282,1805.7,7.477392594,-3759.0
448459200.0,23.321,-93.046,4.285,1803.2,10.04448107,-3761.0
448488000.0,23.341,-93.049,4.279,1806.2,4.206292905,-3764.0
448516800.0,23.346,-93.044,4.281,1806.4,3.02724297,-3764.0
448545600.0,23.357,-93.039,4.285,1805.4,5.728001397,-3762.0
448574400.0,23.373,-93.034,4.28,1805.4,7.297513275,-3761.0
448603200.0,23.39,-93.028,4.279,1804.1,6.039114173,-3763.0
448632000.0,23.396,-93.01,4.287,1806.6,6.605346319,-3757.0
448660800.0,23.411,-93.003,4.284,1805.7,3.429475179,-3760.0
448689600.0,23.41,-92.99,4.281,1804.0,7.530610865,-3753.0
448718400.0,23.425,-92.965,4.282,1804.3,11.06266243,-3755.0
448747200.0,23.424,-92.936,4.284,1804.3,10.24414467,-3762.0
448776000.0,23.412,-92.914,4.283,1804.2,6.86583571,-3760.0
448804800.0,23.412,-92.895,4.28,1803.9,8.679089814,-3763.0
448833600.0,23.408,-92.865,4.285,1805.2,12.06715377,-3758.0
448862400.0,23.389,-92.837,4.284,1804.8,11.88651757,-3764.0
448891200.0,23.37,-92.818,4.277,1804.8,8.287291476,-3766.0
448920000.0,23.357,-92.799,4.287,1805.4,10.33307795,-3772.0
448948800.0,23.338,-92.77,4.284,1804.3,13.5242375,-3770.0
448977600.0,23.308,-92.753,4.279,1806.0,12.31527507,-3734.0
449006400.0,23.28,-92.746,4.285,1804.4,10.27715914,-3730.0
449035200.0,23.253,-92.736,4.289,1803.6,12.85015953,-3764.0
449064000.0,23.223,-92.718,4.284,1804.3,11.62638809,-3761.0
449092800.0,23.193,-92.724,4.278,1801.2,13.72510838,-3681.0
449121600.0,23.158,-92.73,4.292,1804.8,9.923129547,-3715.0
449150400.0,23.138,-92.734,4.29,1805.4,11.13088047,-3765.0
449179200.0,23.096,-92.736,4.276,1803.1,18.4085252,-3760.0
449208000.0,23.059,-92.755,4.285,1805.3,10.06662307,-3764.0
449236800.0,23.047,-92.766,4.292,1805.0,7.551589237,-3762.0
449265600.0,23.018,-92.783,4.279,1805.3,15.71559735,-3756.0
449294400.0,22.985,-92.805,4.285,1804.8,12.70305869,-3763.0
449323200.0,22.959,-92.822,4.277,1804.1,13.8340052,-3763.0
449352000.0,22.929,-92.85,4.286,1805.7,12.06721592,-3765.0
449380800.0,22.913,-92.866,4.285,1805.1,8.212989711,-3769.0
449409600.0,22.893,-92.888,4.277,1804.4,14.23012649,-3767.0
449438400.0,22.876,-92.924,4.28,1805.5,10.97477562,-3748.0
449467200.0,22.873,-92.946,4.284,1804.4,8.28254188,-3754.0
449496000.0,22.865,-92.975,4.277,1805.3,12.07446893,-3752.0
449524800.0,22.859,-93.008,4.287,1805.3,11.56055362,-3754.0
449553600.0,22.858,-93.041,4.282,1803.7,13.10057251,-3760.0
449582400.0,22.868,-93.079,4.277,1805.7,13.48079004,-3752.0
449611200.0,22.87,-93.114,4.279,1804.7,12.17230463,-3752.0
449640000.0,22.883,-93.148,4.284,1805.1,13.64809511,-3658.0
449668800.0,22.897,-93.184,4.28,1804.5,15.50835904,-3739.0
449697600.0,22.907,-93.233,4.279,1806.8,19.67933434,-3746.0
449726400.0,22.936,-93.278,4.284,1804.9,16.44906076,-3758.0
449755200.0,22.961,-93.304,4.285,1804.2,14.28219171,-3751.0
449784000.0,22.983,-93.348,4.283,1805.1,19.69056627,-3756.0
449812800.0,23.017,-93.389,4.284,1805.8,19.46040596,-3751.0
449841600.0,23.059,-93.416,4.29,1809.2,16.89062462,-3754.0
449870400.0,23.089,-93.441,4.288,1804.9,13.51815446,-3758.0
449899200.0,23.124,-93.457,4.284,1805.9,16.42936396,-3753.0
449928000.0,23.168,-93.475,4.285,1806.4,19.06475806,-3746.0
449956800.0,23.21,-93.474,4.284,1805.9,9.772681311,-3748.0
449985600.0,23.225,-93.47,4.285,1805.6,9.260939477,-3751.0
450014400.0,23.264,-93.468,4.285,1805.6,15.99276399,-3751.0
450043200.0,23.295,-93.453,4.284,1805.4,10.99971363,-3759.0
450072000.0,23.312,-93.429,4.284,1806.8,11.61983218,-3755.0
450100800.0,23.335,-93.407,4.287,1806.2,9.987096675,-3759.0
450129600.0,23.348,-93.382,4.283,1804.5,14.00114638,-3756.0
450158400.0,23.374,-93.344,4.282,1805.6,16.38851427,-3753.0
450187200.0,23.368,-93.3,4.285,1807.2,13.24974339,-3758.0
450216000.0,23.367,-93.271,4.281,1804.5,10.28148822,-3755.0
450244800.0,23.371,-93.237,4.284,1806.4,13.32693888,-3754.0
450273600.0,23.367,-93.199,4.283,1805.6,13.965418,-3753.0
450302400.0,23.352,-93.166,4.281,1806.8,11.02449999,-3755.0
450331200.0,23.335,-93.149,4.279,1805.8,7.838418208,-3753.0
450360000.0,23.326,-93.128,4.282,1807.7,8.853050322,-3756.0
450388800.0,23.312,-93.105,4.28,1806.4,12.03565536,-3757.0
450417600.0,23.283,-93.092,4.279,1806.4,7.675838716,-3755.0
450446400.0,23.273,-93.087,4.282,1805.4,6.829597353,-3759.0
450475200.0,23.248,-93.074,4.281,1806.3,10.39471019,-3761.0
450504000.0,23.229,-93.066,4.284,1805.9,7.890025349,-3749.0
450532800.0,23.204,-93.072,4.281,1806.6,10.93215898,-3753.0
450561600.0,23.183,-93.079,4.283,1807.4,3.423171045,-3754.0
450590400.0,23.175,-93.08,4.283,1807.3,9.585123891,-3756.0
450619200.0,23.138,-93.093,4.283,1806.5,12.84599938,-3757.0
450648000.0,23.121,-93.109,4.282,1807.0,9.06690686,-3752.0
450676800.0,23.099,-93.129,4.28,1807.7,10.54241908,-3758.0
450705600.0,23.089,-93.153,4.279,1806.6,8.612038086,-3763.0
450734400.0,23.069,-93.17,4.285,1805.1,11.62065833,-3765.0
450763200.0,23.056,-93.204,4.282,1807.0,12.47798061,-3763.0
450792000.0,23.054,-93.234,4.283,1805.4,10.23271714,-3755.0
450820800.0,23.048,-93.264,4.283,1807.3,11.00838317,-3753.0
450849600.0,23.051,-93.296,4.287,1806.8,12.11151518,-3750.0
450878400.0,23.056,-93.329,4.278,1803.2,11.03279203,-3752.0
450907200.0,23.063,-93.358,4.286,1803.5,11.2895084,-3759.0
450936000.0,23.076,-93.39,4.292,1804.4,13.08260677,-3757.0
450964800.0,23.097,-93.417,4.285,1804.4,11.04876916,-3757.0
450993600.0,23.113,-93.438,4.281,1804.3,9.270706553,-3758.0
451022400.0,23.131,-93.457,4.285,1805.5,10.03718088,-3754.0
451051200.0,23.155,-93.47,4.289,1805.3,11.24185483,-3750.0
451080000.0,23.176,-93.488,4.285,1804.0,6.757070371,-3746.0
451108800.0,23.192,-93.492,4.29,1804.5,10.21765139,-3744.0
451137600.0,23.224,-93.5,4.286,1803.8,10.68034644,-3748.0
451166400.0,23.243,-93.493,4.288,1806.0,7.621213814,-3750.0
451195200.0,23.269,-93.488,4.287,1804.8,13.19383568,-3753.0
451224000.0,23.303,-93.476,4.285,1804.3,11.35304364,-3757.0
451252800.0,23.322,-93.459,4.284,1804.7,10.96777097,-3761.0
451281600.0,23.35,-93.437,4.287,1805.0,13.07487667,-3758.0
451310400.0,23.374,-93.415,4.284,1805.3,12.5343129,-3756.0
451339200.0,23.405,-93.396,4.281,1803.5,14.41433314,-3760.0
451368000.0,23.434,-93.362,4.284,1806.3,19.78938352,-3757.0
451396800.0,23.464,-93.318,4.279,1803.8,14.4945576,-3756.0
451425600.0,23.484,-93.294,4.282,1805.6,14.33594782,-3754.0
451454400.0,23.515,-93.252,4.279,1803.0,19.71134191,-3754.0
451483200.0,23.539,-93.211,4.277,1802.8,16.87543185,-3748.0
451512000.0,23.554,-93.166,4.279,1803.5,14.92390364,-3749.0
451540800.0,23.569,-93.131,4.274,1801.1,15.75112694,-3760.0
451569600.0,23.6,-93.092,4.275,1802.6,18.18763591,-3761.0
451598400.0,23.607,-93.043,4.276,1802.4,16.99077691,-3765.0
451627200.0,23.607,-93.002,4.274,1802.8,11.70193146,-3760.0
451656000.0,23.616,-92.972,4.276,1803.0,12.88180888,-3753.0
451684800.0,23.618,-92.931,4.276,1801.0,14.00406013,-3764.0
451713600.0,23.613,-92.899,4.273,1803.2,8.788202319,-3754.0
451742400.0,23.606,-92.876,4.278,1803.4,11.61338021,-3751.0
451771200.0,23.589,-92.844,4.276,1802.9,10.33017425,-3754.0
451800000.0,23.589,-92.824,4.277,1803.7,6.00020833,-3754.0
451828800.0,23.579,-92.809,4.274,1805.9,8.653611963,-3758.0
451857600.0,23.556,-92.801,4.275,1803.7,7.634664367,-3761.0
451886400.0,23.545,-92.793,4.277,1804.2,3.428119018,-3766.0
451915200.0,23.535,-92.79,4.274,1801.7,6.034608521,-3764.0
451944000.0,23.516,-92.787,4.28,1808.1,7.568566575,-3764.0
451972800.0,23.498,-92.795,4.283,1803.7,8.307935965,-3766.0
452001600.0,23.483,-92.809,4.275,1803.2,4.880696672,-3767.0
452030400.0,23.48,-92.815,4.28,1805.1,2.835577543,-3767.0
452059200.0,23.475,-92.827,4.282,1805.0,5.751912725,-3763.0
452088000.0,23.463,-92.842,4.284,1801.8,8.975979055,-3776.0
452116800.0,23.46,-92.865,4.278,1803.9,5.478412179,-3778.0
452145600.0,23.469,-92.87,4.283,1805.3,2.324177274,-3777.0
452174400.0,23.465,-92.886,4.285,1805.7,8.155519603,-3763.0
452203200.0,23.469,-92.908,4.279,1804.1,6.350590524,-3757.0
452232000.0,23.476,-92.917,4.279,1804.5,3.70418682,-3759.0
452260800.0,23.479,-92.929,4.283,1805.4,6.132642171,-3755.0
452289600.0,23.48,-92.951,4.279,1803.3,8.825876727,-3757.0
452318400.0,23.49,-92.975,4.282,1805.2,9.225470178,-3762.0
452347200.0,23.498,-92.999,4.274,1805.1,8.87771367,-3761.0
452376000.0,23.507,-93.022,4.279,1804.9,8.606189633,-3756.0
452404800.0,23.516,-93.045,4.285,1805.4,10.14970443,-3759.0
452433600.0,23.535,-93.069,4.277,1804.1,10.08146815,-3753.0
452462400.0,23.546,-93.092,4.278,1805.2,9.836427197,-3750.0
452491200.0,23.566,-93.119,4.285,1806.1,15.90484203,-3759.0
452520000.0,23.599,-93.151,4.282,1803.5,14.46840005,-3765.0
452548800.0,23.617,-93.178,4.279,1804.2,12.07643987,-3760.0
452577600.0,23.642,-93.209,4.284,1806.0,17.28840363,-3751.0
452606400.0,23.68,-93.237,4.285,1805.5,15.37243312,-3756.0
452635200.0,23.708,-93.257,4.282,1805.3,13.55005535,-3768.0
452664000.0,23.742,-93.285,4.279,1803.8,17.98187977,-3786.0
452692800.0,23.782,-93.311,4.279,1805.2,17.88387262,-3762.0
452721600.0,23.824,-93.326,4.285,1804.3,15.62506,-3750.0
452750400.0,23.86,-93.347,4.277,1804.8,17.42336936,-3748.0
452779200.0,23.909,-93.371,4.277,1805.5,24.63289061,-3734.0
452808000.0,23.968,-93.387,4.277,1803.2,16.35649107,-3707.0
452836800.0,23.993,-93.384,4.268,1803.6,9.352582531,-3703.0
452865600.0,24.031,-93.391,4.276,1805.1,21.24110402,-3693.0
452894400.0,24.09,-93.407,4.276,1803.3,20.98015253,-3707.0
452923200.0,24.134,-93.394,4.271,1805.3,15.45200634,-3725.0
452952000.0,24.171,-93.391,4.268,1804.4,13.54788913,-3733.0
452980800.0,24.202,-93.377,4.273,1804.4,11.21396451,-3734.0
453009600.0,24.232,-93.364,4.27,1804.1,18.06881291,-3732.0
453038400.0,24.281,-93.339,4.266,1803.6,17.10771171,-3752.0
453067200.0,24.298,-93.313,4.273,1802.6,8.085771454,-3747.0
453096000.0,24.314,-93.296,4.263,1801.8,11.30218121,-3744.0
453124800.0,24.34,-93.271,4.271,1804.5,13.86498107,-3745.0
453153600.0,24.348,-93.235,4.27,1802.9,11.34155192,-3743.0
453182400.0,24.345,-93.211,4.264,1804.0,7.710648481,-3741.0
453211200.0,24.355,-93.187,4.264,1804.2,10.15264498,-3741.0
453240000.0,24.346,-93.157,4.271,1804.0,12.4302856,-3750.0
453268800.0,24.327,-93.138,4.265,1800.6,4.62533242,-3744.0
453297600.0,24.329,-93.129,4.264,1800.8,4.543709938,-3741.0
453326400.0,24.307,-93.12,4.277,1802.2,8.862917127,-3736.0
453355200.0,24.294,-93.123,4.268,1800.0,2.927968579,-3735.0
453384000.0,24.291,-93.127,4.265,1800.6,2.469412886,-3738.0
453412800.0,24.28,-93.132,4.274,1804.1,6.53176852,-3741.0
453441600.0,24.264,-93.145,4.272,1801.0,8.480053066,-3745.0
453470400.0,24.258,-93.168,4.266,1801.1,10.09503839,-3741.0
453499200.0,24.271,-93.194,4.269,1803.4,7.378346698,-3745.0
453528000.0,24.256,-93.212,4.274,1802.3,11.6890761,-3742.0
453556800.0,24.243,-93.244,4.274,1801.9,13.66856247,-3745.0
453585600.0,24.259,-93.281,4.27,1802.1,11.4239923,-3742.0
453614400.0,24.259,-93.307,4.268,1801.2,10.88253647,-3746.0
453643200.0,24.261,-93.35,4.272,1801.9,19.42091656,-3746.0
453672000.0,24.271,-93.408,4.273,1801.8,20.41135468,-3744.0
453700800.0,24.302,-93.447,4.271,1801.8,12.72468467,-3743.0
453729600.0,24.309,-93.474,4.265,1801.5,12.13769748,-3742.0
453758400.0,24.33,-93.516,4.274,1806.4,20.04925186,-3751.0
453787200.0,24.361,-93.561,4.272,1804.0,17.73534888,-3763.0
453816000.0,24.398,-93.586,4.269,1802.6,17.13600012,-3789.0
453844800.0,24.436,-93.612,4.267,1801.9,16.03181836,-3765.0
453873600.0,24.465,-93.632,4.268,1802.9,10.89213019,-3816.0
453902400.0,24.493,-93.64,4.268,1802.8,13.84237335,-3751.0
453931200.0,24.535,-93.646,4.272,1802.6,17.34878958,-3751.0
453960000.0,24.573,-93.631,4.268,1802.7,10.68088479,-3746.0
453988800.0,24.59,-93.624,4.265,1802.5,8.076682487,-3739.0
454017600.0,24.616,-93.613,4.271,1803.7,11.37905532,-3746.0
454046400.0,24.635,-93.587,4.27,1802.1,14.77037576,-3746.0
454075200.0,24.647,-93.545,4.264,1803.4,11.90671239,-3741.0
454104000.0,24.657,-93.525,4.267,1803.6,7.490006676,-3742.0
454132800.0,24.662,-93.496,4.265,1801.2,12.11323656,-3733.0
454161600.0,24.663,-93.461,4.268,1803.7,11.86301817,-3727.0
454190400.0,24.651,-93.428,4.264,1801.1,14.70323094,-3735.0
454219200.0,24.629,-93.395,4.261,1801.1,10.45853718,-3713.0
454248000.0,24.612,-93.381,4.27,1801.7,10.5510663,-3716.0
454276800.0,24.582,-93.354,4.267,1800.7,16.18608353,-3733.0
454305600.0,24.554,-93.337,4.268,1800.2,7.318640584,-3733.0
454334400.0,24.536,-93.344,4.264,1801.3,11.55939445,-3735.0
454363200.0,24.499,-93.348,4.271,1801.5,11.85931701,-3745.0
454392000.0,24.481,-93.352,4.27,1801.7,6.570273967,-3731.0
454420800.0,24.463,-93.368,4.27,1801.2,10.59202058,-3731.0
454449600.0,24.444,-93.389,4.266,1801.4,9.164523992,-3733.0
454478400.0,24.432,-93.409,4.273,1803.5,9.189151212,-3748.0
454507200.0,24.427,-93.439,4.272,1802.8,11.53191224,-3781.0
454536000.0,24.43,-93.469,4.268,1799.9,8.678859372,-3777.0
454564800.0,24.433,-93.491,4.269,1800.7,8.523479337,-3770.0
454593600.0,24.439,-93.518,4.268,1802.1,10.07774776,-3746.0
454622400.0,24.457,-93.543,4.269,1801.9,14.38200264,-3763.0
454651200.0,24.488,-93.563,4.27,1800.3,8.652271378,-3754.0
454680000.0,24.501,-93.565,4.268,1800.3,7.452422425,-3747.0
454708800.0,24.525,-93.586,4.268,1800.9,10.69303512,-3759.0
454737600.0,24.545,-93.582,4.269,1801.1,8.605719029,-3748.0
454766400.0,24.564,-93.567,4.27,1801.7,8.854112039,-3737.0
454795200.0,24.586,-93.56,4.271,1802.0,8.47001771,-3742.0
454824000.0,24.599,-93.544,4.27,1802.4,7.046374955,-3742.0
454852800.0,24.604,-93.524,4.268,1801.4,8.917981834,-3743.0
454881600.0,24.618,-93.5,4.268,1801.3,8.31578018,-3747.0
454910400.0,24.614,-93.477,4.272,1802.0,11.41275164,-3750.0
454939200.0,24.606,-93.445,4.265,1801.5,6.86539875,-3753.0
454968000.0,24.602,-93.434,4.266,1802.5,9.383629362,-3753.0
454996800.0,24.576,-93.405,4.271,1801.0,11.75265927,-3761.0
455025600.0,24.565,-93.387,4.273,1802.1,9.223448379,-3741.0
455054400.0,24.534,-93.364,4.266,1801.0,16.30266849,-3734.0
455083200.0,24.502,-93.345,4.264,1801.7,12.01601015,-3748.0
455112000.0,24.473,-93.347,4.271,1801.8,10.43667093,-3730.0
455140800.0,24.445,-93.351,4.268,1800.8,12.50166789,-3732.0
455169600.0,24.411,-93.348,4.267,1802.0,11.57145194,-3745.0
455198400.0,24.394,-93.367,4.269,1801.1,13.82638058,-3748.0
