Date (yyyy-MMM-dd hh:mm),Latitude (N),Longitude (W),Temperature (C),Pressure (dbar),Speed (cm/s),Bottom Depth (m),Depth (m)
9/14/2012 8:00,22.131,-96.643,4.261,1574.5,1.304952106,-2065.0,-1565.85
9/14/2012 16:00,22.131,-96.644,4.27,1577.5,2.856588875,-2065.0,-1568.83
9/15/2012 0:00,22.135,-96.629,4.277,1578.2,4.501388675,-2028.0,-1569.53
9/15/2012 8:00,22.133,-96.626,4.259,1576.6,1.154123044,-1996.0,-1567.94
9/15/2012 16:00,22.135,-96.624,4.262,1578.2,5.229196879,-2016.0,-1569.53
9/16/2012 0:00,22.137,-96.605,4.279,1580.8,4.127820248,-1985.0,-1572.11
9/16/2012 8:00,22.128,-96.608,4.273,1579.8,3.804655043,-2025.0,-1571.12
9/16/2012 16:00,22.129,-96.611,4.261,1579.6,2.831342438,-2014.0,-1570.92
9/17/2012 0:00,22.135,-96.602,4.273,1581.2,6.309167932,-1983.0,-1572.51
9/17/2012 8:00,22.125,-96.584,4.279,1582.3,6.402515131,-2073.0,-1573.61
9/17/2012 16:00,22.113,-96.591,4.268,1581.2,4.179677021,-2105.0,-1572.51
9/18/2012 0:00,22.121,-96.595,4.268,1581.2,4.968057971,-2061.0,-1572.51
9/18/2012 8:00,22.124,-96.577,4.277,1583.1,7.479144336,-2085.0,-1574.4
9/18/2012 16:00,22.108,-96.568,4.273,1581.9,6.373892061,-2136.0,-1573.21
9/19/2012 0:00,22.102,-96.578,4.268,1582.1,4.857736098,-2145.0,-1573.41
9/19/2012 8:00,22.116,-96.577,4.269,1581.5,7.088652904,-2108.0,-1572.81
9/19/2012 16:00,22.112,-96.554,4.277,1582.8,5.704349218,-2137.0,-1574.1
9/20/2012 0:00,22.104,-96.559,4.274,1582.5,3.889318706,-2154.0,-1573.8
9/20/2012 8:00,22.107,-96.568,4.268,1582.2,6.087133973,-2136.0,-1573.51
9/20/2012 16:00,22.117,-96.575,4.271,1582.6,4.195056615,-2095.0,-1573.9
9/21/2012 0:00,22.111,-96.555,4.273,1583.4,3.204122345,-2127.0,-1574.7
9/21/2012 8:00,22.109,-96.567,4.265,1582.8,2.880069444,-2122.0,-1574.1
9/21/2012 16:00,22.112,-96.564,4.269,1584.3,3.751226466,-2123.0,-1575.59
9/22/2012 0:00,22.124,-96.57,4.274,1583.0,3.491718774,-2073.0,-1574.3
9/22/2012 8:00,22.124,-96.559,4.262,1581.8,4.222321636,-2066.0,-1573.11
9/22/2012 16:00,22.115,-96.563,4.268,1583.0,3.610678607,-2104.0,-1574.3
9/23/2012 0:00,22.125,-96.568,4.268,1580.2,5.369785843,-2073.0,-1571.52
9/23/2012 8:00,22.134,-96.558,4.272,1583.0,3.172459614,-2029.0,-1574.3
9/23/2012 16:00,22.132,-96.555,4.266,1581.7,1.617219837,-2043.0,-1573.01
9/24/2012 0:00,22.131,-96.554,4.268,1582.5,3.050835951,-2045.0,-1573.8
9/24/2012 8:00,22.137,-96.567,4.267,1580.9,3.934984117,-2063.0,-1572.21
9/24/2012 16:00,22.141,-96.565,4.263,1581.3,3.806441908,-2069.0,-1572.61
9/25/2012 0:00,22.141,-96.558,4.265,1581.9,1.909188309,-2059.0,-1573.21
9/25/2012 8:00,22.137,-96.572,4.266,1581.7,6.538516651,-2077.0,-1573.01
9/25/2012 16:00,22.141,-96.578,4.266,1581.5,6.625299993,-2086.0,-1572.81
9/26/2012 0:00,22.148,-96.556,4.264,1582.0,1.312440475,-2143.0,-1573.31
9/26/2012 8:00,22.142,-96.574,4.263,1580.9,7.638514253,-2116.0,-1572.21
9/26/2012 16:00,22.138,-96.582,4.261,1581.9,2.93955779,-2060.0,-1573.21
9/27/2012 0:00,22.146,-96.59,4.264,1580.6,1.647786394,-2046.0,-1571.92
9/27/2012 8:00,22.142,-96.586,4.259,1581.7,2.861485628,-2041.0,-1573.01
9/27/2012 16:00,22.134,-96.592,4.259,1580.6,3.823937761,-1994.0,-1571.92
9/28/2012 0:00,22.127,-96.585,4.26,1581.3,1.088117641,-2061.0,-1572.61
9/28/2012 8:00,22.131,-96.598,4.256,1580.5,3.061143577,-2003.0,-1571.82
9/28/2012 16:00,22.122,-96.598,4.264,1581.3,2.227487374,-2056.0,-1572.61
9/29/2012 0:00,22.123,-96.604,4.257,1580.9,1.133578405,-2053.0,-1572.21
9/29/2012 8:00,22.114,-96.602,4.26,1581.1,3.910306893,-2099.0,-1572.41
9/29/2012 16:00,22.112,-96.616,4.256,1580.2,1.796273921,-2103.0,-1571.52
9/30/2012 0:00,22.105,-96.605,4.263,1579.4,5.683396872,-2134.0,-1570.72
9/30/2012 8:00,22.097,-96.603,4.259,1579.7,4.615213971,-2147.0,-1571.02
9/30/2012 16:00,22.089,-96.614,4.259,1581.4,3.114642837,-2129.0,-1572.71
10/1/2012 0:00,22.086,-96.612,4.261,1580.7,5.298122309,-2130.0,-1572.01
10/1/2012 8:00,22.071,-96.598,4.257,1580.6,7.223572523,-2128.0,-1571.92
10/1/2012 16:00,22.058,-96.6,4.263,1580.7,3.911521443,-2104.0,-1572.01
10/2/2012 0:00,22.056,-96.607,4.256,1578.6,0.297321375,-2091.0,-1569.93
10/2/2012 8:00,22.052,-96.599,4.257,1580.0,6.01911123,-2098.0,-1571.32
10/2/2012 16:00,22.039,-96.59,4.259,1579.4,7.067595065,-2086.0,-1570.72
10/3/2012 0:00,22.022,-96.601,4.253,1579.7,3.330135132,-2034.0,-1571.02
10/3/2012 8:00,22.019,-96.591,4.253,1578.7,4.080612699,-2029.0,-1570.03
10/3/2012 16:00,22.004,-96.589,4.254,1580.1,8.814766021,-1995.0,-1571.42
10/4/2012 0:00,21.981,-96.587,4.249,1578.9,6.721971437,-1984.0,-1570.22
10/4/2012 8:00,21.968,-96.591,4.249,1578.7,6.440194096,-1976.0,-1570.03
10/4/2012 16:00,21.948,-96.585,4.257,1579.3,6.091543318,-2019.0,-1570.62
10/5/2012 0:00,21.937,-96.577,4.253,1578.4,9.326290795,-2057.0,-1569.73
10/5/2012 8:00,21.911,-96.557,4.257,1579.3,9.458990432,-2108.0,-1570.62
10/5/2012 16:00,21.896,-96.555,4.253,1579.4,6.081611629,-2106.0,-1570.72
10/6/2012 0:00,21.877,-96.547,4.259,1579.6,9.216094618,-2059.0,-1570.92
10/6/2012 8:00,21.86,-96.529,4.256,1579.2,8.007696298,-2031.0,-1570.52
10/6/2012 16:00,21.839,-96.521,4.256,1579.2,10.36139469,-1981.0,-1570.52
10/7/2012 0:00,21.822,-96.498,4.262,1580.1,6.426585408,-2083.0,-1571.42
10/7/2012 8:00,21.814,-96.493,4.258,1577.6,6.08740503,-2089.0,-1568.93
10/7/2012 16:00,21.798,-96.474,4.253,1578.5,6.665230679,-2131.0,-1569.83
10/8/2012 0:00,21.79,-96.463,4.261,1579.7,10.12504321,-2156.0,-1571.02
10/8/2012 8:00,21.775,-96.432,4.253,1578.1,6.003040896,-2182.0,-1569.43
10/8/2012 16:00,21.778,-96.429,4.248,1578.4,5.19339003,-2183.0,-1569.73
10/9/2012 0:00,21.765,-96.4,4.252,1578.4,10.13076996,-2058.0,-1569.73
10/9/2012 8:00,21.752,-96.393,4.247,1576.6,4.109659353,-1994.0,-1567.94
10/9/2012 16:00,21.749,-96.375,4.244,1576.9,7.830006386,-1951.0,-1568.24
10/10/2012 0:00,21.747,-96.351,4.24,1576.7,11.12863424,-2047.0,-1568.04
10/10/2012 8:00,21.743,-96.323,4.235,1576.3,3.605551275,-2155.0,-1567.64
10/10/2012 16:00,21.746,-96.323,4.232,1576.3,4.887535166,-2168.0,-1567.64
10/11/2012 0:00,21.737,-96.293,4.23,1575.9,10.91831947,-1964.0,-1567.24
10/11/2012 8:00,21.728,-96.272,4.222,1571.6,9.857078675,-1870.0,-1562.96
10/11/2012 16:00,21.724,-96.245,4.259,1624.8,3.092329219,-2260.0,-1615.87
10/12/2012 0:00,21.728,-96.253,4.25,1626.3,2.857008925,-2116.0,-1617.36
10/12/2012 8:00,21.732,-96.246,4.261,1651.7,1.840543398,-2206.0,-1642.62
10/12/2012 16:00,21.729,-96.251,4.262,1656.5,3.57687014,-2116.0,-1647.4
10/13/2012 0:00,21.736,-96.255,4.286,1622.4,2.121508897,-2129.0,-1613.49
10/13/2012 8:00,21.727,-96.245,4.262,1656.4,3.820994635,-2261.0,-1647.3
10/13/2012 16:00,21.726,-96.246,4.256,1629.6,1.536391877,-2192.0,-1620.65
10/14/2012 0:00,21.731,-96.244,4.26,1637.5,2.8609439,-2260.0,-1628.5
10/14/2012 8:00,21.731,-96.252,4.261,1633.7,4.016279373,-2145.0,-1624.72
10/14/2012 16:00,21.72,-96.237,4.252,1650.0,3.041052449,-2270.0,-1640.93
10/15/2012 0:00,21.728,-96.24,4.251,1656.3,5.791044811,-2301.0,-1647.2
10/15/2012 8:00,21.736,-96.236,4.255,1683.3,3.256286228,-2356.0,-1674.05
10/15/2012 16:00,21.722,-96.252,4.255,1669.7,5.581684334,-2077.0,-1660.53
10/16/2012 0:00,21.729,-96.253,4.243,1643.3,6.065904714,-2116.0,-1634.27
10/16/2012 8:00,21.735,-96.237,4.243,1649.2,6.222290575,-2356.0,-1640.14
10/16/2012 16:00,21.725,-96.228,4.241,1646.8,1.540519393,-2371.0,-1637.75
10/17/2012 0:00,21.727,-96.235,4.234,1642.3,3.48208271,-2328.0,-1633.28
10/17/2012 8:00,21.721,-96.239,4.232,1645.1,1.534438008,-2290.0,-1636.06
10/17/2012 16:00,21.726,-96.226,4.232,1646.9,6.600515131,-2371.0,-1637.85
10/18/2012 0:00,21.719,-96.211,4.224,1631.8,5.209193796,-2312.0,-1622.83
10/18/2012 8:00,21.706,-96.211,4.232,1646.4,4.731025259,-2185.0,-1637.35
10/18/2012 16:00,21.699,-96.194,4.226,1644.2,5.97235297,-2294.0,-1635.17
10/19/2012 0:00,21.689,-96.184,4.228,1647.3,6.50006923,-2257.0,-1638.25
10/19/2012 8:00,21.68,-96.164,4.235,1648.0,6.723094526,-2289.0,-1638.94
10/19/2012 16:00,21.674,-96.155,4.235,1646.9,3.160838496,-2273.0,-1637.85
10/20/2012 0:00,21.668,-96.146,4.235,1646.6,9.370901771,-2262.0,-1637.55
10/20/2012 8:00,21.669,-96.113,4.234,1648.1,8.418081729,-2355.0,-1639.04
10/20/2012 16:00,21.654,-96.106,4.244,1647.9,4.720190674,-2339.0,-1638.85
10/21/2012 0:00,21.652,-96.09,4.237,1648.2,6.870705932,-2568.0,-1639.14
10/21/2012 8:00,21.644,-96.074,4.237,1648.6,5.546467344,-2569.0,-1639.54
10/21/2012 16:00,21.639,-96.059,4.238,1647.6,7.863841301,-2584.0,-1638.55
10/22/2012 0:00,21.636,-96.034,4.237,1646.7,7.859039382,-2492.0,-1637.65
10/22/2012 8:00,21.626,-96.017,4.237,1647.3,8.520375579,-2342.0,-1638.25
10/22/2012 16:00,21.619,-95.99,4.242,1648.4,9.936483281,-2307.0,-1639.34
10/23/2012 0:00,21.616,-95.969,4.241,1649.0,6.426173045,-2495.0,-1639.94
10/23/2012 8:00,21.598,-95.959,4.243,1647.8,7.732696813,-2488.0,-1638.75
10/23/2012 16:00,21.588,-95.943,4.243,1650.8,7.229280739,-2504.0,-1641.73
10/24/2012 0:00,21.579,-95.922,4.24,1647.4,10.04956218,-2511.0,-1638.35
10/24/2012 8:00,21.564,-95.898,4.241,1648.3,9.54025681,-2448.0,-1639.24
10/24/2012 16:00,21.543,-95.885,4.245,1648.9,11.02570179,-2379.0,-1639.84
10/25/2012 0:00,21.527,-95.861,4.241,1648.1,4.723187483,-2405.0,-1639.04
10/25/2012 8:00,21.518,-95.868,4.241,1648.0,4.406143438,-2361.0,-1638.94
10/25/2012 16:00,21.501,-95.845,4.239,1648.2,13.10782972,-2405.0,-1639.14
10/26/2012 0:00,21.477,-95.832,4.241,1648.7,7.522831914,-2453.0,-1639.64
10/26/2012 8:00,21.464,-95.838,4.243,1648.4,4.704147107,-2442.0,-1639.34
10/26/2012 16:00,21.45,-95.821,4.24,1647.4,8.194937462,-2477.0,-1638.35
10/27/2012 0:00,21.429,-95.82,4.241,1649.5,8.032247506,-2458.0,-1640.44
10/27/2012 8:00,21.411,-95.816,4.238,1649.0,5.96632215,-2432.0,-1639.94
10/27/2012 16:00,21.395,-95.813,4.243,1649.2,8.276986166,-2422.0,-1640.14
10/28/2012 0:00,21.37,-95.815,4.243,1648.4,8.986439784,-2402.0,-1639.34
10/28/2012 8:00,21.354,-95.82,4.243,1648.2,5.055373379,-2392.0,-1639.14
10/28/2012 16:00,21.34,-95.821,4.247,1648.4,5.990901435,-2384.0,-1639.34
10/29/2012 0:00,21.322,-95.819,4.242,1648.6,8.170152997,-2363.0,-1639.54
10/29/2012 8:00,21.3,-95.825,4.244,1648.0,9.310692778,-2279.0,-1638.94
10/29/2012 16:00,21.282,-95.842,4.243,1647.6,6.976854592,-2229.0,-1638.55
10/30/2012 0:00,21.266,-95.843,4.243,1647.7,6.919747105,-2276.0,-1638.65
10/30/2012 8:00,21.249,-95.856,4.239,1648.0,7.576707728,-2210.0,-1638.94
10/30/2012 16:00,21.241,-95.869,4.243,1645.9,4.649440827,-2154.0,-1636.86
10/31/2012 0:00,21.234,-95.88,4.235,1646.1,4.624078287,-2188.0,-1637.06
10/31/2012 8:00,21.23,-95.891,4.244,1646.5,3.710013477,-2228.0,-1637.45
10/31/2012 16:00,21.234,-95.901,4.238,1644.7,4.933933522,-2284.0,-1635.66
11/1/2012 0:00,21.239,-95.913,4.241,1648.7,3.645888095,-2296.0,-1639.64
11/1/2012 8:00,21.243,-95.92,4.243,1647.0,3.243269955,-2299.0,-1637.95
11/1/2012 16:00,21.247,-95.929,4.241,1646.8,3.279405434,-2298.0,-1637.75
11/2/2012 0:00,21.259,-95.929,4.241,1647.7,5.419344979,-2256.0,-1638.65
11/2/2012 8:00,21.271,-95.937,4.242,1646.5,4.184925328,-2171.0,-1637.45
11/2/2012 16:00,21.281,-95.94,4.241,1646.0,5.994163828,-2111.0,-1636.96
11/3/2012 0:00,21.3,-95.951,4.241,1647.0,8.593253167,-2041.0,-1637.95
11/3/2012 8:00,21.319,-95.954,4.243,1645.7,7.00285656,-2089.0,-1636.66
11/3/2012 16:00,21.336,-95.953,4.242,1645.4,5.843372314,-2180.0,-1636.36
11/4/2012 0:00,21.348,-95.95,4.244,1646.6,7.482272382,-2232.0,-1637.55
11/4/2012 8:00,21.366,-95.972,4.241,1646.0,8.97677559,-2261.0,-1636.96
11/4/2012 16:00,21.39,-95.958,4.241,1646.2,10.21875237,-2400.0,-1637.15
11/5/2012 0:00,21.403,-95.952,4.25,1645.7,2.41364869,-2372.0,-1636.66
11/5/2012 8:00,21.409,-95.963,4.247,1645.5,8.317144943,-2409.0,-1636.46
11/5/2012 16:00,21.433,-95.977,4.246,1646.4,10.31175058,-2183.0,-1637.35
11/6/2012 0:00,21.451,-95.964,4.246,1646.7,5.984989557,-2122.0,-1637.65
11/6/2012 8:00,21.45,-95.958,4.252,1646.1,2.146625258,-2158.0,-1637.06
11/6/2012 16:00,21.461,-95.969,4.249,1646.0,6.340804365,-2141.0,-1636.96
11/7/2012 0:00,21.472,-95.97,4.245,1648.2,2.51001992,-2177.0,-1639.14
11/7/2012 8:00,21.472,-95.962,4.255,1645.0,3.165896398,-2189.0,-1635.96
11/7/2012 16:00,21.476,-95.954,4.25,1644.9,2.929590415,-2217.0,-1635.86
11/8/2012 0:00,21.468,-95.95,4.248,1645.9,0.57,-2212.0,-1636.86
11/8/2012 8:00,21.478,-95.955,4.253,1648.0,3.148158192,-2206.0,-1638.94
11/8/2012 16:00,21.476,-95.95,4.251,1645.4,4.087101663,-2217.0,-1636.36
11/9/2012 0:00,21.468,-95.944,4.248,1645.7,2.196588264,-2247.0,-1636.66
11/9/2012 8:00,21.469,-95.947,4.254,1646.5,2.575131065,-2229.0,-1637.45
11/9/2012 16:00,21.476,-95.943,4.248,1645.3,3.3184635,-2242.0,-1636.26
11/10/2012 0:00,21.475,-95.934,4.249,1645.7,1.763235662,-2267.0,-1636.66
11/10/2012 8:00,21.475,-95.934,4.254,1646.9,1.249199744,-2267.0,-1637.85
11/10/2012 16:00,21.47,-95.932,4.254,1645.9,1.693576098,-2298.0,-1636.86
11/11/2012 0:00,21.476,-95.926,4.253,1644.6,4.280280365,-2287.0,-1635.56
11/11/2012 8:00,21.479,-95.919,4.253,1646.2,2.204835595,-2308.0,-1637.15
11/11/2012 16:00,21.472,-95.919,4.256,1646.2,0.522398315,-2314.0,-1637.15
11/12/2012 0:00,21.479,-95.916,4.258,1646.7,4.544282122,-2314.0,-1637.65
11/12/2012 8:00,21.484,-95.91,4.259,1647.1,0.323109888,-2339.0,-1638.05
11/12/2012 16:00,21.482,-95.915,4.254,1647.4,1.778004499,-2318.0,-1638.35
11/13/2012 0:00,21.49,-95.912,4.261,1647.4,4.508003993,-2344.0,-1638.35
11/13/2012 8:00,21.491,-95.902,4.259,1646.9,1.576483428,-2373.0,-1637.85
11/13/2012 16:00,21.489,-95.905,4.261,1645.7,2.764000724,-2360.0,-1636.66
11/14/2012 0:00,21.502,-95.891,4.261,1646.7,7.546509127,-2374.0,-1637.65
11/14/2012 8:00,21.502,-95.882,4.262,1646.8,3.912339454,-2364.0,-1637.75
11/14/2012 16:00,21.5,-95.9,4.261,1644.5,3.002032645,-2368.0,-1635.46
11/15/2012 0:00,21.509,-95.892,4.259,1644.9,3.544968265,-2359.0,-1635.86
11/15/2012 8:00,21.511,-95.895,4.264,1646.0,1.085034562,-2359.0,-1636.96
11/15/2012 16:00,21.508,-95.892,4.263,1646.7,0.820731381,-2368.0,-1637.65
11/16/2012 0:00,21.509,-95.897,4.259,1645.2,1.691892432,-2356.0,-1636.16
11/16/2012 8:00,21.511,-95.888,4.261,1646.1,3.175295262,-2359.0,-1637.06
11/16/2012 16:00,21.503,-95.889,4.263,1646.9,3.45325933,-2374.0,-1637.85
11/17/2012 0:00,21.503,-95.897,4.263,1645.6,1.92314846,-2370.0,-1636.56
11/17/2012 8:00,21.502,-95.897,4.259,1645.3,1.361249426,-2370.0,-1636.26
11/17/2012 16:00,21.502,-95.891,4.261,1645.8,2.952050135,-2374.0,-1636.76
11/18/2012 0:00,21.499,-95.884,4.263,1646.1,2.83867927,-2375.0,-1637.06
11/18/2012 8:00,21.495,-95.885,4.264,1646.1,3.483676219,-2380.0,-1637.06
11/18/2012 16:00,21.495,-95.891,4.259,1645.3,4.861244697,-2387.0,-1636.26
11/19/2012 0:00,21.487,-95.866,4.261,1646.8,6.091863426,-2337.0,-1637.75
11/19/2012 8:00,21.494,-95.869,4.267,1646.6,4.873694697,-2349.0,-1637.55
11/19/2012 16:00,21.484,-95.88,4.26,1645.5,2.474206944,-2372.0,-1636.46
11/20/2012 0:00,21.489,-95.878,4.26,1645.6,2.400104164,-2367.0,-1636.56
11/20/2012 8:00,21.49,-95.879,4.264,1646.3,2.551234995,-2367.0,-1637.25
11/20/2012 16:00,21.482,-95.872,4.264,1647.0,3.964404117,-2355.0,-1637.95
11/21/2012 0:00,21.475,-95.883,4.263,1645.0,3.287217668,-2357.0,-1635.96
11/21/2012 8:00,21.484,-95.882,4.258,1645.4,3.793164905,-2372.0,-1636.36
11/21/2012 16:00,21.479,-95.873,4.262,1645.4,5.467083317,-2349.0,-1636.36
11/22/2012 0:00,21.465,-95.878,4.266,1644.0,7.663863256,-2332.0,-1634.97
11/22/2012 8:00,21.467,-95.897,4.257,1645.1,1.909057359,-2337.0,-1636.06
11/22/2012 16:00,21.466,-95.879,4.26,1645.0,4.182738338,-2332.0,-1635.96
11/23/2012 0:00,21.455,-95.891,4.27,1644.4,6.388239194,-2344.0,-1635.36
11/23/2012 8:00,21.454,-95.9,4.261,1643.8,3.181351914,-2385.0,-1634.77
11/23/2012 16:00,21.454,-95.905,4.254,1644.7,3.082547648,-2396.0,-1635.66
11/24/2012 0:00,21.445,-95.894,4.263,1645.7,5.999208281,-2368.0,-1636.66
11/24/2012 8:00,21.431,-95.917,4.261,1645.5,8.350431127,-2282.0,-1636.46
11/24/2012 16:00,21.434,-95.925,4.261,1643.1,2.546075411,-2284.0,-1634.07
11/25/2012 0:00,21.436,-95.923,4.253,1644.6,2.409190735,-2295.0,-1635.56
11/25/2012 8:00,21.429,-95.935,4.264,1644.3,5.351121378,-2234.0,-1635.27
11/25/2012 16:00,21.427,-95.944,4.261,1643.5,1.894755921,-2243.0,-1634.47
11/26/2012 0:00,21.423,-95.943,4.258,1644.7,3.727264412,-2247.0,-1635.66
11/26/2012 8:00,21.421,-95.935,4.262,1643.9,1.376117728,-2220.0,-1634.87
11/26/2012 16:00,21.426,-95.942,4.256,1644.9,1.403566885,-2243.0,-1635.86
11/27/2012 0:00,21.423,-95.938,4.259,1645.1,6.672810502,-2233.0,-1636.06
11/27/2012 8:00,21.417,-95.967,4.266,1644.9,3.895754099,-2317.0,-1635.86
11/27/2012 16:00,21.422,-95.956,4.256,1644.1,1.938375609,-2285.0,-1635.07
11/28/2012 0:00,21.416,-95.967,4.253,1644.1,3.948721312,-2357.0,-1635.07
11/28/2012 8:00,21.416,-95.971,4.265,1646.1,3.316941362,-2335.0,-1637.06
11/28/2012 16:00,21.405,-95.98,4.261,1644.1,1.788994131,-2289.0,-1635.07
11/29/2012 0:00,21.411,-95.976,4.261,1642.2,4.248411468,-2326.0,-1633.18
11/29/2012 8:00,21.414,-95.989,4.259,1644.4,4.031203294,-2231.0,-1635.36
11/29/2012 16:00,21.4,-95.985,4.266,1644.5,3.132299475,-2212.0,-1635.46
11/30/2012 0:00,21.4,-95.994,4.264,1645.3,3.23396042,-2088.0,-1636.26
11/30/2012 8:00,21.397,-95.996,4.255,1643.4,1.074150827,-2068.0,-1634.37
11/30/2012 16:00,21.398,-95.996,4.255,1644.1,2.064969733,-2068.0,-1635.07
12/1/2012 0:00,21.393,-96.006,4.263,1645.3,3.394495544,-2041.0,-1636.26
12/1/2012 8:00,21.389,-96.008,4.259,1644.7,3.388952641,-2022.0,-1635.66
12/1/2012 16:00,21.38,-96.006,4.249,1643.2,2.935319403,-2047.0,-1634.17
12/2/2012 0:00,21.383,-96.02,4.256,1644.0,5.872307894,-2133.0,-1634.97
12/2/2012 8:00,21.388,-96.023,4.259,1645.0,4.130907891,-2188.0,-1635.96
12/2/2012 16:00,21.382,-96.01,4.254,1642.6,3.61300429,-2070.0,-1633.57
12/3/2012 0:00,21.378,-96.029,4.259,1644.0,8.115417426,-2177.0,-1634.97
12/3/2012 8:00,21.394,-96.038,4.258,1642.6,5.426693284,-2230.0,-1633.57
12/3/2012 16:00,21.4,-96.031,4.258,1643.7,3.306508733,-2246.0,-1634.67
12/4/2012 0:00,21.397,-96.026,4.254,1643.7,3.553603805,-2243.0,-1634.67
12/4/2012 8:00,21.392,-96.04,4.257,1645.1,9.567716551,-2230.0,-1636.06
12/4/2012 16:00,21.415,-96.058,4.258,1645.0,10.1905937,-2121.0,-1635.96
12/5/2012 0:00,21.43,-96.032,4.256,1643.4,9.25216191,-2374.0,-1634.37
12/5/2012 8:00,21.42,-96.03,4.253,1643.8,9.439703385,-2339.0,-1634.77
12/5/2012 16:00,21.419,-96.059,4.261,1643.6,8.692393226,-2068.0,-1634.57
12/6/2012 0:00,21.445,-96.054,4.262,1643.8,8.520516416,-2178.0,-1634.77
12/6/2012 8:00,21.446,-96.043,4.264,1643.6,6.742143576,-2224.0,-1634.57
12/6/2012 16:00,21.436,-96.036,4.256,1642.1,6.442429666,-2335.0,-1633.08
12/7/2012 0:00,21.444,-96.067,4.256,1644.2,8.964373932,-2155.0,-1635.17
12/7/2012 8:00,21.464,-96.055,4.263,1642.7,9.723399611,-2114.0,-1633.67
12/7/2012 16:00,21.467,-96.039,4.256,1643.6,3.012806001,-2128.0,-1634.57
12/8/2012 0:00,21.462,-96.044,4.252,1642.2,5.914473772,-2161.0,-1633.18
12/8/2012 8:00,21.471,-96.06,4.261,1643.2,7.879016436,-2094.0,-1634.17
12/8/2012 16:00,21.491,-96.052,4.259,1643.3,5.056174443,-2138.0,-1634.27
12/9/2012 0:00,21.486,-96.049,4.256,1643.1,3.401367372,-2112.0,-1634.07
12/9/2012 8:00,21.488,-96.058,4.254,1642.5,4.248870438,-2143.0,-1633.48
12/9/2012 16:00,21.503,-96.052,4.262,1643.5,6.054585039,-2202.0,-1634.47
12/10/2012 0:00,21.513,-96.057,4.26,1643.0,0.700285656,-2228.0,-1633.97
12/10/2012 8:00,21.509,-96.057,4.258,1642.9,2.645770209,-2224.0,-1633.87
12/10/2012 16:00,21.52,-96.068,4.256,1642.5,6.306671071,-2209.0,-1633.48
12/11/2012 0:00,21.533,-96.056,4.256,1642.5,5.015436172,-2266.0,-1633.48
12/11/2012 8:00,21.531,-96.053,4.261,1642.9,2.344397577,-2283.0,-1633.87
12/11/2012 16:00,21.533,-96.062,4.259,1643.8,4.800104166,-2247.0,-1634.77
12/12/2012 0:00,21.547,-96.065,4.259,1643.3,4.581440821,-2238.0,-1634.27
12/12/2012 8:00,21.549,-96.059,4.264,1643.0,4.177750591,-2270.0,-1633.97
12/12/2012 16:00,21.537,-96.06,4.264,1643.8,2.963460815,-2254.0,-1634.77
12/13/2012 0:00,21.548,-96.07,4.26,1643.0,6.1620938,-2208.0,-1633.97
12/13/2012 8:00,21.556,-96.065,4.258,1642.1,2.702961339,-2233.0,-1633.08
12/13/2012 16:00,21.545,-96.069,4.256,1642.8,6.304363568,-2207.0,-1633.77
12/14/2012 0:00,21.55,-96.086,4.257,1642.8,4.979256973,-2149.0,-1633.77
12/14/2012 8:00,21.56,-96.078,4.254,1642.1,3.411231449,-2158.0,-1633.08
12/14/2012 16:00,21.555,-96.078,4.252,1642.3,3.248538133,-2162.0,-1633.28
12/15/2012 0:00,21.553,-96.084,4.252,1642.2,1.672752223,-2154.0,-1633.18
12/15/2012 8:00,21.561,-96.083,4.253,1641.0,4.00244925,-2155.0,-1631.98
12/15/2012 16:00,21.569,-96.083,4.251,1641.7,1.192811804,-2161.0,-1632.68
12/16/2012 0:00,21.565,-96.079,4.25,1642.4,1.696643746,-2161.0,-1633.38
12/16/2012 8:00,21.565,-96.084,4.249,1639.9,2.953116997,-2157.0,-1630.89
12/16/2012 16:00,21.573,-96.082,4.254,1642.2,5.71986888,-2167.0,-1633.18
12/17/2012 0:00,21.575,-96.066,4.251,1641.3,0.445982062,-2239.0,-1632.28
12/17/2012 8:00,21.574,-96.077,4.253,1641.6,0.594810894,-2171.0,-1632.58
12/17/2012 16:00,21.577,-96.066,4.253,1642.2,2.884024965,-2249.0,-1633.18
12/18/2012 0:00,21.577,-96.07,4.253,1642.6,2.82150669,-2219.0,-1633.57
12/18/2012 8:00,21.576,-96.072,4.256,1641.3,1.533949152,-2194.0,-1632.28
12/18/2012 16:00,21.578,-96.062,4.255,1641.0,5.913543777,-2278.0,-1631.98
12/19/2012 0:00,21.573,-96.05,4.255,1640.8,1.732166274,-2322.0,-1631.78
12/19/2012 8:00,21.574,-96.066,4.255,1642.2,6.717514421,-2239.0,-1633.18
12/19/2012 16:00,21.575,-96.076,4.255,1641.8,1.643471935,-2171.0,-1632.78
12/20/2012 0:00,21.571,-96.077,4.251,1641.1,0.603738354,-2171.0,-1632.08
12/20/2012 8:00,21.575,-96.077,4.253,1641.6,1.829890707,-2171.0,-1632.58
12/20/2012 16:00,21.568,-96.07,4.257,1641.1,1.799138683,-2201.0,-1632.08
12/21/2012 0:00,21.571,-96.069,4.255,1640.9,1.390863041,-2207.0,-1631.88
12/21/2012 8:00,21.571,-96.065,4.252,1642.1,0.500899191,-2239.0,-1633.08
12/21/2012 16:00,21.573,-96.064,4.256,1642.4,2.617250466,-2239.0,-1633.38
12/22/2012 0:00,21.572,-96.054,4.256,1642.0,1.66436174,-2322.0,-1632.98
12/22/2012 8:00,21.572,-96.058,4.252,1641.5,2.31043286,-2298.0,-1632.48
12/22/2012 16:00,21.578,-96.057,4.26,1642.6,3.378431589,-2302.0,-1633.57
12/23/2012 0:00,21.58,-96.052,4.259,1642.1,2.596767221,-2326.0,-1633.08
12/23/2012 8:00,21.571,-96.056,4.257,1641.6,2.491104173,-2298.0,-1632.58
12/23/2012 16:00,21.575,-96.055,4.259,1642.4,4.926662156,-2298.0,-1633.38
12/24/2012 0:00,21.577,-96.037,4.261,1642.2,5.203124062,-2344.0,-1633.18
12/24/2012 8:00,21.572,-96.037,4.254,1641.7,5.15993217,-2360.0,-1632.68
12/24/2012 16:00,21.575,-96.054,4.259,1641.4,3.520866371,-2322.0,-1632.38
12/25/2012 0:00,21.577,-96.046,4.257,1642.4,8.69740766,-2339.0,-1633.38
12/25/2012 8:00,21.579,-96.026,4.259,1642.0,0.978621479,-2312.0,-1632.98
12/25/2012 16:00,21.579,-96.043,4.259,1641.4,3.880631392,-2350.0,-1632.38
12/26/2012 0:00,21.579,-96.035,4.261,1642.3,5.554421662,-2344.0,-1633.28
12/26/2012 8:00,21.59,-96.026,4.264,1642.5,3.225678223,-2307.0,-1633.48
12/26/2012 16:00,21.588,-96.022,4.262,1640.9,3.242298567,-2303.0,-1631.88
12/27/2012 0:00,21.583,-96.016,4.266,1643.4,2.033027299,-2302.0,-1634.37
12/27/2012 8:00,21.591,-96.01,4.264,1641.7,4.990561091,-2319.0,-1632.68
12/27/2012 16:00,21.595,-96.002,4.26,1641.4,1.274754878,-2361.0,-1632.38
12/28/2012 0:00,21.589,-96.009,4.268,1643.0,3.012407675,-2319.0,-1633.97
12/28/2012 8:00,21.592,-96.013,4.266,1640.9,0.553624421,-2312.0,-1631.88
12/28/2012 16:00,21.589,-96.01,4.261,1641.7,2.972709202,-2319.0,-1632.68
12/29/2012 0:00,21.588,-96.001,4.269,1642.8,2.461747347,-2361.0,-1633.77
12/29/2012 8:00,21.579,-96.001,4.266,1640.6,4.200297609,-2316.0,-1631.59
12/29/2012 16:00,21.57,-95.997,4.263,1641.1,3.444706083,-2303.0,-1632.08
12/30/2012 0:00,21.567,-95.984,4.258,1641.0,6.656493071,-2336.0,-1631.98
12/30/2012 8:00,21.557,-95.966,4.269,1642.7,7.306161783,-2421.0,-1633.67
12/30/2012 16:00,21.54,-95.964,4.261,1640.0,5.287163701,-2423.0,-1630.99
12/31/2012 0:00,21.534,-95.967,4.263,1643.5,1.214331092,-2405.0,-1634.47
12/31/2012 8:00,21.537,-95.963,4.265,1641.3,6.05309838,-2419.0,-1632.28
12/31/2012 16:00,21.525,-95.94,4.265,1640.1,10.20331809,-2288.0,-1631.09
1/1/2013 0:00,21.506,-95.942,4.261,1642.0,7.43097571,-2259.0,-1632.98
1/1/2013 8:00,21.513,-95.956,4.261,1641.7,5.850239311,-2294.0,-1632.68
1/1/2013 16:00,21.503,-95.919,4.266,1642.2,11.11825976,-2315.0,-1633.18
1/2/2013 0:00,21.487,-95.923,4.255,1639.7,7.252089354,-2298.0,-1630.69
1/2/2013 8:00,21.48,-95.932,4.266,1642.6,2.156687275,-2275.0,-1633.57
1/2/2013 16:00,21.474,-95.923,4.264,1642.0,4.390455557,-2307.0,-1632.98
1/3/2013 0:00,21.467,-95.915,4.258,1640.6,4.143428532,-2328.0,-1631.59
1/3/2013 8:00,21.457,-95.91,4.268,1642.9,5.190038536,-2387.0,-1633.87
1/3/2013 16:00,21.445,-95.911,4.262,1641.6,2.518114374,-2368.0,-1632.58
1/4/2013 0:00,21.445,-95.905,4.264,1640.4,0.879829529,-2375.0,-1631.39
1/4/2013 8:00,21.438,-95.912,4.261,1641.0,4.020957597,-2350.0,-1631.98
1/4/2013 16:00,21.427,-95.903,4.271,1642.2,3.970415595,-2340.0,-1633.18
1/5/2013 0:00,21.418,-95.913,4.262,1641.6,5.340009363,-2237.0,-1632.58
1/5/2013 8:00,21.41,-95.916,4.262,1640.5,1.915411183,-2213.0,-1631.49
1/5/2013 16:00,21.404,-95.913,4.258,1640.8,5.35994403,-2211.0,-1631.78
1/6/2013 0:00,21.385,-95.915,4.262,1640.7,6.656485559,-2228.0,-1631.68
1/6/2013 8:00,21.378,-95.925,4.261,1639.4,2.09153054,-2223.0,-1630.39
1/6/2013 16:00,21.375,-95.924,4.259,1641.4,1.793599732,-2220.0,-1632.38
1/7/2013 0:00,21.369,-95.927,4.257,1641.7,5.136389783,-2221.0,-1632.68
1/7/2013 8:00,21.357,-95.932,4.264,1641.3,5.495834786,-2204.0,-1632.28
1/7/2013 16:00,21.35,-95.915,4.261,1641.0,4.751778614,-2206.0,-1631.98
1/8/2013 0:00,21.34,-95.941,4.254,1640.4,9.324816352,-2174.0,-1631.39
1/8/2013 8:00,21.353,-95.947,4.257,1639.9,4.018121452,-2235.0,-1630.89
1/8/2013 16:00,21.339,-95.933,4.26,1641.0,5.619688603,-2162.0,-1631.98
1/9/2013 0:00,21.335,-95.942,4.256,1639.8,5.943769847,-2166.0,-1630.79
1/9/2013 8:00,21.334,-95.953,4.255,1640.5,2.768049855,-2180.0,-1631.49
1/9/2013 16:00,21.344,-95.941,4.256,1640.1,4.233414697,-2187.0,-1631.09
1/10/2013 0:00,21.338,-95.938,4.258,1638.8,2.510478042,-2174.0,-1629.8
1/10/2013 8:00,21.335,-95.942,4.252,1640.1,3.819384767,-2166.0,-1631.09
1/10/2013 16:00,21.333,-95.954,4.256,1641.0,5.657596663,-2160.0,-1631.98
1/11/2013 0:00,21.353,-95.952,4.253,1639.6,9.690330232,-2247.0,-1630.59
1/11/2013 8:00,21.352,-95.928,4.257,1640.0,5.300283011,-2189.0,-1630.99
1/11/2013 16:00,21.336,-95.951,4.248,1637.7,8.972318541,-2180.0,-1628.7
1/12/2013 0:00,21.34,-95.959,4.248,1640.0,7.508128928,-2209.0,-1630.99
1/12/2013 8:00,21.362,-95.965,4.259,1640.4,4.470357928,-2283.0,-1631.39
1/12/2013 16:00,21.359,-95.961,4.256,1639.7,4.232363406,-2291.0,-1630.69
1/13/2013 0:00,21.355,-95.96,4.25,1639.0,5.238024437,-2276.0,-1629.99
1/13/2013 8:00,21.363,-95.981,4.256,1643.0,6.615746368,-2198.0,-1633.97
1/13/2013 16:00,21.376,-95.976,4.256,1639.2,5.090324155,-2276.0,-1630.19
1/14/2013 0:00,21.378,-95.971,4.256,1638.7,1.010049504,-2317.0,-1629.7
1/14/2013 8:00,21.376,-95.972,4.25,1639.8,0.818352003,-2317.0,-1630.79
1/14/2013 16:00,21.381,-95.97,4.256,1641.0,2.750709,-2369.0,-1631.98
1/15/2013 0:00,21.388,-95.977,4.25,1640.5,4.93811705,-2337.0,-1631.49
1/15/2013 8:00,21.399,-95.967,4.256,1639.2,0.421900462,-2433.0,-1630.19
1/15/2013 16:00,21.39,-95.98,4.256,1640.6,4.570175051,-2264.0,-1631.59
1/16/2013 0:00,21.391,-95.976,4.252,1639.7,5.12445119,-2337.0,-1630.69
1/16/2013 8:00,21.409,-95.976,4.256,1640.7,6.418488919,-2326.0,-1631.68
1/16/2013 16:00,21.414,-95.97,4.255,1639.4,5.106897297,-2357.0,-1630.39
1/17/2013 0:00,21.398,-95.967,4.261,1639.7,5.670996385,-2433.0,-1630.69
1/17/2013 8:00,21.401,-95.989,4.253,1640.1,9.182298187,-2172.0,-1631.09
1/17/2013 16:00,21.416,-95.997,4.254,1640.3,2.648867683,-2215.0,-1631.29
1/18/2013 0:00,21.41,-95.989,4.256,1639.9,5.751043384,-2218.0,-1630.89
1/18/2013 8:00,21.397,-95.993,4.254,1639.3,6.78028023,-2088.0,-1630.29
1/18/2013 16:00,21.403,-96.014,4.249,1639.8,7.586092538,-2171.0,-1630.79
1/19/2013 0:00,21.422,-96.011,4.253,1639.6,3.843461981,-2318.0,-1630.59
1/19/2013 8:00,21.416,-96.013,4.252,1638.8,6.044046658,-2275.0,-1629.8
1/19/2013 16:00,21.405,-96.021,4.25,1637.7,3.439956395,-2256.0,-1628.7
1/20/2013 0:00,21.417,-96.034,4.253,1639.2,9.972106097,-2308.0,-1630.19
1/20/2013 8:00,21.435,-96.044,4.253,1639.8,5.374476719,-2253.0,-1630.79
1/20/2013 16:00,21.434,-96.024,4.248,1640.0,2.466171121,-2400.0,-1630.99
1/21/2013 0:00,21.432,-96.042,4.254,1639.6,6.947524739,-2252.0,-1630.59
1/21/2013 8:00,21.444,-96.046,4.26,1640.5,5.39573906,-2206.0,-1631.49
1/21/2013 16:00,21.457,-96.045,4.25,1639.5,5.487667993,-2184.0,-1630.49
1/22/2013 0:00,21.47,-96.046,4.256,1640.0,2.239486548,-2109.0,-1630.99
1/22/2013 8:00,21.471,-96.047,4.261,1639.2,2.739142201,-2097.0,-1630.19
1/22/2013 16:00,21.482,-96.04,4.256,1639.0,4.565840558,-2101.0,-1629.99
1/23/2013 0:00,21.494,-96.049,4.255,1642.0,7.085435766,-2164.0,-1632.98
1/23/2013 8:00,21.511,-96.048,4.254,1639.8,4.122487113,-2206.0,-1630.79
1/23/2013 16:00,21.508,-96.039,4.259,1640.2,2.511772283,-2227.0,-1631.19
1/24/2013 0:00,21.508,-96.043,4.261,1640.0,3.431807104,-2213.0,-1630.99
1/24/2013 8:00,21.515,-96.05,4.261,1639.4,4.070110564,-2219.0,-1630.39
1/24/2013 16:00,21.526,-96.042,4.258,1639.3,7.396384252,-2272.0,-1630.29
1/25/2013 0:00,21.528,-96.026,4.265,1640.3,1.228006515,-2276.0,-1631.29
1/25/2013 8:00,21.525,-96.041,4.261,1640.0,5.136088005,-2215.0,-1630.99
1/25/2013 16:00,21.536,-96.041,4.259,1641.0,5.514943336,-2393.0,-1631.98
1/26/2013 0:00,21.541,-96.03,4.258,1641.1,2.754813968,-2475.0,-1632.08
1/26/2013 8:00,21.534,-96.031,4.261,1641.4,3.372669566,-2452.0,-1632.38
1/26/2013 16:00,21.536,-96.04,4.267,1640.3,3.432098483,-2393.0,-1631.29
1/27/2013 0:00,21.543,-96.039,4.262,1639.6,3.312536792,-2421.0,-1630.59
1/27/2013 8:00,21.543,-96.03,4.261,1640.5,2.030221663,-2476.0,-1631.49
1/27/2013 16:00,21.542,-96.03,4.266,1640.9,1.389244399,-2476.0,-1631.88
1/28/2013 0:00,21.539,-96.032,4.268,1641.0,1.542076522,-2475.0,-1631.98
1/28/2013 8:00,21.543,-96.035,4.263,1639.5,2.441311123,-2451.0,-1630.49
1/28/2013 16:00,21.546,-96.025,4.268,1641.4,5.856833616,-2462.0,-1632.38
1/29/2013 0:00,21.54,-96.013,4.272,1641.1,3.931831634,-2297.0,-1632.08
1/29/2013 8:00,21.534,-96.024,4.268,1640.6,5.496216881,-2419.0,-1631.59
1/29/2013 16:00,21.544,-96.026,4.265,1640.6,5.827177705,-2482.0,-1631.59
1/30/2013 0:00,21.536,-96.003,4.27,1640.1,5.244616287,-2190.0,-1631.09
1/30/2013 8:00,21.534,-96.006,4.271,1640.5,2.619465594,-2153.0,-1631.49
1/30/2013 16:00,21.53,-96.008,4.265,1639.8,0.939627586,-2201.0,-1630.79
1/31/2013 0:00,21.531,-96.008,4.266,1640.0,2.282389099,-2201.0,-1630.99
1/31/2013 8:00,21.53,-96.0,4.268,1639.5,2.142381852,-2218.0,-1630.49
1/31/2013 16:00,21.523,-96.005,4.264,1639.4,2.041984329,-2312.0,-1630.39
2/1/2013 0:00,21.52,-96.0,4.261,1641.1,1.554670383,-2342.0,-1632.08
2/1/2013 8:00,21.515,-96.011,4.274,1640.9,3.912569488,-2394.0,-1631.88
2/1/2013 16:00,21.517,-96.01,4.264,1640.3,5.295677483,-2348.0,-1631.29
2/2/2013 0:00,21.518,-95.995,4.267,1639.9,1.25399362,-2262.0,-1630.89
2/2/2013 8:00,21.512,-96.011,4.277,1641.0,4.832163077,-2413.0,-1631.98
2/2/2013 16:00,21.512,-96.011,4.266,1641.2,1.870320828,-2413.0,-1632.18
2/3/2013 0:00,21.512,-96.011,4.268,1640.8,2.330021459,-2413.0,-1631.78
2/3/2013 8:00,21.511,-96.017,4.271,1640.2,1.724180965,-2307.0,-1631.19
2/3/2013 16:00,21.517,-96.006,4.261,1639.3,6.30578306,-2371.0,-1630.29
2/4/2013 0:00,21.509,-95.995,4.27,1641.8,3.184038316,-2272.0,-1632.78
2/4/2013 8:00,21.512,-96.008,4.273,1641.5,4.845998349,-2436.0,-1632.48
2/4/2013 16:00,21.526,-95.998,4.264,1640.8,4.30202278,-2264.0,-1631.78
2/5/2013 0:00,21.523,-95.999,4.267,1641.6,4.343696582,-2281.0,-1632.58
2/5/2013 8:00,21.514,-96.0,4.266,1639.0,3.219254572,-2380.0,-1629.99
2/5/2013 16:00,21.528,-96.011,4.271,1639.8,6.69319057,-2263.0,-1630.79
2/6/2013 0:00,21.538,-95.994,4.271,1640.7,11.3070111,-2265.0,-1631.68
2/6/2013 8:00,21.528,-95.973,4.269,1634.2,6.068978497,-2349.0,-1625.22
2/6/2013 16:00,21.525,-96.003,4.273,1635.0,6.912785256,-2300.0,-1626.02
2/7/2013 0:00,21.543,-95.991,4.277,1636.5,7.446032501,-2272.0,-1627.51
2/7/2013 8:00,21.539,-95.984,4.265,1636.6,6.173815676,-2309.0,-1627.61
2/7/2013 16:00,21.526,-95.983,4.279,1634.3,5.5663453,-2313.0,-1625.32
2/8/2013 0:00,21.536,-96.003,4.271,1636.3,5.064266976,-2190.0,-1627.31
2/8/2013 8:00,21.542,-95.984,4.275,1636.6,7.535847663,-2298.0,-1627.61
2/8/2013 16:00,21.535,-95.978,4.268,1635.4,3.326334319,-2361.0,-1626.41
2/9/2013 0:00,21.53,-95.983,4.277,1635.9,1.88827964,-2328.0,-1626.91
2/9/2013 8:00,21.529,-95.988,4.277,1635.5,3.728391074,-2284.0,-1626.51
2/9/2013 16:00,21.529,-95.994,4.269,1635.4,4.710881022,-2273.0,-1626.41
2/10/2013 0:00,21.53,-95.971,4.277,1635.4,3.251353564,-2372.0,-1626.41
2/10/2013 8:00,21.529,-95.979,4.27,1634.8,3.726996109,-2331.0,-1625.82
2/10/2013 16:00,21.518,-95.975,4.282,1636.3,1.832157198,-2287.0,-1627.31
2/11/2013 0:00,21.524,-95.986,4.271,1634.6,2.537183478,-2281.0,-1625.62
2/11/2013 8:00,21.522,-95.97,4.271,1636.2,6.471135913,-2336.0,-1627.21
2/11/2013 16:00,21.505,-95.967,4.271,1635.6,6.894903915,-2254.0,-1626.61
2/12/2013 0:00,21.493,-95.967,4.262,1635.0,3.065566832,-2223.0,-1626.02
2/12/2013 8:00,21.494,-95.974,4.28,1636.4,2.46,-2223.0,-1627.41
2/12/2013 16:00,21.486,-95.954,4.264,1634.4,8.825944709,-2225.0,-1625.42
2/13/2013 0:00,21.468,-95.951,4.274,1634.6,7.651640347,-2212.0,-1625.62
2/13/2013 8:00,21.459,-95.964,4.277,1636.4,0.693541635,-2150.0,-1627.41
2/13/2013 16:00,21.46,-95.952,4.266,1632.0,4.922204791,-2206.0,-1623.03
2/14/2013 0:00,21.45,-95.946,4.268,1635.1,6.059843232,-2221.0,-1626.12
2/14/2013 8:00,21.434,-95.946,4.276,1635.2,4.595573958,-2224.0,-1626.22
2/14/2013 16:00,21.431,-95.949,4.269,1632.9,2.675256997,-2234.0,-1623.93
2/15/2013 0:00,21.438,-95.944,4.265,1630.8,5.462600113,-2241.0,-1621.84
2/15/2013 8:00,21.418,-95.927,4.257,1632.6,13.60494395,-2180.0,-1623.63
2/15/2013 16:00,21.388,-95.933,4.267,1634.0,7.371634825,-2224.0,-1625.02
2/16/2013 0:00,21.396,-95.945,4.279,1631.6,4.196617686,-2302.0,-1622.63
2/16/2013 8:00,21.393,-95.924,4.268,1628.6,8.115423587,-2192.0,-1619.65
2/16/2013 16:00,21.375,-95.921,4.247,1631.9,8.6734134,-2220.0,-1622.93
2/17/2013 0:00,21.355,-95.924,4.259,1631.6,4.763202704,-2200.0,-1622.63
2/17/2013 8:00,21.354,-95.928,4.27,1634.0,1.973423421,-2189.0,-1625.02
2/17/2013 16:00,21.356,-95.922,4.252,1632.6,2.473863375,-2200.0,-1623.63
2/18/2013 0:00,21.345,-95.921,4.247,1632.5,4.412754242,-2175.0,-1623.53
2/18/2013 8:00,21.338,-95.923,4.263,1633.3,6.453836069,-2166.0,-1624.33
2/18/2013 16:00,21.336,-95.943,4.264,1632.8,1.540129865,-2166.0,-1623.83
2/19/2013 0:00,21.339,-95.927,4.251,1632.5,3.104593371,-2161.0,-1623.53
2/19/2013 8:00,21.329,-95.936,4.256,1633.0,2.597883754,-2118.0,-1624.03
2/19/2013 16:00,21.333,-95.929,4.261,1633.3,3.429650128,-2135.0,-1624.33
2/20/2013 0:00,21.333,-95.938,4.26,1632.9,12.22376783,-2144.0,-1623.93
2/20/2013 8:00,21.337,-95.981,4.253,1633.1,9.28630174,-2146.0,-1624.13
2/20/2013 16:00,21.338,-95.983,4.255,1633.0,2.57200311,-2154.0,-1624.03
2/21/2013 0:00,21.347,-95.984,4.259,1634.1,2.104899047,-2146.0,-1625.12
2/21/2013 8:00,21.345,-95.983,4.256,1633.2,2.600192301,-2162.0,-1624.23
2/21/2013 16:00,21.341,-95.99,4.252,1633.1,1.423024947,-2123.0,-1624.13
2/22/2013 0:00,21.347,-95.986,4.254,1633.1,4.469955257,-2146.0,-1624.13
2/22/2013 8:00,21.351,-95.978,4.252,1633.0,0.885268321,-2202.0,-1624.03
2/22/2013 16:00,21.345,-95.984,4.258,1635.1,2.022523177,-2142.0,-1626.12
2/23/2013 0:00,21.345,-95.984,4.251,1632.7,0.260768096,-2142.0,-1623.73
2/23/2013 8:00,21.345,-95.986,4.25,1630.6,1.225765067,-2142.0,-1621.64
2/23/2013 16:00,21.348,-95.986,4.249,1631.8,0.689637586,-2146.0,-1622.83
2/24/2013 0:00,21.341,-95.986,4.253,1632.2,4.926672305,-2138.0,-1623.23
2/24/2013 8:00,21.33,-95.992,4.253,1631.9,3.075093495,-2114.0,-1622.93
2/24/2013 16:00,21.334,-95.998,4.25,1632.1,2.222723555,-2109.0,-1623.13
2/25/2013 0:00,21.337,-95.995,4.25,1630.7,3.55123922,-2113.0,-1621.74
2/25/2013 8:00,21.335,-95.984,4.253,1633.7,5.085951238,-2134.0,-1624.72
2/25/2013 16:00,21.317,-95.987,4.25,1630.0,6.745850576,-2124.0,-1621.04
2/26/2013 0:00,21.314,-95.999,4.252,1632.2,4.67403466,-2130.0,-1623.23
2/26/2013 8:00,21.324,-96.001,4.249,1630.7,4.133206987,-2117.0,-1621.74
2/26/2013 16:00,21.32,-95.988,4.25,1631.0,5.274030717,-2124.0,-1622.04
2/27/2013 0:00,21.306,-95.994,4.256,1629.9,5.685806891,-2148.0,-1620.94
2/27/2013 8:00,21.303,-96.003,4.249,1631.0,1.990904317,-2171.0,-1622.04
2/27/2013 16:00,21.303,-96.004,4.249,1630.9,1.42442971,-2171.0,-1621.94
2/28/2013 0:00,21.302,-95.998,4.248,1631.2,3.561418257,-2170.0,-1622.24
2/28/2013 8:00,21.289,-95.996,4.248,1632.0,5.646954932,-2234.0,-1623.03
2/28/2013 16:00,21.281,-96.003,4.249,1631.0,3.478045428,-2252.0,-1622.04
3/1/2013 0:00,21.289,-96.01,4.247,1629.9,2.900620623,-2207.0,-1620.94
3/1/2013 8:00,21.287,-96.008,4.247,1630.6,4.940161941,-2251.0,-1621.64
3/1/2013 16:00,21.27,-96.005,4.247,1630.3,5.730078533,-2208.0,-1621.34
3/2/2013 0:00,21.262,-96.007,4.247,1630.7,1.7328012,-2175.0,-1621.74
3/2/2013 8:00,21.26,-96.008,4.245,1631.6,0.504777179,-2175.0,-1622.63
3/2/2013 16:00,21.259,-96.007,4.249,1631.5,2.613235542,-2175.0,-1622.54
3/3/2013 0:00,21.248,-96.009,4.249,1630.9,3.9003205,-2126.0,-1621.94
3/3/2013 8:00,21.244,-96.011,4.247,1630.2,0.139283883,-2113.0,-1621.24
3/3/2013 16:00,21.244,-96.009,4.244,1629.7,1.068924693,-2113.0,-1620.75
3/4/2013 0:00,21.24,-96.01,4.25,1631.2,3.623272002,-2101.0,-1622.24
3/4/2013 8:00,21.233,-96.016,4.239,1630.1,1.114629983,-2089.0,-1621.14
3/4/2013 16:00,21.235,-96.011,4.243,1630.4,1.033537614,-2090.0,-1621.44
3/5/2013 0:00,21.234,-96.018,4.247,1630.7,1.630030675,-2108.0,-1621.74
3/5/2013 8:00,21.228,-96.012,4.246,1629.9,2.260729971,-2070.0,-1620.94
3/5/2013 16:00,21.227,-96.023,4.243,1629.2,4.630010799,-2105.0,-1620.25
3/6/2013 0:00,21.234,-96.029,4.241,1630.0,2.191072797,-2135.0,-1621.04
3/6/2013 8:00,21.232,-96.03,4.245,1630.4,3.153363284,-2158.0,-1621.44
3/6/2013 16:00,21.227,-96.026,4.244,1628.4,1.770536642,-2123.0,-1619.45
3/7/2013 0:00,21.238,-96.027,4.243,1632.4,3.748933182,-2142.0,-1623.43
3/7/2013 8:00,21.238,-96.019,4.247,1631.8,4.465086785,-2116.0,-1622.83
3/7/2013 16:00,21.227,-96.018,4.247,1630.5,3.91138083,-2091.0,-1621.54
3/8/2013 0:00,21.23,-96.028,4.246,1629.3,5.635858408,-2131.0,-1620.35
3/8/2013 8:00,21.247,-96.024,4.25,1630.9,5.928861611,-2136.0,-1621.94
3/8/2013 16:00,21.248,-96.014,4.25,1630.8,2.093442142,-2129.0,-1621.84
3/9/2013 0:00,21.246,-96.02,4.247,1630.4,5.468528138,-2131.0,-1621.44
3/9/2013 8:00,21.256,-96.034,4.245,1630.3,7.752709204,-2194.0,-1621.34
3/9/2013 16:00,21.275,-96.026,4.252,1631.9,6.417865689,-2137.0,-1622.93
3/10/2013 0:00,21.271,-96.015,4.249,1629.4,1.78,-2189.0,-1620.45
3/10/2013 8:00,21.276,-96.03,4.246,1630.7,8.286000241,-2093.0,-1621.74
3/10/2013 16:00,21.292,-96.04,4.249,1630.8,5.506813961,-2023.0,-1621.84
3/11/2013 0:00,21.302,-96.031,4.252,1630.6,4.76488195,-2080.0,-1621.64
3/11/2013 8:00,21.308,-96.026,4.248,1630.4,2.532982432,-2094.0,-1621.44
3/11/2013 16:00,21.316,-96.031,4.246,1631.3,4.088826237,-2113.0,-1622.34
3/12/2013 0:00,21.329,-96.029,4.25,1629.9,6.483903145,-2122.0,-1620.94
3/12/2013 8:00,21.342,-96.023,4.252,1630.2,3.291094043,-2126.0,-1621.24
3/12/2013 16:00,21.341,-96.018,4.251,1630.6,1.680773631,-2118.0,-1621.64
3/13/2013 0:00,21.356,-96.025,4.251,1631.6,9.302311541,-2145.0,-1622.63
3/13/2013 8:00,21.376,-96.029,4.253,1629.4,5.190857347,-2177.0,-1620.45
3/13/2013 16:00,21.377,-96.017,4.253,1631.0,2.833866616,-2129.0,-1622.04
3/14/2013 0:00,21.375,-96.025,4.255,1631.7,5.614454559,-2167.0,-1622.73
3/14/2013 8:00,21.396,-96.026,4.255,1632.0,7.710616058,-2243.0,-1623.03
3/14/2013 16:00,21.402,-96.015,4.256,1631.1,2.421611034,-2171.0,-1622.14
3/15/2013 0:00,21.403,-96.021,4.256,1629.8,7.305429488,-2234.0,-1620.84
3/15/2013 8:00,21.417,-96.035,4.254,1630.8,6.092946742,-2308.0,-1621.84
3/15/2013 16:00,21.425,-96.01,4.258,1630.9,6.86470684,-2318.0,-1621.94
3/16/2013 0:00,21.425,-96.013,4.256,1631.1,6.352991421,-2337.0,-1622.14
3/16/2013 8:00,21.431,-96.028,4.255,1630.8,7.659432094,-2398.0,-1621.84
3/16/2013 16:00,21.455,-96.014,4.265,1632.2,8.395981181,-2313.0,-1623.23
3/17/2013 0:00,21.449,-96.001,4.259,1629.9,5.752955762,-2319.0,-1620.94
3/17/2013 8:00,21.442,-96.006,4.251,1631.1,3.595622338,-2362.0,-1622.14
3/17/2013 16:00,21.46,-96.009,4.261,1631.7,7.493230278,-2297.0,-1622.73
3/18/2013 0:00,21.471,-96.0,4.256,1630.4,7.464455774,-2266.0,-1621.44
3/18/2013 8:00,21.466,-95.982,4.261,1632.1,4.470011186,-2178.0,-1623.13
3/18/2013 16:00,21.46,-96.001,4.258,1630.0,7.585545465,-2279.0,-1621.04
3/19/2013 0:00,21.483,-95.997,4.262,1631.6,9.586792999,-2266.0,-1622.63
3/19/2013 8:00,21.477,-95.972,4.262,1631.4,7.777049569,-2188.0,-1622.44
3/19/2013 16:00,21.466,-95.975,4.259,1628.1,5.449449513,-2164.0,-1619.15
3/20/2013 0:00,21.476,-95.986,4.263,1631.9,6.568896407,-2216.0,-1622.93
3/20/2013 8:00,21.487,-95.972,4.264,1631.9,5.685068161,-2206.0,-1622.93
3/20/2013 16:00,21.47,-95.964,4.261,1630.0,7.317185251,-2171.0,-1621.04
3/21/2013 0:00,21.464,-95.965,4.259,1631.9,4.189713594,-2161.0,-1622.93
3/21/2013 8:00,21.479,-95.968,4.268,1632.3,4.902499363,-2187.0,-1623.33
3/21/2013 16:00,21.476,-95.954,4.268,1632.1,4.665661797,-2217.0,-1623.13
3/22/2013 0:00,21.466,-95.963,4.256,1629.8,1.47122398,-2161.0,-1620.84
3/22/2013 8:00,21.468,-95.954,4.266,1632.9,3.360729088,-2212.0,-1623.93
3/22/2013 16:00,21.462,-95.953,4.268,1631.0,4.101121798,-2206.0,-1622.04
3/23/2013 0:00,21.454,-95.957,4.256,1629.4,1.114629983,-2165.0,-1620.45
3/23/2013 8:00,21.453,-95.955,4.259,1632.1,1.91,-2165.0,-1623.13
3/23/2013 16:00,21.443,-95.955,4.265,1631.6,4.546042235,-2156.0,-1622.63
3/24/2013 0:00,21.432,-95.952,4.26,1629.2,6.714826878,-2225.0,-1620.25
3/24/2013 8:00,21.417,-95.968,4.258,1630.5,4.222037423,-2317.0,-1621.54
3/24/2013 16:00,21.42,-95.964,4.258,1629.6,4.378333016,-2331.0,-1620.65
3/25/2013 0:00,21.406,-95.954,4.258,1631.1,9.271596411,-2363.0,-1622.14
3/25/2013 8:00,21.382,-95.96,4.264,1631.1,7.211664163,-2384.0,-1622.14
3/25/2013 16:00,21.378,-95.968,4.259,1630.1,1.966646893,-2343.0,-1621.14
3/26/2013 0:00,21.379,-95.967,4.256,1630.1,4.149469846,-2343.0,-1621.14
3/26/2013 8:00,21.359,-95.968,4.257,1631.0,8.231464025,-2269.0,-1622.04
3/26/2013 16:00,21.344,-95.973,4.259,1629.9,3.356575636,-2200.0,-1620.94
3/27/2013 0:00,21.338,-95.973,4.255,1629.1,3.539223079,-2185.0,-1620.15
3/27/2013 8:00,21.33,-95.985,4.25,1630.3,3.977750621,-2130.0,-1621.34
3/27/2013 16:00,21.319,-95.979,4.256,1628.6,5.377917813,-2120.0,-1619.65
3/28/2013 0:00,21.307,-95.977,4.251,1629.2,4.278329113,-2122.0,-1620.25
3/28/2013 8:00,21.298,-95.975,4.247,1630.4,2.782103521,-2154.0,-1621.44
3/28/2013 16:00,21.293,-95.982,4.252,1630.0,2.594532713,-2187.0,-1621.04
3/29/2013 0:00,21.285,-95.981,4.254,1629.6,5.573544653,-2225.0,-1620.65
3/29/2013 8:00,21.269,-95.977,4.247,1630.2,4.393563474,-2212.0,-1621.24
3/29/2013 16:00,21.266,-95.973,4.248,1629.2,0.892748565,-2207.0,-1620.25
3/30/2013 0:00,21.259,-95.978,4.25,1629.3,4.897764796,-2180.0,-1620.35
3/30/2013 8:00,21.244,-95.976,4.249,1629.6,5.624277731,-2113.0,-1620.65
3/30/2013 16:00,21.234,-95.976,4.248,1630.5,1.562849961,-2083.0,-1621.54
3/31/2013 0:00,21.232,-95.971,4.246,1628.5,3.186989175,-2093.0,-1619.55
3/31/2013 8:00,21.219,-95.965,4.247,1627.8,7.031543216,-2107.0,-1618.86
3/31/2013 16:00,21.206,-95.955,4.251,1627.3,3.31834296,-2075.0,-1618.36
4/1/2013 0:00,21.201,-95.962,4.243,1627.5,3.268409399,-2046.0,-1618.56
4/1/2013 8:00,21.193,-95.964,4.246,1628.6,5.455135195,-2006.0,-1619.65
4/1/2013 16:00,21.177,-95.957,4.252,1629.3,5.277281497,-2006.0,-1620.35
4/2/2013 0:00,21.168,-95.959,4.238,1627.8,2.505114768,-2008.0,-1618.86
4/2/2013 8:00,21.162,-95.959,4.244,1630.1,3.666619697,-2054.0,-1621.14
4/2/2013 16:00,21.149,-95.955,4.25,1627.1,14.37356254,-2165.0,-1618.16
4/3/2013 0:00,21.129,-95.905,4.241,1628.2,11.76496494,-1989.0,-1619.25
4/3/2013 8:00,21.119,-95.902,4.24,1629.5,5.805695479,-2050.0,-1620.55
4/3/2013 16:00,21.105,-95.882,4.241,1627.0,4.428780871,-2187.0,-1618.06
4/4/2013 0:00,21.097,-95.904,4.241,1628.7,4.687003307,-2143.0,-1619.75
4/4/2013 8:00,21.082,-95.887,4.238,1628.4,5.588148173,-2187.0,-1619.45
4/4/2013 16:00,21.072,-95.9,4.241,1627.0,4.746756788,-2160.0,-1618.06
4/5/2013 0:00,21.059,-95.891,4.242,1627.6,6.857441214,-2173.0,-1618.66
4/5/2013 8:00,21.043,-95.891,4.241,1627.2,7.651908259,-2192.0,-1618.26
4/5/2013 16:00,21.029,-95.903,4.235,1626.8,2.903411786,-2211.0,-1617.86
4/6/2013 0:00,21.03,-95.903,4.239,1629.8,3.172459614,-2211.0,-1620.84
4/6/2013 8:00,21.012,-95.899,4.239,1627.9,8.177071603,-2096.0,-1618.96
4/6/2013 16:00,20.996,-95.903,4.238,1626.5,4.306100324,-1942.0,-1617.56
4/7/2013 0:00,20.989,-95.903,4.235,1627.8,2.432323992,-1863.0,-1618.86
4/7/2013 8:00,20.98,-95.903,4.235,1627.8,7.686332025,-1840.0,-1618.86
4/7/2013 16:00,20.965,-95.888,4.237,1627.8,5.021434058,-1977.0,-1618.86
4/8/2013 0:00,20.963,-95.917,4.235,1627.1,6.708710755,-1843.0,-1618.16
4/8/2013 8:00,20.956,-95.911,4.241,1628.8,6.880181684,-1881.0,-1619.85
4/8/2013 16:00,20.942,-95.907,4.234,1627.3,4.050888791,-1940.0,-1618.36
4/9/2013 0:00,20.935,-95.911,4.236,1628.7,3.224934108,-1953.0,-1619.75
4/9/2013 8:00,20.925,-95.905,4.239,1627.4,3.941180026,-1982.0,-1618.46
4/9/2013 16:00,20.92,-95.902,4.235,1627.6,1.502065245,-1997.0,-1618.66
4/10/2013 0:00,20.918,-95.898,4.235,1627.8,3.671471095,-2011.0,-1618.86
4/10/2013 8:00,20.903,-95.904,4.24,1627.4,5.648406855,-2001.0,-1618.46
4/10/2013 16:00,20.897,-95.907,4.234,1627.3,1.471461858,-1988.0,-1618.36
4/11/2013 0:00,20.899,-95.907,4.234,1628.0,4.686875292,-1988.0,-1619.05
4/11/2013 8:00,20.885,-95.892,4.241,1627.8,6.889412167,-2040.0,-1618.86
4/11/2013 16:00,20.871,-95.902,4.235,1628.1,3.163700365,-1972.0,-1619.15
4/12/2013 0:00,20.867,-95.894,4.233,1625.5,2.372614592,-2053.0,-1616.57
4/12/2013 8:00,20.86,-95.901,4.235,1627.1,5.713492802,-1925.0,-1618.16
4/12/2013 16:00,20.848,-95.907,4.232,1627.8,3.959040288,-1805.0,-1618.86
4/13/2013 0:00,20.839,-95.899,4.233,1626.1,4.441846463,-1941.0,-1617.17
4/13/2013 8:00,20.826,-95.904,4.231,1626.6,6.953481143,-1870.0,-1617.66
4/13/2013 16:00,20.819,-95.92,4.228,1626.4,4.989027961,-1864.0,-1617.46
4/14/2013 0:00,20.824,-95.929,4.231,1626.1,1.949974359,-1868.0,-1617.17
4/14/2013 8:00,20.818,-95.933,4.232,1626.3,3.94848072,-1877.0,-1617.36
4/14/2013 16:00,20.809,-95.938,4.227,1628.9,4.023443799,-1896.0,-1619.95
4/15/2013 0:00,20.806,-95.945,4.232,1627.9,1.760255663,-1908.0,-1618.96
4/15/2013 8:00,20.813,-95.943,4.229,1624.6,2.14848784,-1899.0,-1615.67
4/15/2013 16:00,20.808,-95.936,4.228,1625.5,4.952655853,-1893.0,-1616.57
4/16/2013 0:00,20.8,-95.928,4.228,1626.5,1.684280262,-1880.0,-1617.56
4/16/2013 8:00,20.802,-95.941,4.227,1626.0,9.788973388,-1906.0,-1617.07
4/16/2013 16:00,20.811,-95.964,4.229,1625.7,4.660922655,-1917.0,-1616.77
4/17/2013 0:00,20.819,-95.946,4.228,1626.2,7.513940378,-1908.0,-1617.26
4/17/2013 8:00,20.809,-95.943,4.23,1629.4,7.097393888,-1903.0,-1620.45
4/17/2013 16:00,20.815,-95.966,4.232,1627.6,7.06408522,-1917.0,-1618.66
4/18/2013 0:00,20.833,-95.954,4.229,1625.3,6.169246307,-1958.0,-1616.37
4/18/2013 8:00,20.833,-95.953,4.229,1626.8,2.672264957,-1958.0,-1617.86
4/18/2013 16:00,20.834,-95.958,4.227,1625.9,2.996030707,-1995.0,-1616.97
4/19/2013 0:00,20.844,-95.954,4.232,1626.0,2.914944253,-2019.0,-1617.07
4/19/2013 8:00,20.849,-95.958,4.229,1626.1,2.970605999,-2060.0,-1617.17
4/19/2013 16:00,20.859,-95.959,4.231,1626.9,4.880829847,-2081.0,-1617.96
4/20/2013 0:00,20.869,-95.951,4.23,1624.9,5.425946922,-2045.0,-1615.97
4/20/2013 8:00,20.872,-95.939,4.229,1625.9,1.190042016,-1997.0,-1616.97
4/20/2013 16:00,20.874,-95.943,4.23,1626.5,3.800447342,-2014.0,-1617.56
4/21/2013 0:00,20.889,-95.94,4.232,1627.3,8.94691567,-2004.0,-1618.36
4/21/2013 8:00,20.903,-95.923,4.229,1627.1,2.383715587,-1976.0,-1618.16
4/21/2013 16:00,20.899,-95.933,4.228,1627.3,6.301785461,-1985.0,-1618.36
4/22/2013 0:00,20.908,-95.942,4.23,1626.2,5.829751281,-2021.0,-1617.26
4/22/2013 8:00,20.917,-95.919,4.226,1625.1,9.362590454,-1971.0,-1616.17
4/22/2013 16:00,20.911,-95.906,4.232,1627.7,4.651763107,-1990.0,-1618.76
4/23/2013 0:00,20.905,-95.918,4.232,1626.7,3.450710072,-1976.0,-1617.76
4/23/2013 8:00,20.919,-95.914,4.234,1626.6,4.381791871,-1973.0,-1617.66
4/23/2013 16:00,20.916,-95.909,4.235,1626.7,2.816025568,-1981.0,-1617.76
4/24/2013 0:00,20.911,-95.911,4.232,1624.9,1.406164997,-1983.0,-1615.97
4/24/2013 8:00,20.911,-95.915,4.233,1627.6,2.014671189,-1978.0,-1618.66
4/24/2013 16:00,20.914,-95.92,4.233,1626.1,2.062280291,-1974.0,-1617.17
4/25/2013 0:00,20.917,-95.924,4.235,1628.8,0.976165969,-1972.0,-1619.85
4/25/2013 8:00,20.917,-95.922,4.235,1627.7,1.729306219,-1972.0,-1618.76
4/25/2013 16:00,20.914,-95.913,4.237,1627.5,5.448825562,-1976.0,-1618.56
4/26/2013 0:00,20.903,-95.894,4.234,1626.5,11.57476998,-2031.0,-1617.56
4/26/2013 8:00,20.888,-95.87,4.243,1629.2,4.397931332,-2183.0,-1620.25
4/26/2013 16:00,20.884,-95.88,4.241,1626.0,5.335175723,-2123.0,-1617.07
4/27/2013 0:00,20.879,-95.883,4.239,1625.5,3.342828144,-2142.0,-1616.57
4/27/2013 8:00,20.883,-95.868,4.237,1624.5,5.399120299,-2205.0,-1615.57
4/27/2013 16:00,20.871,-95.862,4.241,1626.0,5.810929358,-2251.0,-1617.07
4/28/2013 0:00,20.86,-95.874,4.245,1624.8,7.668976464,-2241.0,-1615.87
4/28/2013 8:00,20.858,-95.891,4.238,1623.9,2.012585402,-2120.0,-1614.98
4/28/2013 16:00,20.849,-95.877,4.243,1625.8,8.67265242,-2217.0,-1616.87
4/29/2013 0:00,20.839,-95.861,4.242,1624.6,5.342929908,-2232.0,-1615.67
4/29/2013 8:00,20.827,-95.868,4.243,1624.3,6.551335742,-2135.0,-1615.38
4/29/2013 16:00,20.827,-95.883,4.238,1624.7,1.836981219,-2034.0,-1615.77
4/30/2013 0:00,20.823,-95.872,4.243,1626.5,9.544055742,-2075.0,-1617.56
4/30/2013 8:00,20.805,-95.859,4.243,1624.5,5.96350568,-2140.0,-1615.57
4/30/2013 16:00,20.803,-95.88,4.239,1625.1,2.983236497,-1970.0,-1616.17
5/1/2013 0:00,20.801,-95.866,4.243,1625.6,7.602788962,-2094.0,-1616.67
5/1/2013 8:00,20.791,-95.862,4.243,1624.9,7.142282548,-2103.0,-1615.97
5/1/2013 16:00,20.784,-95.889,4.241,1624.2,8.428196723,-1948.0,-1615.28
5/2/2013 0:00,20.78,-95.893,4.239,1623.8,4.327701468,-1942.0,-1614.88
5/2/2013 8:00,20.78,-95.877,4.243,1624.7,5.100833265,-1997.0,-1615.77
5/2/2013 16:00,20.76,-95.879,4.243,1625.7,8.45752919,-2002.0,-1616.77
5/3/2013 0:00,20.748,-95.885,4.237,1623.6,2.210452442,-1985.0,-1614.68
5/3/2013 8:00,20.744,-95.882,4.245,1624.3,3.260705445,-2000.0,-1615.38
5/3/2013 16:00,20.731,-95.879,4.244,1624.2,6.007703388,-2030.0,-1615.28
5/4/2013 0:00,20.716,-95.877,4.242,1624.8,5.92574046,-2057.0,-1615.87
5/4/2013 8:00,20.702,-95.888,4.241,1623.7,6.891131982,-2015.0,-1614.78
5/4/2013 16:00,20.69,-95.894,4.247,1625.1,4.229952718,-2018.0,-1616.17
5/5/2013 0:00,20.68,-95.882,4.245,1624.5,5.52196523,-2093.0,-1615.57
5/5/2013 8:00,20.666,-95.887,4.241,1624.1,7.892578793,-2122.0,-1615.18
5/5/2013 16:00,20.653,-95.902,4.244,1625.1,4.834976732,-2111.0,-1616.17
5/6/2013 0:00,20.64,-95.9,4.247,1624.6,6.23346613,-2151.0,-1615.67
5/6/2013 8:00,20.622,-95.913,4.239,1622.6,8.732124598,-2132.0,-1613.68
5/6/2013 16:00,20.6,-95.912,4.243,1625.1,8.908675547,-2131.0,-1616.17
5/7/2013 0:00,20.578,-95.906,4.243,1623.9,8.502123264,-2116.0,-1614.98
5/7/2013 8:00,20.555,-95.914,4.242,1623.7,10.31279303,-2065.0,-1614.78
5/7/2013 16:00,20.534,-95.919,4.241,1624.6,7.631212223,-2049.0,-1615.67
5/8/2013 0:00,20.518,-95.903,4.241,1623.6,9.110137211,-2151.0,-1614.68
5/8/2013 8:00,20.489,-95.919,4.237,1624.0,10.46083171,-2050.0,-1615.08
5/8/2013 16:00,20.474,-95.92,4.243,1625.8,3.931272059,-2065.0,-1616.87
5/9/2013 0:00,20.462,-95.925,4.241,1624.5,6.263138191,-2051.0,-1615.57
5/9/2013 8:00,20.443,-95.926,4.238,1625.1,8.180880148,-2048.0,-1616.17
5/9/2013 16:00,20.424,-95.929,4.24,1623.5,5.500327263,-2054.0,-1614.58
5/10/2013 0:00,20.416,-95.933,4.239,1623.8,3.311570624,-2039.0,-1614.88
5/10/2013 8:00,20.403,-95.923,4.237,1623.7,8.005229541,-2066.0,-1614.78
5/10/2013 16:00,20.382,-95.924,4.237,1622.1,10.41971209,-2054.0,-1613.19
5/11/2013 0:00,20.367,-95.946,4.238,1624.0,4.004060439,-1990.0,-1615.08
5/11/2013 8:00,20.358,-95.934,4.239,1622.5,5.278001516,-2026.0,-1613.58
5/11/2013 16:00,20.341,-95.945,4.238,1623.5,7.266828744,-1997.0,-1614.58
5/12/2013 0:00,20.33,-95.95,4.235,1622.8,4.735271903,-1976.0,-1613.88
5/12/2013 8:00,20.319,-95.959,4.235,1623.7,5.136535798,-1946.0,-1614.78
5/12/2013 16:00,20.305,-95.952,4.238,1623.3,5.425099077,-1944.0,-1614.38
5/13/2013 0:00,20.299,-95.976,4.234,1623.2,7.245032781,-1937.0,-1614.28
5/13/2013 8:00,20.299,-95.981,4.235,1622.7,3.229133011,-1941.0,-1613.78
5/13/2013 16:00,20.284,-95.981,4.237,1622.9,4.906179777,-1943.0,-1613.98
5/14/2013 0:00,20.283,-95.991,4.231,1622.9,4.303533432,-1950.0,-1613.98
5/14/2013 8:00,20.287,-96.0,4.229,1623.2,3.196951673,-1956.0,-1614.28
5/14/2013 16:00,20.281,-96.011,4.236,1624.5,5.770077989,-1954.0,-1615.57
5/15/2013 0:00,20.284,-96.027,4.228,1622.7,3.905700961,-1934.0,-1613.78
5/15/2013 8:00,20.285,-96.027,4.229,1621.9,3.595024339,-1934.0,-1612.99
5/15/2013 16:00,20.286,-96.016,4.232,1622.8,0.935093578,-1952.0,-1613.88
5/16/2013 0:00,20.29,-96.025,4.232,1622.8,5.288563132,-1931.0,-1613.88
5/16/2013 8:00,20.302,-96.029,4.226,1623.6,4.196093421,-1930.0,-1614.68
5/16/2013 16:00,20.31,-96.026,4.226,1622.5,4.18169822,-1931.0,-1613.58
5/17/2013 0:00,20.324,-96.037,4.232,1622.4,6.799823527,-1895.0,-1613.49
5/17/2013 8:00,20.341,-96.03,4.228,1621.4,5.037866612,-1880.0,-1612.49
5/17/2013 16:00,20.351,-96.032,4.224,1622.6,5.563595959,-1853.0,-1613.68
5/18/2013 0:00,20.371,-96.028,4.231,1623.1,7.768275227,-1853.0,-1614.18
5/18/2013 8:00,20.387,-96.028,4.227,1622.5,5.368388958,-1806.0,-1613.58
5/18/2013 16:00,20.4,-96.023,4.231,1624.2,5.368053651,-1809.0,-1615.28
5/19/2013 0:00,20.411,-96.013,4.232,1622.0,5.693373341,-1869.0,-1613.09
5/19/2013 8:00,20.424,-96.009,4.234,1622.9,4.007692603,-1895.0,-1613.98
5/19/2013 16:00,20.429,-96.001,4.234,1622.8,3.665528611,-1913.0,-1613.88
5/20/2013 0:00,20.442,-96.002,4.232,1623.7,4.430180583,-1915.0,-1614.78
5/20/2013 8:00,20.446,-95.99,4.233,1622.5,2.655804963,-1927.0,-1613.58
5/20/2013 16:00,20.453,-95.993,4.232,1624.0,6.280700598,-1932.0,-1615.08
5/21/2013 0:00,20.471,-95.996,4.233,1622.9,4.788997807,-1921.0,-1613.98
5/21/2013 8:00,20.475,-95.993,4.235,1623.5,1.727078458,-1931.0,-1614.58
5/21/2013 16:00,20.482,-96.005,4.231,1622.9,7.382208342,-1863.0,-1613.98
5/22/2013 0:00,20.499,-96.01,4.232,1623.4,6.810301021,-1843.0,-1614.48
5/22/2013 8:00,20.511,-95.998,4.235,1622.8,6.284234241,-1904.0,-1613.88
5/22/2013 16:00,20.528,-96.019,4.229,1623.5,6.090993351,-1829.0,-1614.58
5/23/2013 0:00,20.543,-96.002,4.232,1622.9,7.840739761,-1903.0,-1613.98
5/23/2013 8:00,20.566,-96.012,4.233,1622.4,10.7249662,-1871.0,-1613.49
5/23/2013 16:00,20.591,-96.013,4.231,1622.9,10.154078,-1888.0,-1613.98
5/24/2013 0:00,20.616,-96.003,4.235,1622.2,10.10166323,-1956.0,-1613.29
5/24/2013 8:00,20.642,-96.003,4.233,1624.2,10.1603248,-1970.0,-1615.28
5/24/2013 16:00,20.67,-95.996,4.243,1623.9,12.55523795,-2006.0,-1614.98
5/25/2013 0:00,20.705,-95.998,4.238,1623.6,13.24729784,-1993.0,-1614.68
5/25/2013 8:00,20.737,-95.989,4.247,1623.9,12.03621618,-1969.0,-1614.98
5/25/2013 16:00,20.766,-95.987,4.243,1623.6,11.24976889,-1955.0,-1614.68
5/26/2013 0:00,20.793,-96.002,4.241,1622.7,10.56833951,-1936.0,-1613.78
5/26/2013 8:00,20.819,-96.001,4.243,1624.1,10.44027777,-1932.0,-1615.18
5/26/2013 16:00,20.845,-95.996,4.243,1623.6,9.771980352,-1982.0,-1614.68
5/27/2013 0:00,20.866,-95.987,4.243,1623.2,8.731391642,-2047.0,-1614.28
5/27/2013 8:00,20.892,-95.996,4.243,1623.2,11.41947897,-2051.0,-1614.28
5/27/2013 16:00,20.923,-95.98,4.244,1624.2,12.51380837,-2055.0,-1615.28
5/28/2013 0:00,20.948,-95.974,4.242,1623.0,7.572014263,-2051.0,-1614.08
5/28/2013 8:00,20.962,-95.967,4.241,1622.1,4.925657317,-2059.0,-1613.19
5/28/2013 16:00,20.978,-95.972,4.24,1623.3,8.951340682,-2064.0,-1614.38
5/29/2013 0:00,21.0,-95.953,4.243,1622.8,6.662169316,-2098.0,-1613.88
5/29/2013 8:00,21.006,-95.953,4.241,1623.5,2.88586209,-2112.0,-1614.58
5/29/2013 16:00,21.015,-95.939,4.243,1622.1,5.444134458,-2135.0,-1613.19
5/30/2013 0:00,21.028,-95.941,4.242,1622.8,4.5098337,-2165.0,-1613.88
5/30/2013 8:00,21.035,-95.931,4.242,1623.7,2.260199106,-2177.0,-1614.78
5/30/2013 16:00,21.034,-95.932,4.249,1623.3,3.337079562,-2177.0,-1614.38
5/31/2013 0:00,21.051,-95.931,4.247,1624.0,7.948257671,-2145.0,-1615.08
5/31/2013 8:00,21.061,-95.914,4.246,1624.8,6.178235994,-2140.0,-1615.87
5/31/2013 16:00,21.062,-95.906,4.251,1623.4,3.87641587,-2137.0,-1614.48
6/1/2013 0:00,21.077,-95.913,4.248,1623.8,5.407346854,-2142.0,-1614.88
6/1/2013 8:00,21.081,-95.896,4.253,1623.6,2.973297832,-2165.0,-1614.68
6/1/2013 16:00,21.084,-95.901,4.25,1624.6,3.573023929,-2153.0,-1615.67
6/2/2013 0:00,21.097,-95.896,4.251,1623.5,4.831397313,-2160.0,-1614.58
6/2/2013 8:00,21.106,-95.897,4.251,1624.8,3.480014368,-2132.0,-1615.87
6/2/2013 16:00,21.115,-95.894,4.253,1624.0,2.094039159,-2110.0,-1615.08
6/3/2013 0:00,21.119,-95.893,4.257,1623.8,4.166017283,-2090.0,-1614.88
6/3/2013 8:00,21.134,-95.886,4.253,1622.8,5.228613583,-2110.0,-1613.88
6/3/2013 16:00,21.142,-95.892,4.251,1623.5,2.830159006,-2034.0,-1614.58
6/4/2013 0:00,21.151,-95.888,4.258,1624.3,4.038378387,-2075.0,-1615.38
6/4/2013 8:00,21.161,-95.899,4.256,1624.0,4.508769233,-1956.0,-1615.08
6/4/2013 16:00,21.173,-95.89,4.255,1624.4,4.901683384,-2090.0,-1615.47
6/5/2013 0:00,21.182,-95.897,4.256,1624.6,5.454841886,-2062.0,-1615.67
6/5/2013 8:00,21.185,-95.908,4.256,1623.6,3.110257224,-2041.0,-1614.68
6/5/2013 16:00,21.197,-95.903,4.254,1624.2,3.696281916,-2131.0,-1615.28
6/6/2013 0:00,21.201,-95.914,4.253,1624.0,3.693846234,-2114.0,-1615.08
6/6/2013 8:00,21.207,-95.917,4.255,1622.9,2.857271426,-2134.0,-1613.98
6/6/2013 16:00,21.213,-95.922,4.257,1623.6,3.157926535,-2185.0,-1614.68
6/7/2013 0:00,21.215,-95.928,4.253,1623.7,1.131591799,-2182.0,-1614.78
6/7/2013 8:00,21.216,-95.922,4.25,1622.8,1.396030086,-2185.0,-1613.88
6/7/2013 16:00,21.211,-95.928,4.257,1624.0,5.163874514,-2152.0,-1615.08
6/8/2013 0:00,21.209,-95.939,4.255,1623.6,0.252982213,-2131.0,-1614.68
6/8/2013 8:00,21.207,-95.93,4.251,1622.6,2.851596044,-2117.0,-1613.68
6/8/2013 16:00,21.198,-95.934,4.253,1624.2,3.725801927,-2057.0,-1615.28
6/9/2013 0:00,21.189,-95.933,4.249,1621.0,3.440363353,-2016.0,-1612.09
6/9/2013 8:00,21.179,-95.937,4.256,1622.7,4.75033683,-1987.0,-1613.78
6/9/2013 16:00,21.167,-95.94,4.249,1622.8,4.430180583,-2010.0,-1613.88
6/10/2013 0:00,21.156,-95.943,4.248,1623.4,6.779004352,-2103.0,-1614.48
6/10/2013 8:00,21.14,-95.959,4.247,1622.3,7.43948923,-2065.0,-1613.39
6/10/2013 16:00,21.122,-95.957,4.246,1622.9,5.910845963,-1865.0,-1613.98
6/11/2013 0:00,21.111,-95.963,4.248,1621.9,3.320993827,-1915.0,-1612.99
6/11/2013 8:00,21.101,-95.957,4.242,1619.0,7.4440849,-1968.0,-1610.1
6/11/2013 16:00,21.079,-95.952,4.242,1621.7,9.588128076,-2044.0,-1612.79
6/12/2013 0:00,21.059,-95.966,4.253,1623.1,6.426733229,-2054.0,-1614.18
6/12/2013 8:00,21.047,-95.96,4.248,1618.4,3.112073264,-2096.0,-1609.51
6/12/2013 16:00,21.039,-95.972,4.243,1620.1,5.993413051,-2100.0,-1611.2
6/13/2013 0:00,21.023,-95.973,4.245,1622.9,6.4330164,-2125.0,-1613.98
6/13/2013 8:00,21.005,-95.975,4.243,1622.5,9.226510716,-2122.0,-1613.58
6/13/2013 16:00,20.983,-95.989,4.244,1622.2,6.828594292,-2041.0,-1613.29
6/14/2013 0:00,20.98,-95.996,4.243,1621.2,2.413379373,-2026.0,-1612.29
6/14/2013 8:00,20.964,-95.988,4.242,1622.1,9.485958043,-2009.0,-1613.19
6/14/2013 16:00,20.942,-95.982,4.24,1621.8,7.979279416,-2040.0,-1612.89
6/15/2013 0:00,20.927,-95.997,4.242,1621.6,5.552548964,-2029.0,-1612.69
6/15/2013 8:00,20.919,-96.004,4.242,1620.9,6.889100086,-2029.0,-1611.99
6/15/2013 16:00,20.899,-96.014,4.237,1621.2,5.834535114,-2016.0,-1612.29
6/16/2013 0:00,20.889,-96.004,4.236,1621.3,7.859853688,-2042.0,-1612.39
6/16/2013 8:00,20.867,-96.001,4.237,1621.0,10.68102055,-2035.0,-1612.09
6/16/2013 16:00,20.849,-96.028,4.236,1623.0,8.670893841,-2084.0,-1614.08
6/17/2013 0:00,20.83,-96.026,4.235,1620.6,6.95848403,-2004.0,-1611.7
6/17/2013 8:00,20.815,-96.032,4.234,1621.8,6.088365955,-1959.0,-1612.89
6/17/2013 16:00,20.798,-96.031,4.234,1621.4,9.996124249,-1944.0,-1612.49
6/18/2013 0:00,20.772,-96.02,4.235,1621.4,8.374777609,-1937.0,-1612.49
6/18/2013 8:00,20.756,-96.037,4.235,1619.3,7.924947949,-1916.0,-1610.4
6/18/2013 16:00,20.734,-96.028,4.235,1621.6,10.71037814,-1922.0,-1612.69
6/19/2013 0:00,20.716,-96.014,4.237,1620.1,7.037279304,-1944.0,-1611.2
6/19/2013 8:00,20.694,-96.019,4.236,1620.9,9.29758033,-1925.0,-1611.99
6/19/2013 16:00,20.671,-96.007,4.236,1621.7,8.704504581,-1985.0,-1612.79
6/20/2013 0:00,20.651,-96.015,4.235,1620.9,6.567929659,-1942.0,-1611.99
6/20/2013 8:00,20.636,-96.002,4.232,1620.5,5.934180651,-1968.0,-1611.6
6/20/2013 16:00,20.62,-96.014,4.232,1621.2,5.765847726,-1932.0,-1612.29
6/21/2013 0:00,20.606,-96.005,4.23,1620.4,6.828975033,-1940.0,-1611.5
6/21/2013 8:00,20.587,-96.007,4.23,1620.6,7.219480591,-1898.0,-1611.7
6/21/2013 16:00,20.57,-96.004,4.228,1620.6,6.807657453,-1903.0,-1611.7
6/22/2013 0:00,20.552,-96.002,4.229,1620.2,6.931327434,-1901.0,-1611.3
6/22/2013 8:00,20.539,-95.99,4.232,1619.7,5.462060051,-1916.0,-1610.8
6/22/2013 16:00,20.523,-96.002,4.231,1619.9,6.420965659,-1921.0,-1611.0
6/23/2013 0:00,20.508,-96.003,4.229,1619.1,8.130448942,-1891.0,-1610.2
6/23/2013 8:00,20.486,-96.004,4.23,1621.0,7.505864374,-1882.0,-1612.09
6/23/2013 16:00,20.478,-95.985,4.233,1619.4,3.712950309,-1932.0,-1610.5
6/24/2013 0:00,20.464,-96.001,4.229,1620.0,7.823068452,-1912.0,-1611.1
6/24/2013 8:00,20.453,-96.005,4.228,1621.7,5.26060833,-1904.0,-1612.79
6/24/2013 16:00,20.436,-96.002,4.232,1620.3,7.393578295,-1915.0,-1611.4
6/25/2013 0:00,20.42,-96.007,4.225,1620.6,6.633626459,-1903.0,-1611.7
6/25/2013 8:00,20.413,-96.021,4.226,1619.0,2.370358623,-1831.0,-1610.1
6/25/2013 16:00,20.407,-96.014,4.227,1618.8,2.916058984,-1865.0,-1609.91
6/26/2013 0:00,20.401,-96.011,4.228,1620.0,4.68027777,-1881.0,-1611.1
6/26/2013 8:00,20.39,-96.0,4.229,1619.7,3.240987504,-1881.0,-1610.8
6/26/2013 16:00,20.389,-96.01,4.227,1619.8,5.240400748,-1871.0,-1610.9
6/27/2013 0:00,20.396,-96.017,4.226,1620.5,0.813449445,-1835.0,-1611.6
6/27/2013 8:00,20.391,-96.019,4.229,1620.1,2.984292211,-1837.0,-1611.2
6/27/2013 16:00,20.389,-96.025,4.231,1619.8,1.387515766,-1794.0,-1610.9
6/28/2013 0:00,20.391,-96.014,4.229,1620.6,1.871095936,-1856.0,-1611.7
6/28/2013 8:00,20.391,-96.019,4.229,1620.5,2.62606169,-1837.0,-1611.6
6/28/2013 16:00,20.394,-96.023,4.229,1620.6,1.690473307,-1811.0,-1611.7
6/29/2013 0:00,20.396,-96.023,4.232,1620.3,1.309427356,-1809.0,-1611.4
6/29/2013 8:00,20.391,-96.02,4.23,1619.7,1.943707797,-1837.0,-1610.8
6/29/2013 16:00,20.4,-96.016,4.234,1619.8,5.056925944,-1858.0,-1610.9
6/30/2013 0:00,20.409,-96.019,4.234,1620.1,4.178085686,-1847.0,-1611.2
6/30/2013 8:00,20.407,-96.002,4.237,1620.2,0.920054346,-1895.0,-1611.3
6/30/2013 16:00,20.417,-96.016,4.239,1620.9,6.887916957,-1876.0,-1611.99
7/1/2013 0:00,20.43,-96.006,4.243,1620.6,8.344255509,-1910.0,-1611.7
7/1/2013 8:00,20.427,-95.99,4.246,1621.6,1.554155719,-1902.0,-1612.69
7/1/2013 16:00,20.434,-96.009,4.25,1620.6,7.836019398,-1897.0,-1611.7
7/2/2013 0:00,20.449,-96.004,4.25,1621.7,8.23273952,-1916.0,-1612.79
7/2/2013 8:00,20.448,-95.983,4.251,1620.7,3.099032107,-1917.0,-1611.79
7/2/2013 16:00,20.449,-95.987,4.25,1621.8,1.954123845,-1923.0,-1612.89
7/3/2013 0:00,20.453,-95.981,4.253,1620.0,3.698553771,-1922.0,-1611.1
7/3/2013 8:00,20.456,-95.976,4.25,1620.6,1.541590088,-1921.0,-1611.7
7/3/2013 16:00,20.458,-95.975,4.254,1622.0,3.466886211,-1921.0,-1613.09
7/4/2013 0:00,20.449,-95.964,4.256,1622.8,2.980067113,-1900.0,-1613.88
7/4/2013 8:00,20.449,-95.969,4.253,1622.2,2.355185768,-1902.0,-1613.29
7/4/2013 16:00,20.45,-95.964,4.253,1621.7,5.53564811,-1900.0,-1612.79
7/5/2013 0:00,20.441,-95.956,4.257,1622.6,4.964876635,-1910.0,-1613.68
7/5/2013 8:00,20.441,-95.977,4.253,1620.5,2.070096616,-1900.0,-1611.6
7/5/2013 16:00,20.438,-95.967,4.253,1621.7,2.022003956,-1894.0,-1612.79
7/6/2013 0:00,20.433,-95.979,4.255,1621.7,2.219954954,-1889.0,-1612.79
7/6/2013 8:00,20.432,-95.974,4.252,1621.7,1.70425937,-1886.0,-1612.79
7/6/2013 16:00,20.426,-95.982,4.254,1621.4,0.890673902,-1889.0,-1612.49
7/7/2013 0:00,20.427,-95.976,4.255,1621.9,1.352035502,-1883.0,-1612.99
7/7/2013 8:00,20.416,-95.986,4.25,1621.2,6.750303697,-1873.0,-1612.29
7/7/2013 16:00,20.401,-95.986,4.256,1621.9,3.475701368,-1858.0,-1612.99
7/8/2013 0:00,20.397,-95.993,4.253,1622.9,2.182842184,-1869.0,-1613.98
7/8/2013 8:00,20.386,-95.987,4.254,1621.7,6.494004928,-1867.0,-1612.79
7/8/2013 16:00,20.372,-95.987,4.258,1622.7,3.239089378,-1886.0,-1613.78
7/9/2013 0:00,20.371,-95.994,4.253,1620.8,0.879829529,-1880.0,-1611.89
7/9/2013 8:00,20.367,-95.99,4.259,1620.6,2.510717029,-1886.0,-1611.7
7/9/2013 16:00,20.361,-95.987,4.257,1622.5,4.261842325,-1905.0,-1613.58
7/10/2013 0:00,20.348,-95.987,4.258,1621.0,3.975135218,-1925.0,-1612.09
7/10/2013 8:00,20.345,-95.993,4.254,1622.1,2.666102024,-1915.0,-1613.19
7/10/2013 16:00,20.346,-95.998,4.259,1621.7,1.309694621,-1899.0,-1612.79
7/11/2013 0:00,20.337,-95.997,4.256,1621.1,6.127136362,-1927.0,-1612.19
7/11/2013 8:00,20.322,-95.996,4.259,1623.2,6.273452,-1955.0,-1614.28
7/11/2013 16:00,20.322,-96.017,4.254,1622.4,3.182200497,-1940.0,-1613.49
7/12/2013 0:00,20.319,-96.012,4.256,1621.7,3.543613974,-1954.0,-1612.79
7/12/2013 8:00,20.306,-96.022,4.256,1621.2,5.434721704,-1941.0,-1612.29
7/12/2013 16:00,20.299,-96.025,4.257,1621.8,2.961418579,-1929.0,-1612.89
7/13/2013 0:00,20.297,-96.037,4.254,1621.8,2.521150531,-1904.0,-1612.89
7/13/2013 8:00,20.29,-96.039,4.253,1622.2,5.504407325,-1895.0,-1613.29
7/13/2013 16:00,20.276,-96.05,4.253,1620.6,4.156164097,-1865.0,-1611.7
7/14/2013 0:00,20.272,-96.046,4.253,1621.5,1.461540283,-1879.0,-1612.59
7/14/2013 8:00,20.266,-96.054,4.253,1621.3,4.668918504,-1869.0,-1612.39
7/14/2013 16:00,20.262,-96.061,4.25,1621.7,1.243382483,-1848.0,-1612.79
7/15/2013 0:00,20.258,-96.057,4.25,1621.0,3.298014554,-1859.0,-1612.09
7/15/2013 8:00,20.248,-96.067,4.252,1621.1,3.399117533,-1831.0,-1612.19
7/15/2013 16:00,20.245,-96.063,4.253,1620.4,1.400035714,-1840.0,-1611.5
7/16/2013 0:00,20.244,-96.064,4.25,1620.5,1.925746608,-1840.0,-1611.6
7/16/2013 8:00,20.237,-96.061,4.252,1620.9,2.865815765,-1852.0,-1611.99
7/16/2013 16:00,20.232,-96.057,4.256,1621.6,2.844503472,-1863.0,-1612.69
7/17/2013 0:00,20.224,-96.061,4.25,1621.1,2.023561217,-1859.0,-1612.19
7/17/2013 8:00,20.224,-96.059,4.251,1620.5,3.631115531,-1859.0,-1611.6
7/17/2013 16:00,20.216,-96.049,4.253,1620.9,3.637856512,-1882.0,-1611.99
7/18/2013 0:00,20.209,-96.052,4.256,1620.6,2.39169396,-1876.0,-1611.7
7/18/2013 8:00,20.204,-96.045,4.252,1620.5,3.230619136,-1886.0,-1611.6
7/18/2013 16:00,20.203,-96.04,4.253,1621.9,1.661475248,-1892.0,-1612.99
7/19/2013 0:00,20.195,-96.037,4.256,1621.7,5.229340303,-1893.0,-1612.79
7/19/2013 8:00,20.181,-96.036,4.255,1621.1,4.626240374,-1893.0,-1612.19
7/19/2013 16:00,20.176,-96.045,4.254,1620.6,1.020441081,-1883.0,-1611.7
7/20/2013 0:00,20.173,-96.035,4.251,1621.1,3.814826339,-1896.0,-1612.19
7/20/2013 8:00,20.165,-96.035,4.256,1620.7,5.125475588,-1897.0,-1611.79
7/20/2013 16:00,20.152,-96.039,4.254,1620.4,4.24166241,-1880.0,-1611.5
7/21/2013 0:00,20.144,-96.029,4.254,1620.0,5.882108466,-1907.0,-1611.1
7/21/2013 8:00,20.134,-96.021,4.253,1619.8,4.220189569,-1916.0,-1610.9
7/21/2013 16:00,20.124,-96.029,4.255,1620.9,4.096095702,-1896.0,-1611.99
7/22/2013 0:00,20.112,-96.023,4.254,1620.5,6.156005198,-1900.0,-1611.6
7/22/2013 8:00,20.096,-96.019,4.25,1621.5,5.938560432,-1898.0,-1612.59
7/22/2013 16:00,20.085,-96.015,4.253,1620.5,3.182860349,-1890.0,-1611.6
7/23/2013 0:00,20.077,-96.012,4.25,1620.1,5.094752202,-1881.0,-1611.2
7/23/2013 8:00,20.064,-96.001,4.25,1619.7,5.824946352,-1865.0,-1610.8
7/23/2013 16:00,20.051,-96.006,4.251,1619.7,4.105849486,-1820.0,-1610.8
7/24/2013 0:00,20.044,-96.003,4.248,1620.0,5.547341706,-1819.0,-1611.1
7/24/2013 8:00,20.033,-95.988,4.25,1619.5,6.045866356,-1837.0,-1610.6
7/24/2013 16:00,20.024,-95.981,4.251,1620.2,3.430058309,-1847.0,-1611.3
7/25/2013 0:00,20.019,-95.973,4.248,1619.4,3.82498366,-1865.0,-1610.5
7/25/2013 8:00,20.007,-95.967,4.253,1620.4,6.406910332,-1864.0,-1611.5
7/25/2013 16:00,19.997,-95.955,4.25,1620.9,1.605272563,-1885.0,-1611.99
7/26/2013 0:00,19.998,-95.956,4.249,1620.1,3.563495475,-1885.0,-1611.2
7/26/2013 8:00,19.989,-95.937,4.252,1619.8,7.222499567,-1907.0,-1610.9
7/26/2013 16:00,19.976,-95.942,4.25,1619.5,5.066004343,-1857.0,-1610.6
7/27/2013 0:00,19.978,-95.948,4.25,1620.4,3.267445485,-1851.0,-1611.5
7/27/2013 8:00,19.969,-95.926,4.249,1619.6,10.10010891,-1850.0,-1610.7
7/27/2013 16:00,19.959,-95.912,4.248,1619.3,3.841874542,-1841.0,-1610.4
7/28/2013 0:00,19.95,-95.922,4.249,1620.1,3.121361882,-1797.0,-1611.2
7/28/2013 8:00,19.944,-95.915,4.25,1619.1,3.306478489,-1814.0,-1610.2
7/28/2013 16:00,19.938,-95.912,4.247,1619.0,3.425463472,-1828.0,-1610.1
7/29/2013 0:00,19.931,-95.904,4.247,1619.2,2.914875641,-1848.0,-1610.3
7/29/2013 8:00,19.924,-95.902,4.247,1619.0,4.696647741,-1854.0,-1610.1
7/29/2013 16:00,19.914,-95.89,4.247,1619.3,3.031996042,-1832.0,-1610.4
7/30/2013 0:00,19.914,-95.89,4.246,1619.3,0.355105618,-1832.0,-1610.4
7/30/2013 8:00,19.912,-95.885,4.246,1619.8,1.62603813,-1828.0,-1610.9
7/30/2013 16:00,19.907,-95.886,4.247,1619.5,2.748817928,-1821.0,-1610.6
7/31/2013 0:00,19.901,-95.884,4.246,1619.4,0.13,-1813.0,-1610.5
7/31/2013 8:00,19.906,-95.883,4.246,1619.8,3.271589828,-1824.0,-1610.9
7/31/2013 16:00,19.901,-95.869,4.249,1619.1,3.629269899,-1824.0,-1610.2
8/1/2013 0:00,19.898,-95.87,4.247,1620.2,0.996393497,-1816.0,-1611.3
8/1/2013 8:00,19.898,-95.87,4.244,1618.9,2.010795862,-1816.0,-1610.0
8/1/2013 16:00,19.903,-95.874,4.248,1620.5,1.145425685,-1822.0,-1611.6
8/2/2013 0:00,19.895,-95.862,4.247,1620.1,6.110360055,-1814.0,-1611.2
8/2/2013 8:00,19.894,-95.852,4.248,1619.2,1.669760462,-1819.0,-1610.3
8/2/2013 16:00,19.9,-95.855,4.247,1620.1,2.56400078,-1823.0,-1611.2
8/3/2013 0:00,19.901,-95.854,4.247,1619.3,2.369219281,-1834.0,-1610.4
8/3/2013 8:00,19.896,-95.851,4.248,1619.8,1.714059509,-1826.0,-1610.9
8/3/2013 16:00,19.899,-95.857,4.247,1619.4,2.573091526,-1823.0,-1610.5
8/4/2013 0:00,19.897,-95.841,4.248,1619.3,2.632299375,-1840.0,-1610.4
8/4/2013 8:00,19.894,-95.847,4.247,1619.6,1.421724305,-1822.0,-1610.7
8/4/2013 16:00,19.892,-95.842,4.248,1618.7,0.528015151,-1825.0,-1609.81
8/5/2013 0:00,19.893,-95.848,4.246,1618.9,2.376068181,-1822.0,-1610.0
8/5/2013 8:00,19.885,-95.845,4.249,1618.5,4.54528327,-1807.0,-1609.61
8/5/2013 16:00,19.882,-95.84,4.246,1618.7,4.142366473,-1802.0,-1609.81
8/6/2013 0:00,19.884,-95.861,4.246,1618.9,4.42882603,-1800.0,-1610.0
8/6/2013 8:00,19.886,-95.851,4.247,1618.4,8.927183206,-1804.0,-1609.51
8/6/2013 16:00,19.872,-95.834,4.246,1618.2,3.451173713,-1791.0,-1609.31
8/7/2013 0:00,19.873,-95.849,4.243,1618.5,6.38758953,-1784.0,-1609.61
8/7/2013 8:00,19.873,-95.855,4.244,1619.2,2.264906179,-1781.0,-1610.3
8/7/2013 16:00,19.87,-95.845,4.243,1618.3,2.144434657,-1780.0,-1609.41
8/8/2013 0:00,19.866,-95.846,4.246,1618.7,2.780863175,-1773.0,-1609.81
8/8/2013 8:00,19.858,-95.844,4.242,1618.3,1.638657988,-1766.0,-1609.41
8/8/2013 16:00,19.86,-95.844,4.243,1618.9,1.811767093,-1770.0,-1610.0
8/9/2013 0:00,19.861,-95.841,4.244,1619.1,2.563630239,-1774.0,-1610.2
8/9/2013 8:00,19.853,-95.841,4.243,1618.2,4.956984971,-1765.0,-1609.31
8/9/2013 16:00,19.851,-95.853,4.241,1618.1,2.281161985,-1752.0,-1609.21
8/10/2013 0:00,19.857,-95.84,4.245,1618.9,3.786211827,-1769.0,-1610.0
8/10/2013 8:00,19.848,-95.843,4.243,1618.3,4.826479048,-1755.0,-1609.41
8/10/2013 16:00,19.848,-95.849,4.242,1618.0,2.728002933,-1750.0,-1609.11
8/11/2013 0:00,19.854,-95.836,4.242,1617.6,4.094288705,-1768.0,-1608.71
8/11/2013 8:00,19.851,-95.832,4.247,1618.7,2.903687311,-1772.0,-1609.81
8/11/2013 16:00,19.846,-95.829,4.244,1619.2,1.685140944,-1771.0,-1610.3
8/12/2013 0:00,19.856,-95.822,4.246,1619.0,6.396162912,-1788.0,-1610.1
8/12/2013 8:00,19.855,-95.805,4.247,1619.1,1.864537476,-1829.0,-1610.2
8/12/2013 16:00,19.854,-95.812,4.249,1618.8,1.119866063,-1812.0,-1609.91
8/13/2013 0:00,19.853,-95.803,4.252,1620.0,5.7182952,-1830.0,-1611.1
8/13/2013 8:00,19.848,-95.79,4.253,1619.8,3.626913288,-1855.0,-1610.9
8/13/2013 16:00,19.847,-95.781,4.251,1619.5,5.619332701,-1876.0,-1610.6
8/14/2013 0:00,19.848,-95.764,4.255,1619.5,2.862516375,-1906.0,-1610.6
8/14/2013 8:00,19.84,-95.767,4.254,1619.8,2.610306495,-1855.0,-1610.9
8/14/2013 16:00,19.838,-95.762,4.255,1619.3,1.612513566,-1876.0,-1610.4
8/15/2013 0:00,19.834,-95.76,4.256,1620.5,4.571881451,-1855.0,-1611.6
8/15/2013 8:00,19.822,-95.748,4.256,1619.9,4.872299252,-1843.0,-1611.0
8/15/2013 16:00,19.82,-95.744,4.255,1618.8,1.511588568,-1844.0,-1609.91
8/16/2013 0:00,19.812,-95.747,4.253,1619.3,4.455389994,-1802.0,-1610.4
8/16/2013 8:00,19.8,-95.738,4.253,1619.1,9.513805758,-1812.0,-1610.2
8/16/2013 16:00,19.79,-95.714,4.255,1619.0,5.227159841,-1863.0,-1610.1
8/17/2013 0:00,19.777,-95.724,4.252,1619.5,4.543566881,-1831.0,-1610.6
8/17/2013 8:00,19.77,-95.717,4.251,1619.6,6.006637995,-1835.0,-1610.7
8/17/2013 16:00,19.76,-95.705,4.252,1619.2,4.12989104,-1858.0,-1610.3
8/18/2013 0:00,19.759,-95.696,4.248,1620.1,4.195867014,-1877.0,-1611.2
8/18/2013 8:00,19.752,-95.683,4.251,1620.4,5.298018498,-1913.0,-1611.5
8/18/2013 16:00,19.744,-95.676,4.253,1619.6,4.001512214,-1917.0,-1610.7
8/19/2013 0:00,19.733,-95.675,4.246,1619.1,3.397675676,-1880.0,-1610.2
8/19/2013 8:00,19.731,-95.661,4.253,1620.0,5.962566561,-1926.0,-1611.1
8/19/2013 16:00,19.724,-95.645,4.25,1619.4,7.96537507,-1948.0,-1610.5
8/20/2013 0:00,19.71,-95.628,4.249,1618.8,6.069761116,-1965.0,-1609.91
8/20/2013 8:00,19.702,-95.621,4.249,1620.2,4.869630376,-1915.0,-1611.3
8/20/2013 16:00,19.69,-95.61,4.253,1618.2,5.052444953,-1960.0,-1609.31
8/21/2013 0:00,19.684,-95.602,4.252,1618.6,4.398272388,-1989.0,-1609.71
8/21/2013 8:00,19.668,-95.597,4.251,1618.5,7.353128586,-1916.0,-1609.61
8/21/2013 16:00,19.652,-95.593,4.25,1619.6,4.539438291,-1868.0,-1610.7
8/22/2013 0:00,19.647,-95.585,4.25,1619.1,4.017212964,-1972.0,-1610.2
8/22/2013 8:00,19.639,-95.577,4.254,1620.6,6.389569626,-1971.0,-1611.7
8/22/2013 16:00,19.617,-95.575,4.25,1619.5,8.898921283,-1922.0,-1610.6
8/23/2013 0:00,19.605,-95.558,4.25,1618.8,3.220139749,-1910.0,-1609.91
8/23/2013 8:00,19.598,-95.561,4.251,1620.2,5.361203223,-1866.0,-1611.3
8/23/2013 16:00,19.58,-95.546,4.253,1618.8,7.483588711,-1867.0,-1609.91
8/24/2013 0:00,19.566,-95.545,4.251,1619.3,6.921567741,-1871.0,-1610.4
8/24/2013 8:00,19.543,-95.538,4.248,1617.6,10.35086953,-1843.0,-1608.71
8/24/2013 16:00,19.525,-95.523,4.248,1620.1,6.262212069,-1847.0,-1611.2
8/25/2013 0:00,19.508,-95.525,4.254,1619.2,8.384133825,-1730.0,-1610.3
8/25/2013 8:00,19.486,-95.505,4.255,1620.4,9.8697771,-1879.0,-1611.5
8/25/2013 16:00,19.462,-95.509,4.25,1617.8,7.844010454,-1719.0,-1608.91
8/26/2013 0:00,19.449,-95.484,4.25,1619.2,9.844800658,-1922.0,-1610.3
8/26/2013 8:00,19.436,-95.47,4.258,1619.6,8.301596232,-1949.0,-1610.7
8/26/2013 16:00,19.412,-95.459,4.257,1619.3,9.732034731,-1933.0,-1610.4
8/27/2013 0:00,19.392,-95.45,4.25,1617.3,8.21623393,-1907.0,-1608.41
8/27/2013 8:00,19.376,-95.431,4.25,1620.1,9.7,-1889.0,-1611.2
8/27/2013 16:00,19.36,-95.411,4.265,1620.6,9.714386239,-1891.0,-1611.7
8/28/2013 0:00,19.341,-95.393,4.256,1617.6,10.25216562,-1855.0,-1608.71
8/28/2013 8:00,19.331,-95.366,4.253,1618.7,9.243906101,-1852.0,-1609.81
8/28/2013 16:00,19.318,-95.345,4.252,1619.2,11.37644057,-1835.0,-1610.3
8/29/2013 0:00,19.31,-95.301,4.259,1619.0,21.53739306,-1822.0,-1610.1
8/29/2013 8:00,19.296,-95.252,4.264,1616.9,11.47603154,-1904.0,-1608.02
8/29/2013 16:00,19.267,-95.259,4.251,1619.3,6.488705572,-1781.0,-1610.4
8/30/2013 0:00,19.265,-95.235,4.257,1620.1,7.289396408,-1808.0,-1611.2
8/30/2013 8:00,19.257,-95.22,4.26,1620.7,12.59378021,-1776.0,-1611.79
8/30/2013 16:00,19.246,-95.178,4.255,1619.2,9.168647665,-1744.0,-1610.3
8/31/2013 0:00,19.237,-95.177,4.251,1618.0,3.10728177,-1757.0,-1609.11
8/31/2013 8:00,19.239,-95.154,4.255,1620.5,6.154421175,-1743.0,-1611.6
8/31/2013 16:00,19.233,-95.145,4.258,1619.3,7.279958791,-1783.0,-1610.4
9/1/2013 0:00,19.231,-95.121,4.256,1619.6,3.519460186,-1811.0,-1610.7
9/1/2013 8:00,19.216,-95.13,4.25,1619.4,7.163581506,-1867.0,-1610.5
9/1/2013 16:00,19.211,-95.096,4.255,1619.1,6.609114918,-1895.0,-1610.2
9/2/2013 0:00,19.216,-95.098,4.254,1618.9,4.270702518,-1901.0,-1610.0
9/2/2013 8:00,19.21,-95.072,4.252,1620.1,5.184361099,-1885.0,-1611.2
9/2/2013 16:00,19.201,-95.087,4.25,1619.3,1.626929624,-1876.0,-1610.4
9/3/2013 0:00,19.21,-95.072,4.255,1619.6,4.386935149,-1885.0,-1610.7
9/3/2013 8:00,19.206,-95.073,4.257,1620.1,4.144683341,-1875.0,-1611.2
9/3/2013 16:00,19.197,-95.056,4.249,1619.2,7.254605434,-1845.0,-1610.3
9/4/2013 0:00,19.195,-95.048,4.252,1620.5,2.174235498,-1827.0,-1611.6
9/4/2013 8:00,19.193,-95.055,4.255,1618.7,2.185040045,-1836.0,-1609.81
9/4/2013 16:00,19.202,-95.041,4.252,1620.9,6.165168286,-1838.0,-1611.99
9/5/2013 0:00,19.196,-95.032,4.252,1619.0,3.966673669,-1828.0,-1610.1
9/5/2013 8:00,19.189,-95.039,4.253,1620.5,4.903305008,-1812.0,-1611.6
9/5/2013 16:00,19.192,-95.05,4.253,1619.8,2.968922363,-1832.0,-1610.9
9/6/2013 0:00,19.198,-95.041,4.256,1620.8,5.470228514,-1827.0,-1611.89
9/6/2013 8:00,19.191,-95.032,4.251,1620.5,3.148205838,-1811.0,-1611.6
9/6/2013 16:00,19.189,-95.039,4.252,1619.8,1.954891301,-1812.0,-1610.9
9/7/2013 0:00,19.196,-95.032,4.254,1619.6,2.015465207,-1828.0,-1610.7
9/7/2013 8:00,19.191,-95.032,4.256,1621.1,2.035313244,-1811.0,-1612.19
9/7/2013 16:00,19.191,-95.031,4.251,1618.7,3.845412852,-1811.0,-1609.81
9/8/2013 0:00,19.195,-95.048,4.253,1619.9,4.232363406,-1827.0,-1611.0
9/8/2013 8:00,19.198,-95.044,4.257,1620.8,4.944188508,-1831.0,-1611.89
9/8/2013 16:00,19.2,-95.032,4.256,1620.6,2.460772237,-1828.0,-1611.7
9/9/2013 0:00,19.202,-95.039,4.253,1620.3,8.79,-1838.0,-1611.4
9/9/2013 8:00,19.199,-95.065,4.256,1621.1,3.543966704,-1851.0,-1612.19
9/9/2013 16:00,19.197,-95.055,4.252,1620.3,4.094410825,-1845.0,-1611.4
9/10/2013 0:00,19.201,-95.055,4.254,1619.9,3.990588929,-1854.0,-1611.0
9/10/2013 8:00,19.208,-95.064,4.254,1619.9,2.877724796,-1870.0,-1611.0
9/10/2013 16:00,19.206,-95.072,4.25,1619.5,4.598619358,-1875.0,-1610.6
9/11/2013 0:00,19.205,-95.088,4.255,1618.1,5.085754615,-1888.0,-1609.21
9/11/2013 8:00,19.208,-95.096,4.253,1619.3,2.264332131,-1888.0,-1610.4
9/11/2013 16:00,19.212,-95.097,4.25,1619.6,2.406075643,-1895.0,-1610.7
9/12/2013 0:00,19.212,-95.095,4.25,1619.6,6.503183836,-1896.0,-1610.7
9/12/2013 8:00,19.211,-95.127,4.252,1620.7,10.09811864,-1873.0,-1611.79
9/12/2013 16:00,19.22,-95.137,4.247,1620.0,4.541035124,-1855.0,-1611.1
9/13/2013 0:00,19.229,-95.129,4.248,1619.8,3.155724956,-1834.0,-1610.9
9/13/2013 8:00,19.229,-95.128,4.251,1620.6,3.100064515,-1834.0,-1611.7
9/13/2013 16:00,19.229,-95.144,4.25,1619.1,6.861814629,-1812.0,-1610.2
9/14/2013 0:00,19.233,-95.161,4.251,1619.5,5.746694702,-1773.0,-1610.6
9/14/2013 8:00,19.242,-95.169,4.253,1620.2,4.265606639,-1744.0,-1611.3
9/14/2013 16:00,19.255,-95.161,4.253,1619.7,9.124105436,-1772.0,-1610.8
9/15/2013 0:00,19.268,-95.144,4.256,1620.4,3.383740534,-1848.0,-1611.5
9/15/2013 8:00,19.274,-95.168,4.255,1621.0,10.59960848,-1837.0,-1612.09
9/15/2013 16:00,19.287,-95.185,4.261,1620.5,5.473298822,-1880.0,-1611.6
9/16/2013 0:00,19.29,-95.188,4.259,1620.6,2.862516375,-1896.0,-1611.7
9/16/2013 8:00,19.291,-95.185,4.26,1621.1,7.238763707,-1900.0,-1612.19
9/16/2013 16:00,19.297,-95.221,4.264,1621.6,10.47451192,-1922.0,-1612.69
9/17/2013 0:00,19.3,-95.228,4.263,1621.2,0.604069532,-1938.0,-1612.29
9/17/2013 8:00,19.294,-95.231,4.261,1621.2,4.330588875,-1905.0,-1612.29
9/17/2013 16:00,19.284,-95.24,4.262,1621.0,4.939311693,-1873.0,-1612.09
9/18/2013 0:00,19.282,-95.254,4.258,1620.7,5.562921894,-1846.0,-1611.79
9/18/2013 8:00,19.274,-95.266,4.256,1620.2,4.547361873,-1786.0,-1611.3
9/18/2013 16:00,19.268,-95.272,4.256,1620.0,2.011218536,-1743.0,-1611.1
9/19/2013 0:00,19.264,-95.273,4.25,1619.5,2.376972865,-1725.0,-1610.6
9/19/2013 8:00,19.258,-95.27,4.253,1618.7,2.09153054,-1715.0,-1609.81
9/19/2013 16:00,19.259,-95.265,4.256,1618.6,2.157243612,-1742.0,-1609.71
9/20/2013 0:00,19.264,-95.263,4.253,1620.0,2.128403157,-1755.0,-1611.1
9/20/2013 8:00,19.267,-95.266,4.253,1619.2,0.241867732,-1769.0,-1610.3
9/20/2013 16:00,19.264,-95.261,4.255,1620.0,3.452202196,-1768.0,-1611.1
9/21/2013 0:00,19.265,-95.253,4.254,1620.1,3.657157366,-1790.0,-1611.2
9/21/2013 8:00,19.278,-95.251,4.264,1619.4,5.454044371,-1830.0,-1610.5
9/21/2013 16:00,19.286,-95.244,4.264,1620.4,7.60479454,-1871.0,-1611.5
9/22/2013 0:00,19.28,-95.219,4.266,1620.0,5.835897532,-1858.0,-1611.1
9/22/2013 8:00,19.268,-95.225,4.268,1621.6,4.763297177,-1815.0,-1612.69
9/22/2013 16:00,19.257,-95.214,4.27,1621.6,10.65956847,-1773.0,-1612.69
9/23/2013 0:00,19.244,-95.166,4.267,1619.2,27.62853054,-1744.0,-1610.3
9/23/2013 8:00,19.228,-95.08,4.274,1621.9,30.02447169,-1915.0,-1612.99
9/23/2013 16:00,19.222,-95.019,4.267,1621.4,15.72464308,-1881.0,-1612.49
9/24/2013 0:00,19.22,-94.988,4.266,1622.3,7.557492971,-1869.0,-1613.39
9/24/2013 8:00,19.212,-94.971,4.274,1621.6,8.515380203,-1863.0,-1612.69
9/24/2013 16:00,19.199,-94.952,4.268,1621.6,6.840562842,-1825.0,-1612.69
9/25/2013 0:00,19.214,-94.929,4.271,1623.6,16.25813335,-1821.0,-1614.68
9/25/2013 8:00,19.242,-94.884,4.265,1619.6,20.35186724,-1892.0,-1610.7
9/25/2013 16:00,19.264,-94.843,4.268,1622.0,12.89717023,-1887.0,-1613.09
9/26/2013 0:00,19.282,-94.827,4.267,1623.1,6.799036696,-1871.0,-1614.18
9/26/2013 8:00,19.299,-94.831,4.263,1622.5,7.436464214,-1898.0,-1613.58
9/26/2013 16:00,19.316,-94.845,4.261,1619.3,9.26140918,-1968.0,-1610.4
9/27/2013 0:00,19.333,-94.851,4.273,1621.2,8.566381967,-2004.0,-1612.29
9/27/2013 8:00,19.346,-94.812,4.269,1623.0,16.3863968,-1964.0,-1614.08
9/27/2013 16:00,19.365,-94.783,4.281,1621.5,9.289289531,-1928.0,-1612.59
9/28/2013 0:00,19.375,-94.77,4.265,1618.8,5.768335982,-1919.0,-1609.91
9/28/2013 8:00,19.378,-94.745,4.268,1621.0,13.73563613,-1881.0,-1612.09
9/28/2013 16:00,19.412,-94.704,4.243,1618.5,23.89177264,-1671.0,-1609.61
9/29/2013 0:00,19.44,-94.655,4.238,1615.1,13.29090667,-1736.0,-1606.23
9/29/2013 8:00,19.445,-94.639,4.229,1643.1,5.109099725,-1775.0,-1634.07
9/29/2013 16:00,19.469,-94.632,4.236,1622.8,12.36993129,-1806.0,-1613.88
9/30/2013 0:00,19.503,-94.635,4.242,1606.1,14.64426509,-1753.0,-1597.28
9/30/2013 8:00,19.543,-94.641,4.241,1610.6,15.71911257,-1768.0,-1601.75
9/30/2013 16:00,,,4.233,1658.9,,,-1649.78
10/1/2013 0:00,,,4.238,1599.7,,,-1590.91
10/1/2013 8:00,,,4.226,1531.6,,,-1523.18
10/1/2013 16:00,,,4.233,1482.5,,,-1474.35
10/2/2013 0:00,,,4.232,1365.2,,,-1357.7
10/2/2013 8:00,,,4.234,1432.2,,,-1424.33
10/2/2013 16:00,,,4.238,1426.6,,,-1418.76
10/3/2013 0:00,,,4.303,1659.1,,,-1649.98
10/3/2013 8:00,,,4.267,1585.9,,,-1577.19
10/3/2013 16:00,,,4.259,1552.0,,,-1543.47
10/4/2013 0:00,,,4.258,1512.6,,,-1504.29
10/4/2013 8:00,,,4.26,1523.0,,,-1514.63
10/4/2013 16:00,,,4.265,1568.5,,,-1559.88
10/5/2013 0:00,,,4.264,1627.9,,,-1618.96
10/5/2013 8:00,,,4.261,1656.8,,,-1647.7
10/5/2013 16:00,,,4.253,1679.0,,,-1669.77
10/6/2013 0:00,,,4.243,1678.1,,,-1668.88
10/6/2013 8:00,,,4.253,1676.3,,,-1667.09
10/6/2013 16:00,,,4.257,1674.7,,,-1665.5
10/7/2013 0:00,,,4.247,1627.0,,,-1618.06
10/7/2013 8:00,,,4.244,1628.3,,,-1619.35
10/7/2013 16:00,,,4.246,1633.3,,,-1624.33
10/8/2013 0:00,,,4.255,1705.0,,,-1695.63
10/8/2013 8:00,,,4.256,1776.7,,,-1766.94
10/8/2013 16:00,,,4.257,1764.2,,,-1754.51
10/9/2013 0:00,,,4.253,1770.4,,,-1760.67
10/9/2013 8:00,19.845,-94.615,4.254,1771.3,9.550005236,-1886.0,-1761.57
10/9/2013 16:00,19.869,-94.612,4.256,1763.8,10.27273089,-1876.0,-1754.11
10/10/2013 0:00,19.889,-94.601,4.254,1767.3,2.969781137,-1820.0,-1757.59
10/10/2013 8:00,19.89,-94.608,4.256,1771.3,2.874334706,-1845.0,-1761.57
10/10/2013 16:00,19.906,-94.603,4.254,1774.3,8.173530449,-1912.0,-1764.55
10/11/2013 0:00,19.925,-94.591,4.254,1771.1,9.914983611,-1961.0,-1761.37
10/11/2013 8:00,19.948,-94.581,4.249,1766.9,6.444967029,-1942.0,-1757.19
10/11/2013 16:00,19.956,-94.576,4.243,1775.2,5.194246817,-1979.0,-1765.45
10/12/2013 0:00,19.961,-94.563,4.243,1798.1,0.622655603,-1925.0,-1788.22
10/12/2013 8:00,19.96,-94.575,4.244,1798.5,2.268832299,-2032.0,-1788.62
10/12/2013 16:00,19.97,-94.564,4.247,1812.3,8.168971784,-2015.0,-1802.34
10/13/2013 0:00,19.98,-94.552,4.238,1794.0,3.402822358,-2014.0,-1784.14
10/13/2013 8:00,19.986,-94.56,4.248,1805.2,6.092626691,-2166.0,-1795.28
10/13/2013 16:00,19.984,-94.568,4.252,1785.0,6.34300402,-2255.0,-1775.19
10/14/2013 0:00,19.972,-94.551,4.238,1793.7,8.362069122,-1944.0,-1783.84
10/14/2013 8:00,19.961,-94.594,4.237,1799.7,9.171128611,-2241.0,-1789.81
10/14/2013 16:00,19.963,-94.585,4.235,1797.4,4.913298281,-2176.0,-1787.52
10/15/2013 0:00,19.957,-94.587,4.239,1796.6,4.240106131,-2093.0,-1786.73
10/15/2013 8:00,19.952,-94.588,4.241,1797.7,2.748326764,-2111.0,-1787.82
10/15/2013 16:00,19.957,-94.581,4.241,1801.5,1.484856895,-2034.0,-1791.6
10/16/2013 0:00,19.951,-94.598,4.239,1795.6,7.76155268,-2230.0,-1785.73
10/16/2013 8:00,19.95,-94.611,4.241,1797.6,0.868331734,-2343.0,-1787.72
10/16/2013 16:00,19.953,-94.604,4.243,1797.2,4.467896597,-2285.0,-1787.33
10/17/2013 0:00,19.961,-94.593,4.24,1801.1,5.427052607,-2241.0,-1791.2
10/17/2013 8:00,19.968,-94.582,4.241,1797.6,3.496655545,-2172.0,-1787.72
10/17/2013 16:00,19.973,-94.576,4.241,1798.1,3.503426894,-2178.0,-1788.22
10/18/2013 0:00,19.979,-94.569,4.244,1797.6,1.889576672,-2153.0,-1787.72
10/18/2013 8:00,19.974,-94.568,4.241,1779.8,1.756018223,-2102.0,-1770.02
10/18/2013 16:00,19.98,-94.577,4.243,1797.5,4.514532091,-2266.0,-1787.62
10/19/2013 0:00,19.985,-94.582,4.241,1787.6,1.39204885,-2313.0,-1777.78
10/19/2013 8:00,19.987,-94.578,4.243,1797.6,0.834865259,-2303.0,-1787.72
10/19/2013 16:00,19.99,-94.582,4.253,1795.9,0.963327566,-2333.0,-1786.03
10/20/2013 0:00,19.991,-94.578,4.243,1796.1,2.018043607,-2328.0,-1786.23
10/20/2013 8:00,19.99,-94.574,4.237,1796.5,0.882779701,-2319.0,-1786.63
10/20/2013 16:00,19.99,-94.574,4.247,1798.5,1.430559331,-2319.0,-1788.62
10/21/2013 0:00,19.986,-94.579,4.247,1798.1,1.770028248,-2303.0,-1788.22
10/21/2013 8:00,19.984,-94.582,4.25,1797.3,2.856606378,-2313.0,-1787.42
10/21/2013 16:00,19.975,-94.589,4.248,1798.1,4.168117081,-2307.0,-1788.22
10/22/2013 0:00,19.966,-94.585,4.246,1797.4,1.662437969,-2176.0,-1787.52
10/22/2013 8:00,19.966,-94.586,4.247,1797.4,2.932319901,-2176.0,-1787.52
10/22/2013 16:00,19.968,-94.571,4.249,1799.3,3.679673899,-2090.0,-1789.41
10/23/2013 0:00,19.968,-94.571,4.252,1797.6,1.620863967,-2090.0,-1787.72
10/23/2013 8:00,19.965,-94.578,4.25,1799.2,4.630010799,-2083.0,-1789.31
10/23/2013 16:00,19.96,-94.592,4.253,1797.9,4.434016238,-2241.0,-1788.02
10/24/2013 0:00,19.961,-94.597,4.243,1794.8,1.897076699,-2281.0,-1784.94
10/24/2013 8:00,19.968,-94.591,4.237,1795.9,5.006086296,-2257.0,-1786.03
10/24/2013 16:00,19.975,-94.587,4.245,1800.3,4.306100324,-2278.0,-1790.41
10/25/2013 0:00,19.976,-94.604,4.25,1800.0,2.262056586,-2356.0,-1790.11
10/25/2013 8:00,19.985,-94.593,4.241,1796.3,5.125621913,-2356.0,-1786.43
10/25/2013 16:00,19.994,-94.595,4.244,1797.2,2.794655614,-2364.0,-1787.33
10/26/2013 0:00,20.001,-94.588,4.25,1798.9,3.296209945,-2370.0,-1789.02
10/26/2013 8:00,20.012,-94.596,4.25,1797.9,5.914727382,-2401.0,-1788.02
10/26/2013 16:00,20.023,-94.604,4.247,1797.0,4.815402372,-2438.0,-1787.13
10/27/2013 0:00,20.035,-94.606,4.25,1797.2,4.710679357,-2438.0,-1787.33
10/27/2013 8:00,20.047,-94.604,4.252,1798.8,5.48344782,-2444.0,-1788.92
10/27/2013 16:00,20.062,-94.598,4.253,1801.1,6.296427559,-2444.0,-1791.2
10/28/2013 0:00,20.077,-94.593,4.25,1798.6,5.951890456,-2438.0,-1788.72
10/28/2013 8:00,20.094,-94.596,4.259,1799.9,7.73983204,-2421.0,-1790.01
10/28/2013 16:00,20.117,-94.593,4.253,1798.9,9.639304954,-2375.0,-1789.02
10/29/2013 0:00,20.139,-94.589,4.25,1799.7,7.280247249,-2283.0,-1789.81
10/29/2013 8:00,20.158,-94.593,4.25,1799.6,9.068384641,-2217.0,-1789.71
10/29/2013 16:00,20.185,-94.602,4.251,1799.5,12.06424469,-2402.0,-1789.61
10/30/2013 0:00,20.214,-94.596,4.247,1799.9,11.90698115,-2522.0,-1790.01
10/30/2013 8:00,20.232,-94.569,4.252,1781.0,8.677424733,-2217.0,-1771.21
10/30/2013 16:00,20.249,-94.567,4.253,1801.7,6.561859493,-2497.0,-1791.8
10/31/2013 0:00,20.266,-94.558,4.257,1801.9,8.118743745,-2635.0,-1792.0
10/31/2013 8:00,20.288,-94.553,4.262,1801.0,7.761784589,-2838.0,-1791.1
10/31/2013 16:00,20.304,-94.545,4.256,1805.0,7.119501387,-2819.0,-1795.08
11/1/2013 0:00,20.315,-94.524,4.259,1798.5,10.92161618,-2774.0,-1788.62
11/1/2013 8:00,20.321,-94.499,4.256,1795.9,4.120121357,-2683.0,-1786.03
11/1/2013 16:00,20.332,-94.505,4.257,1800.9,5.436221114,-2672.0,-1791.0
11/2/2013 0:00,20.347,-94.5,4.261,1797.6,6.943802993,-2562.0,-1787.72
11/2/2013 8:00,20.361,-94.495,4.259,1798.4,3.528469923,-2518.0,-1788.52
11/2/2013 16:00,20.366,-94.493,4.26,1796.9,2.583118271,-2482.0,-1787.03
11/3/2013 0:00,20.377,-94.496,4.259,1798.6,6.072314221,-2508.0,-1788.72
11/3/2013 8:00,20.394,-94.484,4.257,1799.7,9.829801626,-2260.0,-1789.81
11/3/2013 16:00,20.411,-94.463,4.257,1797.9,8.747828302,-2317.0,-1788.02
11/4/2013 0:00,20.425,-94.449,4.258,1800.2,7.388748203,-2521.0,-1790.31
11/4/2013 8:00,20.445,-94.442,4.262,1800.8,8.64454163,-2846.0,-1790.91
11/4/2013 16:00,20.463,-94.434,4.259,1799.7,6.521732899,-2954.0,-1789.81
11/5/2013 0:00,20.474,-94.422,4.259,1801.1,6.874074483,-2970.0,-1791.2
11/5/2013 8:00,20.499,-94.425,4.265,1799.3,9.191066315,-2997.0,-1789.41
11/5/2013 16:00,20.516,-94.416,4.259,1797.4,7.281572632,-2998.0,-1787.52
11/6/2013 0:00,20.526,-94.399,4.259,1801.3,7.035630746,-2998.0,-1791.4
11/6/2013 8:00,20.541,-94.387,4.264,1800.3,7.908236213,-2747.0,-1790.41
11/6/2013 16:00,20.56,-94.374,4.271,1802.9,8.98158672,-2527.0,-1792.99
11/7/2013 0:00,20.577,-94.367,4.265,1798.9,3.861217425,-2671.0,-1789.02
11/7/2013 8:00,20.582,-94.371,4.263,1798.8,3.795115282,-2747.0,-1788.92
11/7/2013 16:00,20.596,-94.355,4.278,1805.5,7.984484955,-2750.0,-1795.58
11/8/2013 0:00,20.614,-94.347,4.264,1799.4,9.618237884,-2988.0,-1789.51
11/8/2013 8:00,20.636,-94.327,4.265,1799.2,9.983185864,-3098.0,-1789.31
11/8/2013 16:00,20.65,-94.314,4.267,1799.6,6.901427389,-3056.0,-1789.71
11/9/2013 0:00,20.671,-94.31,4.269,1801.8,8.16548835,-3027.0,-1791.9
11/9/2013 8:00,20.681,-94.288,4.279,1801.0,7.338017443,-3010.0,-1791.1
11/9/2013 16:00,20.697,-94.282,4.272,1802.2,6.559786582,-3004.0,-1792.3
11/10/2013 0:00,20.711,-94.275,4.278,1802.4,5.838741303,-3000.0,-1792.5
11/10/2013 8:00,20.72,-94.264,4.277,1802.2,4.830165629,-2987.0,-1792.3
11/10/2013 16:00,20.725,-94.255,4.274,1802.1,2.410746772,-2960.0,-1792.2
11/11/2013 0:00,20.728,-94.252,4.279,1802.1,2.188355547,-2956.0,-1792.2
11/11/2013 8:00,20.736,-94.248,4.278,1802.7,4.275757243,-2945.0,-1792.79
11/11/2013 16:00,20.745,-94.241,4.272,1799.4,4.049691346,-2904.0,-1789.51
11/12/2013 0:00,20.747,-94.229,4.276,1800.7,4.400090908,-2805.0,-1790.81
11/12/2013 8:00,20.745,-94.218,4.277,1801.2,3.601735693,-2757.0,-1791.3
11/12/2013 16:00,20.746,-94.214,4.279,1801.5,2.961773118,-2705.0,-1791.6
11/13/2013 0:00,20.754,-94.217,4.272,1799.8,3.482714459,-2755.0,-1789.91
11/13/2013 8:00,20.748,-94.198,4.267,1802.0,6.810058737,-2631.0,-1792.1
11/13/2013 16:00,20.736,-94.199,4.267,1803.4,4.60370503,-2666.0,-1793.49
11/14/2013 0:00,20.736,-94.207,4.274,1802.9,4.680010684,-2668.0,-1792.99
11/14/2013 8:00,20.748,-94.199,4.27,1801.1,7.71433082,-2631.0,-1791.2
11/14/2013 16:00,20.734,-94.18,4.262,1800.0,4.642693184,-2557.0,-1790.11
11/15/2013 0:00,20.731,-94.202,4.268,1803.8,8.290006031,-2706.0,-1793.89
11/15/2013 8:00,20.732,-94.208,4.274,1801.9,4.032096229,-2705.0,-1792.0
11/15/2013 16:00,20.735,-94.189,4.264,1797.8,6.947949338,-2581.0,-1787.92
11/16/2013 0:00,20.722,-94.176,4.25,1800.4,8.033343015,-2549.0,-1790.51
11/16/2013 8:00,20.709,-94.174,4.269,1799.6,2.411742109,-2267.0,-1789.71
11/16/2013 16:00,20.718,-94.179,4.261,1805.6,3.298014554,-2524.0,-1795.68
11/17/2013 0:00,20.709,-94.159,4.274,1819.8,8.417244205,-2165.0,-1809.8
11/17/2013 8:00,20.695,-94.158,4.26,1799.8,9.105657582,-1974.0,-1789.91
11/17/2013 16:00,20.683,-94.181,4.266,1802.3,7.329556603,-1948.0,-1792.4
11/18/2013 0:00,20.699,-94.188,4.258,1798.7,4.272575336,-1963.0,-1788.82
11/18/2013 8:00,20.696,-94.178,4.276,1802.1,6.038418667,-1785.0,-1792.2
11/18/2013 16:00,20.693,-94.17,4.257,1794.3,2.794584048,-1833.0,-1784.44
11/19/2013 0:00,20.692,-94.188,4.258,1799.8,5.792969877,-1890.0,-1789.91
11/19/2013 8:00,20.687,-94.195,4.262,1798.0,5.361464352,-1865.0,-1788.12
11/19/2013 16:00,20.704,-94.215,4.26,1797.6,7.322199123,-2647.0,-1787.72
11/20/2013 0:00,20.7,-94.217,4.252,1776.9,6.54416534,-2666.0,-1767.14
11/20/2013 8:00,20.689,-94.208,4.259,1798.2,3.553266103,-2229.0,-1788.32
11/20/2013 16:00,20.697,-94.23,4.252,1798.7,6.505628332,-2897.0,-1788.82
11/21/2013 0:00,20.703,-94.223,4.261,1788.9,6.012628377,-2828.0,-1779.07
11/21/2013 8:00,20.693,-94.216,4.257,1800.3,3.131932311,-2510.0,-1790.41
11/21/2013 16:00,20.702,-94.227,4.256,1792.3,6.940259361,-2872.0,-1782.45
11/22/2013 0:00,20.719,-94.215,4.256,1798.9,5.78413347,-2839.0,-1789.02
11/22/2013 8:00,20.724,-94.214,4.255,1798.5,3.012806001,-2850.0,-1788.62
11/22/2013 16:00,20.733,-94.221,4.253,1800.7,3.993707551,-2844.0,-1790.81
11/23/2013 0:00,20.741,-94.222,4.256,1800.7,3.316926288,-2814.0,-1790.81
11/23/2013 8:00,20.75,-94.215,4.258,1801.0,4.627310234,-2705.0,-1791.1
11/23/2013 16:00,20.761,-94.209,4.259,1799.8,5.825263943,-2683.0,-1789.91
11/24/2013 0:00,20.777,-94.21,4.253,1798.7,4.620389594,-2699.0,-1788.82
11/24/2013 8:00,20.781,-94.21,4.256,1800.1,2.144411341,-2706.0,-1790.21
11/24/2013 16:00,20.783,-94.221,4.26,1801.4,6.308351607,-2728.0,-1791.5
11/25/2013 0:00,20.803,-94.227,4.255,1798.9,6.802095265,-2681.0,-1789.02
11/25/2013 8:00,20.814,-94.22,4.256,1800.1,4.263566582,-2692.0,-1790.21
11/25/2013 16:00,20.825,-94.217,4.256,1798.5,6.734641787,-2681.0,-1788.62
11/26/2013 0:00,20.846,-94.219,4.255,1799.6,7.364590959,-2589.0,-1789.71
11/26/2013 8:00,20.861,-94.217,4.255,1799.7,5.065372642,-2541.0,-1789.81
11/26/2013 16:00,20.875,-94.214,4.256,1799.6,6.515120874,-2711.0,-1789.71
11/27/2013 0:00,20.895,-94.209,4.259,1801.5,8.73219331,-2704.0,-1791.6
11/27/2013 8:00,20.914,-94.201,4.255,1798.9,6.420848854,-2747.0,-1789.02
11/27/2013 16:00,20.925,-94.192,4.25,1799.3,5.530171788,-2778.0,-1789.41
11/28/2013 0:00,20.944,-94.192,4.251,1802.3,7.207551595,-2782.0,-1792.4
11/28/2013 8:00,20.961,-94.182,4.257,1798.8,9.391666519,-2801.0,-1788.92
11/28/2013 16:00,20.981,-94.163,4.252,1798.6,9.824281144,-2816.0,-1788.72
11/29/2013 0:00,20.996,-94.148,4.25,1799.1,5.99473102,-2824.0,-1789.21
11/29/2013 8:00,21.002,-94.139,4.254,1799.6,2.116837263,-2829.0,-1789.71
11/29/2013 16:00,21.008,-94.138,4.253,1799.5,3.138295716,-2829.0,-1789.61
11/30/2013 0:00,21.018,-94.129,4.256,1800.9,6.661186081,-2854.0,-1791.0
11/30/2013 8:00,21.03,-94.113,4.255,1799.5,8.425912414,-2845.0,-1789.61
11/30/2013 16:00,21.037,-94.095,4.253,1799.6,4.299441824,-2833.0,-1789.71
12/1/2013 0:00,21.031,-94.089,4.256,1800.0,2.444994888,-2791.0,-1790.11
12/1/2013 8:00,21.045,-94.076,4.258,1800.4,10.76589523,-2824.0,-1790.51
12/1/2013 16:00,21.063,-94.055,4.253,1799.9,8.474084021,-2802.0,-1790.01
12/2/2013 0:00,21.062,-94.035,4.256,1799.0,5.801456714,-2845.0,-1789.12
12/2/2013 8:00,21.07,-94.022,4.258,1798.6,4.360733883,-2823.0,-1788.72
12/2/2013 16:00,21.065,-94.004,4.253,1799.4,9.968214484,-2911.0,-1789.51
12/3/2013 0:00,21.082,-93.976,4.256,1798.2,8.378693216,-2856.0,-1788.32
12/3/2013 8:00,21.082,-93.967,4.255,1799.2,1.870427759,-2837.0,-1789.31
12/3/2013 16:00,21.088,-93.955,4.256,1799.9,8.734815396,-2757.0,-1790.01
12/4/2013 0:00,21.096,-93.926,4.255,1799.6,9.575677522,-2737.0,-1789.71
12/4/2013 8:00,21.101,-93.911,4.254,1798.5,2.515432368,-2581.0,-1788.62
12/4/2013 16:00,21.095,-93.903,4.254,1799.4,6.67791135,-2363.0,-1789.51
12/5/2013 0:00,21.098,-93.874,4.265,1799.0,11.89944957,-2464.0,-1789.12
12/5/2013 8:00,21.104,-93.845,4.255,1802.6,9.287776914,-2750.0,-1792.7
12/5/2013 16:00,21.115,-93.825,4.256,1801.3,7.735069489,-2931.0,-1791.4
12/6/2013 0:00,21.117,-93.803,4.264,1788.6,8.035378025,-3102.0,-1778.77
12/6/2013 8:00,21.132,-93.782,4.256,1797.7,11.29919024,-2830.0,-1787.82
12/6/2013 16:00,21.148,-93.753,4.256,1801.6,12.81452691,-2548.0,-1791.7
12/7/2013 0:00,21.157,-93.723,4.259,1800.7,7.622388077,-2382.0,-1790.81
12/7/2013 8:00,21.172,-93.715,4.268,1778.9,7.305504774,-2664.0,-1769.13
12/7/2013 16:00,21.189,-93.697,4.261,1777.1,10.12170934,-2599.0,-1767.34
12/8/2013 0:00,21.206,-93.676,4.258,1801.8,13.29689061,-2570.0,-1791.9
12/8/2013 8:00,21.195,-93.633,4.271,1800.3,10.46343156,-3055.0,-1790.41
12/8/2013 16:00,21.2,-93.624,4.261,1797.4,7.081391106,-3056.0,-1787.52
12/9/2013 0:00,21.22,-93.604,4.261,1800.5,11.77770776,-3034.0,-1790.61
12/9/2013 8:00,21.229,-93.574,4.261,1801.1,12.34572396,-3035.0,-1791.2
12/9/2013 16:00,21.236,-93.542,4.264,1801.6,9.149163896,-2719.0,-1791.7
12/10/2013 0:00,21.245,-93.526,4.265,1798.1,6.495552324,-2605.0,-1788.22
12/10/2013 8:00,21.262,-93.51,4.263,1798.9,11.32420417,-2966.0,-1789.02
12/10/2013 16:00,21.277,-93.474,4.257,1800.8,16.48432286,-2965.0,-1790.91
12/11/2013 0:00,21.284,-93.441,4.275,1798.9,2.906888371,-2910.0,-1789.02
12/11/2013 8:00,21.282,-93.451,4.274,1787.5,2.489658611,-2843.0,-1777.68
12/11/2013 16:00,21.291,-93.445,4.27,1798.6,4.253998119,-2955.0,-1788.72
12/12/2013 0:00,21.304,-93.44,4.268,1793.0,12.31649707,-3018.0,-1783.15
12/12/2013 8:00,21.328,-93.397,4.26,1801.0,14.79428268,-3024.0,-1791.1
12/12/2013 16:00,21.33,-93.375,4.264,1803.7,5.344838632,-3024.0,-1793.79
12/13/2013 0:00,21.34,-93.36,4.268,1800.1,7.48343504,-3026.0,-1790.21
12/13/2013 8:00,21.357,-93.345,4.27,1801.5,10.93278556,-3025.0,-1791.6
12/13/2013 16:00,21.378,-93.317,4.271,1803.0,13.38686296,-2864.0,-1793.09
12/14/2013 0:00,21.394,-93.287,4.269,1801.5,11.48514258,-2914.0,-1791.6
12/14/2013 8:00,21.395,-93.261,4.273,1804.1,4.506905812,-2744.0,-1794.19
12/14/2013 16:00,21.401,-93.255,4.274,1801.7,9.033188806,-2644.0,-1791.8
12/15/2013 0:00,21.425,-93.227,4.274,1802.6,12.40068143,-3074.0,-1792.7
12/15/2013 8:00,21.432,-93.206,4.268,1800.2,5.953326801,-2982.0,-1790.31
12/15/2013 16:00,21.436,-93.19,4.279,1802.4,6.037027414,-2703.0,-1792.5
12/16/2013 0:00,21.442,-93.171,4.277,1800.7,8.82374637,-2945.0,-1790.81
12/16/2013 8:00,21.455,-93.148,4.274,1802.1,8.672744664,-3068.0,-1792.2
12/16/2013 16:00,21.465,-93.132,4.274,1801.4,7.275307554,-3069.0,-1791.5
12/17/2013 0:00,21.477,-93.112,4.274,1802.8,8.910779988,-3067.0,-1792.89
12/17/2013 8:00,21.485,-93.089,4.277,1802.8,9.271936152,-3064.0,-1792.89
12/17/2013 16:00,21.488,-93.065,4.275,1800.6,7.561937582,-3063.0,-1790.71
12/18/2013 0:00,21.505,-93.052,4.276,1802.0,7.446623396,-2968.0,-1792.1
12/18/2013 8:00,21.505,-93.031,4.28,1803.7,5.853110284,-2854.0,-1793.79
12/18/2013 16:00,21.508,-93.021,4.278,1803.2,6.540412831,-2856.0,-1793.29
12/19/2013 0:00,21.524,-92.999,4.282,1804.5,11.0692773,-3077.0,-1794.58
12/19/2013 8:00,21.535,-92.976,4.282,1804.7,6.961867566,-3160.0,-1794.78
12/19/2013 16:00,21.542,-92.963,4.283,1802.8,6.039503291,-3163.0,-1792.89
12/20/2013 0:00,21.556,-92.95,4.282,1803.2,7.212939761,-3167.0,-1793.29
12/20/2013 8:00,21.57,-92.934,4.286,1804.4,9.495367291,-3165.0,-1794.49
12/20/2013 16:00,21.585,-92.914,4.286,1803.1,5.224040582,-3123.0,-1793.19
12/21/2013 0:00,21.592,-92.911,4.282,1803.8,6.592002731,-3097.0,-1793.89
12/21/2013 8:00,21.619,-92.898,4.283,1804.3,12.15076129,-2876.0,-1794.39
12/21/2013 16:00,21.64,-92.877,4.282,1804.1,11.17898475,-3121.0,-1794.19
12/22/2013 0:00,21.664,-92.861,4.283,1805.5,9.414510078,-3146.0,-1795.58
12/22/2013 8:00,21.684,-92.852,4.28,1802.4,9.279364202,-3147.0,-1792.5
12/22/2013 16:00,21.714,-92.843,4.282,1803.9,14.58048696,-3126.0,-1793.99
12/23/2013 0:00,21.75,-92.831,4.281,1803.8,12.29598308,-3132.0,-1793.89
12/23/2013 8:00,21.775,-92.818,4.28,1805.8,11.39221225,-3126.0,-1795.88
12/23/2013 16:00,21.815,-92.812,4.276,1802.9,19.75838556,-3151.0,-1792.99
12/24/2013 0:00,21.863,-92.791,4.273,1802.4,16.3639604,-3145.0,-1792.5
12/24/2013 8:00,21.898,-92.781,4.28,1803.6,16.61926593,-3158.0,-1793.69
12/24/2013 16:00,21.949,-92.766,4.273,1803.0,20.61176848,-3136.0,-1793.09
12/25/2013 0:00,21.997,-92.745,4.273,1804.7,22.78727057,-3217.0,-1794.78
12/25/2013 8:00,22.05,-92.707,4.28,1804.6,21.44937528,-3256.0,-1794.68
12/25/2013 16:00,22.085,-92.678,4.281,1803.6,16.91418635,-3263.0,-1793.69
12/26/2013 0:00,22.135,-92.655,4.278,1804.2,24.31606876,-3305.0,-1794.29
12/26/2013 8:00,22.181,-92.603,4.277,1804.8,24.77842005,-3329.0,-1794.88
12/26/2013 16:00,22.212,-92.554,4.285,1804.3,18.06219533,-3340.0,-1794.39
12/27/2013 0:00,22.241,-92.517,4.283,1803.9,17.96615707,-3334.0,-1793.99
12/27/2013 8:00,22.27,-92.471,4.287,1803.3,21.53336481,-3372.0,-1793.39
12/27/2013 16:00,22.297,-92.422,4.289,1804.2,17.13343515,-3398.0,-1794.29
12/28/2013 0:00,22.319,-92.385,4.291,1805.6,18.59167825,-3420.0,-1795.68
12/28/2013 8:00,22.345,-92.33,4.291,1803.5,21.42622925,-3431.0,-1793.59
12/28/2013 16:00,22.366,-92.283,4.291,1807.3,17.23201961,-3355.0,-1797.37
12/29/2013 0:00,22.383,-92.237,4.297,1805.4,19.00780103,-3307.0,-1795.48
12/29/2013 8:00,22.415,-92.19,4.29,1806.6,21.9525716,-3441.0,-1796.67
12/29/2013 16:00,22.436,-92.137,4.294,1805.2,17.03547182,-3442.0,-1795.28
12/30/2013 0:00,22.452,-92.101,4.299,1806.4,15.26507779,-3503.0,-1796.47
12/30/2013 8:00,22.488,-92.061,4.294,1808.5,24.35842565,-3242.0,-1798.56
12/30/2013 16:00,22.521,-92.003,4.297,1806.9,19.37359543,-3434.0,-1796.97
12/31/2013 0:00,22.549,-91.972,4.3,1807.3,17.25096229,-3577.0,-1797.37
12/31/2013 8:00,22.595,-91.93,4.297,1806.9,27.84752951,-3776.0,-1796.97
12/31/2013 16:00,22.648,-91.873,4.3,1807.2,27.41169276,-3767.0,-1797.27
1/1/2014 0:00,22.69,-91.819,4.3,1807.7,25.13254464,-3758.0,-1797.77
1/1/2014 8:00,22.733,-91.764,4.3,1807.7,24.18380036,-3746.0,-1797.77
1/1/2014 16:00,22.777,-91.715,4.291,1808.6,27.08717962,-3766.0,-1798.66
1/2/2014 0:00,22.825,-91.654,4.292,1808.5,26.12158112,-3752.0,-1798.56
1/2/2014 8:00,22.869,-91.611,4.302,1810.8,23.12921097,-3754.0,-1800.85
1/2/2014 16:00,22.916,-91.567,4.294,1804.4,21.88459961,-3757.0,-1794.49
1/3/2014 0:00,22.96,-91.533,4.299,1807.5,23.12443729,-3767.0,-1797.57
1/3/2014 8:00,23.01,-91.488,4.303,1809.6,23.38553613,-3761.0,-1799.66
1/3/2014 16:00,23.062,-91.467,4.302,1806.9,21.97639188,-3752.0,-1796.97
1/4/2014 0:00,23.123,-91.453,4.292,1805.9,24.97005006,-3756.0,-1795.98
1/4/2014 8:00,23.184,-91.442,4.297,1805.3,22.7717215,-3744.0,-1795.38
1/4/2014 16:00,23.242,-91.448,4.296,1804.4,23.24100686,-3752.0,-1794.49
1/5/2014 0:00,23.306,-91.431,4.286,1805.2,26.1220405,-3747.0,-1795.28
1/5/2014 8:00,23.37,-91.414,4.286,1805.0,25.01,-3747.0,-1795.08
1/5/2014 16:00,23.434,-91.393,4.28,1805.3,28.22057406,-3741.0,-1795.38
1/6/2014 0:00,23.498,-91.352,4.275,1804.1,25.82152784,-3740.0,-1794.19
1/6/2014 8:00,23.54,-91.308,4.277,1805.3,20.96015267,-3736.0,-1795.38
1/6/2014 16:00,23.588,-91.274,4.28,1806.2,23.48363899,-3731.0,-1796.28
1/7/2014 0:00,23.621,-91.225,4.271,1805.0,15.3595052,-3727.0,-1795.08
1/7/2014 8:00,23.636,-91.196,4.282,1803.8,15.19183991,-3732.0,-1793.89
1/7/2014 16:00,23.669,-91.154,4.282,1805.2,18.1520963,-3720.0,-1795.28
1/8/2014 0:00,23.69,-91.129,4.279,1805.3,10.30518316,-3720.0,-1795.38
1/8/2014 8:00,23.685,-91.091,4.282,1805.3,13.14540985,-3719.0,-1795.38
1/8/2014 16:00,23.707,-91.059,4.277,1804.4,14.42648259,-3723.0,-1794.49
1/9/2014 0:00,23.72,-91.023,4.283,1806.5,13.281585,-3723.0,-1796.57
1/9/2014 8:00,23.726,-90.99,4.284,1806.7,10.18171891,-3727.0,-1796.77
1/9/2014 16:00,23.734,-90.965,4.279,1806.6,9.724865038,-3726.0,-1796.67
1/10/2014 0:00,23.745,-90.935,4.279,1805.5,13.66490761,-3724.0,-1795.58
1/10/2014 8:00,23.752,-90.899,4.285,1806.0,10.66045027,-3730.0,-1796.08
1/10/2014 16:00,23.743,-90.876,4.274,1804.7,7.142618567,-3733.0,-1794.78
1/11/2014 0:00,23.749,-90.853,4.283,1805.4,9.773315712,-3706.0,-1795.48
1/11/2014 8:00,23.747,-90.824,4.28,1804.9,11.36144357,-3721.0,-1794.98
1/11/2014 16:00,23.734,-90.796,4.279,1805.5,9.706183596,-3720.0,-1795.58
1/12/2014 0:00,23.729,-90.773,4.279,1804.0,8.273197689,-3718.0,-1794.09
1/12/2014 8:00,23.726,-90.747,4.284,1803.7,11.36540804,-3710.0,-1793.79
1/12/2014 16:00,23.703,-90.722,4.279,1805.9,9.588513962,-3699.0,-1795.98
1/13/2014 0:00,23.695,-90.707,4.277,1804.2,5.500445437,-3712.0,-1794.29
1/13/2014 8:00,23.679,-90.694,4.286,1807.1,9.29944622,-3717.0,-1797.17
1/13/2014 16:00,23.662,-90.676,4.28,1805.3,8.060229525,-3716.0,-1795.38
1/14/2014 0:00,23.642,-90.668,4.279,1806.5,9.056323757,-3716.0,-1796.57
1/14/2014 8:00,23.619,-90.655,4.282,1807.0,10.66068009,-3726.0,-1797.07
1/14/2014 16:00,23.594,-90.659,4.278,1804.6,5.510716832,-3728.0,-1794.68
1/15/2014 0:00,23.588,-90.656,4.278,1805.1,4.579192068,-3727.0,-1795.18
1/15/2014 8:00,23.567,-90.652,4.279,1805.0,11.74303623,-3717.0,-1795.08
1/15/2014 16:00,23.541,-90.666,4.277,1805.6,7.336654551,-3709.0,-1795.68
1/16/2014 0:00,23.54,-90.678,4.281,1805.3,2.485155931,-3720.0,-1795.38
1/16/2014 8:00,23.525,-90.681,4.273,1804.5,8.954831098,-3714.0,-1794.58
1/16/2014 16:00,23.503,-90.69,4.278,1806.1,7.77380859,-3707.0,-1796.18
1/17/2014 0:00,23.499,-90.706,4.271,1805.3,3.794482837,-3716.0,-1795.38
1/17/2014 8:00,23.499,-90.709,4.281,1805.7,4.578569646,-3718.0,-1795.78
1/17/2014 16:00,23.482,-90.716,4.277,1806.2,5.835451996,-3718.0,-1796.28
1/18/2014 0:00,23.485,-90.732,4.271,1804.1,3.597693706,-3724.0,-1794.19
1/18/2014 8:00,23.478,-90.736,4.276,1806.6,5.560035971,-3727.0,-1796.67
1/18/2014 16:00,23.464,-90.75,4.279,1805.4,8.849954802,-3726.0,-1795.48
1/19/2014 0:00,23.454,-90.77,4.273,1805.4,5.042320894,-3724.0,-1795.48
1/19/2014 8:00,23.452,-90.774,4.274,1805.8,2.912473176,-3724.0,-1795.88
1/19/2014 16:00,23.435,-90.778,4.279,1806.1,11.46352913,-3724.0,-1796.18
1/20/2014 0:00,23.414,-90.806,4.277,1805.4,9.822066992,-3719.0,-1795.48
1/20/2014 8:00,23.412,-90.816,4.277,1806.7,1.984363878,-3718.0,-1796.77
1/20/2014 16:00,23.395,-90.811,4.282,1805.6,12.87158887,-3720.0,-1795.68
1/21/2014 0:00,23.359,-90.835,4.277,1806.1,14.12202889,-3722.0,-1796.18
1/21/2014 8:00,23.349,-90.855,4.281,1806.7,4.637779641,-3722.0,-1796.77
1/21/2014 16:00,23.338,-90.863,4.282,1805.3,11.10585881,-3727.0,-1795.38
1/22/2014 0:00,23.298,-90.876,4.274,1807.8,18.24518567,-3732.0,-1797.87
1/22/2014 8:00,23.273,-90.917,4.281,1807.8,13.62636048,-3736.0,-1797.87
1/22/2014 16:00,23.262,-90.936,4.285,1807.1,6.937852694,-3738.0,-1797.17
1/23/2014 0:00,23.236,-90.95,4.276,1805.1,17.16975247,-3745.0,-1795.18
1/23/2014 8:00,23.205,-90.998,4.283,1806.1,20.0714972,-3751.0,-1796.18
1/23/2014 16:00,23.198,-91.042,4.288,1807.9,12.28564203,-3752.0,-1797.97
1/24/2014 0:00,23.184,-91.076,4.288,1807.6,17.72024831,-3759.0,-1797.67
1/24/2014 8:00,23.16,-91.13,4.282,1805.4,20.34352231,-3764.0,-1795.48
1/24/2014 16:00,23.151,-91.174,4.297,1808.4,11.97399265,-3773.0,-1798.46
1/25/2014 0:00,23.14,-91.204,4.297,1808.5,14.10931962,-3770.0,-1798.56
1/25/2014 8:00,23.124,-91.247,4.291,1807.1,16.20353048,-3775.0,-1797.17
1/25/2014 16:00,23.117,-91.284,4.3,1808.4,11.42809258,-3806.0,-1798.46
1/26/2014 0:00,23.121,-91.315,4.304,1809.8,11.07910195,-3764.0,-1799.86
1/26/2014 8:00,23.118,-91.346,4.299,1808.0,11.32412027,-3762.0,-1798.07
1/26/2014 16:00,23.11,-91.374,4.297,1807.5,9.407592678,-3765.0,-1797.57
1/27/2014 0:00,23.121,-91.398,4.3,1808.8,7.912275273,-3759.0,-1798.86
1/27/2014 8:00,23.127,-91.415,4.295,1807.2,9.241828823,-3755.0,-1797.27
1/27/2014 16:00,23.127,-91.445,4.298,1807.7,9.364619587,-3755.0,-1797.77
1/28/2014 0:00,23.152,-91.453,4.292,1808.2,6.477839146,-3751.0,-1798.26
1/28/2014 8:00,23.151,-91.466,4.302,1808.8,7.023852219,-3750.0,-1798.86
1/28/2014 16:00,23.154,-91.489,4.295,1807.9,10.11482575,-3749.0,-1797.97
1/29/2014 0:00,23.17,-91.513,4.291,1807.3,9.419368344,-3747.0,-1797.37
1/29/2014 8:00,23.191,-91.521,4.289,1806.7,8.323124413,-3744.0,-1796.77
1/29/2014 16:00,23.208,-91.532,4.295,1808.6,7.462070758,-3750.0,-1798.66
1/30/2014 0:00,23.225,-91.546,4.282,1803.6,10.0331949,-3754.0,-1793.69
1/30/2014 8:00,23.259,-91.554,4.292,1809.3,15.92990898,-3748.0,-1799.36
1/30/2014 16:00,23.298,-91.562,4.293,1807.5,13.2321578,-3746.0,-1797.57
1/31/2014 0:00,23.329,-91.566,4.282,1806.7,14.20387623,-3746.0,-1796.77
1/31/2014 8:00,23.372,-91.579,4.285,1807.4,17.53433774,-3746.0,-1797.47
1/31/2014 16:00,23.416,-91.567,4.291,1808.4,16.80062201,-3745.0,-1798.46
2/1/2014 0:00,23.458,-91.562,4.281,1806.9,17.76876473,-3750.0,-1796.97
2/1/2014 8:00,23.505,-91.55,4.288,1806.9,17.63641687,-3753.0,-1796.97
2/1/2014 16:00,23.544,-91.533,4.284,1805.7,15.57688351,-3736.0,-1795.78
2/2/2014 0:00,23.578,-91.509,4.282,1806.3,15.43351224,-3744.0,-1796.38
2/2/2014 8:00,23.606,-91.48,4.29,1805.2,14.31386042,-3733.0,-1795.28
2/2/2014 16:00,23.631,-91.45,4.285,1805.5,14.63722651,-3728.0,-1795.58
2/3/2014 0:00,23.652,-91.418,4.282,1806.2,12.9426002,-3728.0,-1796.28
2/3/2014 8:00,23.664,-91.388,4.285,1806.0,9.854567469,-3726.0,-1796.08
2/3/2014 16:00,23.672,-91.365,4.281,1804.5,8.036224238,-3728.0,-1794.58
2/4/2014 0:00,23.672,-91.344,4.285,1807.0,7.114000281,-3732.0,-1797.07
2/4/2014 8:00,23.669,-91.325,4.291,1807.3,6.721703653,-3725.0,-1797.37
2/4/2014 16:00,23.667,-91.305,4.279,1804.5,7.636033002,-3722.0,-1794.58
2/5/2014 0:00,23.667,-91.285,4.284,1805.6,6.79779376,-3725.0,-1795.68
2/5/2014 8:00,23.653,-91.272,4.291,1806.5,5.486164416,-3729.0,-1796.57
2/5/2014 16:00,23.647,-91.264,4.285,1806.1,3.824722212,-3729.0,-1796.18
2/6/2014 0:00,23.638,-91.255,4.277,1805.2,4.878780585,-3727.0,-1795.28
2/6/2014 8:00,23.627,-91.25,4.29,1804.5,4.645696934,-3726.0,-1794.58
2/6/2014 16:00,23.615,-91.245,4.282,1807.7,5.90410027,-3729.0,-1797.77
2/7/2014 0:00,23.598,-91.251,4.284,1807.0,6.027702713,-3729.0,-1797.07
2/7/2014 8:00,23.584,-91.252,4.28,1805.3,6.751451696,-3731.0,-1795.38
2/7/2014 16:00,23.561,-91.255,4.285,1805.3,9.963578674,-3732.0,-1795.38
2/8/2014 0:00,23.54,-91.266,4.282,1806.2,8.298246803,-3735.0,-1796.28
2/8/2014 8:00,23.526,-91.281,4.282,1806.8,7.390243568,-3737.0,-1796.87
2/8/2014 16:00,23.506,-91.295,4.281,1805.8,11.94068675,-3737.0,-1795.88
2/9/2014 0:00,23.477,-91.313,4.279,1805.3,10.91104486,-3746.0,-1795.38
2/9/2014 8:00,23.463,-91.338,4.283,1805.7,12.4195008,-3746.0,-1795.78
2/9/2014 16:00,23.434,-91.365,4.28,1805.3,13.85975469,-3739.0,-1795.38
2/10/2014 0:00,23.416,-91.392,4.281,1805.7,11.11022952,-3742.0,-1795.78
2/10/2014 8:00,23.393,-91.42,4.279,1806.6,16.54803916,-3748.0,-1796.67
2/10/2014 16:00,23.371,-91.465,4.284,1805.8,16.77584275,-3749.0,-1795.88
2/11/2014 0:00,23.359,-91.505,4.279,1803.2,15.28144299,-3749.0,-1793.29
2/11/2014 8:00,23.346,-91.55,4.278,1805.7,17.37106214,-3744.0,-1795.78
2/11/2014 16:00,23.338,-91.595,4.28,1807.5,14.41730211,-3742.0,-1797.57
2/12/2014 0:00,23.333,-91.637,4.284,1806.1,18.69327687,-3750.0,-1796.18
2/12/2014 8:00,23.329,-91.697,4.279,1802.4,19.80206302,-3750.0,-1792.5
2/12/2014 16:00,23.338,-91.741,4.279,1804.9,13.38030269,-3756.0,-1794.98
2/13/2014 0:00,23.345,-91.779,4.286,1804.5,16.84155872,-3753.0,-1794.58
2/13/2014 8:00,23.357,-91.834,4.288,1808.1,20.08048057,-3744.0,-1798.17
2/13/2014 16:00,23.378,-91.877,4.277,1807.3,15.35852206,-3759.0,-1797.37
2/14/2014 0:00,23.405,-91.902,4.284,1806.3,11.83138622,-3752.0,-1796.38
2/14/2014 8:00,23.416,-91.94,4.285,1803.8,17.69814115,-3749.0,-1793.89
2/14/2014 16:00,23.446,-91.986,4.283,1803.7,21.02954113,-3748.0,-1793.79
2/15/2014 0:00,23.488,-92.013,4.289,1806.7,14.64831048,-3750.0,-1796.77
2/15/2014 8:00,23.513,-92.03,4.289,1805.9,11.949682,-3748.0,-1795.98
2/15/2014 16:00,23.545,-92.056,4.281,1805.3,17.83377975,-3764.0,-1795.38
2/16/2014 0:00,23.592,-92.074,4.29,1808.4,20.36479806,-3746.0,-1798.46
2/16/2014 8:00,23.64,-92.076,4.285,1805.7,14.31089445,-3755.0,-1795.78
2/16/2014 16:00,23.669,-92.079,4.283,1805.9,12.29806895,-3744.0,-1795.98
2/17/2014 0:00,23.709,-92.079,4.283,1805.7,17.05849935,-3747.0,-1795.78
2/17/2014 8:00,23.75,-92.066,4.284,1806.4,14.34946689,-3766.0,-1796.47
2/17/2014 16:00,23.78,-92.049,4.291,1807.6,13.78631568,-3761.0,-1797.67
2/18/2014 0:00,23.817,-92.035,4.285,1806.7,15.32020888,-3755.0,-1796.77
2/18/2014 8:00,23.844,-92.006,4.28,1804.9,14.25599172,-3756.0,-1794.98
2/18/2014 16:00,23.862,-91.973,4.288,1804.0,12.2815512,-3761.0,-1794.09
2/19/2014 0:00,23.879,-91.942,4.28,1805.1,15.18221657,-3755.0,-1795.18
2/19/2014 8:00,23.897,-91.897,4.282,1804.1,17.17023005,-3750.0,-1794.19
2/19/2014 16:00,23.902,-91.855,4.286,1804.2,13.78444413,-3752.0,-1794.29
2/20/2014 0:00,23.896,-91.819,4.283,1805.4,12.53601611,-3741.0,-1795.48
2/20/2014 8:00,23.883,-91.783,4.285,1804.3,16.07919463,-3744.0,-1794.39
2/20/2014 16:00,23.871,-91.738,4.292,1805.7,13.36400015,-3735.0,-1795.78
2/21/2014 0:00,23.849,-91.716,4.288,1804.3,12.36656783,-3735.0,-1794.39
2/21/2014 8:00,23.829,-91.684,4.286,1803.2,12.62618311,-3740.0,-1793.29
2/21/2014 16:00,23.807,-91.665,4.288,1805.7,11.25790833,-3740.0,-1795.78
2/22/2014 0:00,23.778,-91.655,4.278,1807.3,11.02894827,-3744.0,-1797.37
2/22/2014 8:00,23.754,-91.638,4.285,1805.7,12.06188211,-3739.0,-1795.78
2/22/2014 16:00,23.72,-91.631,4.288,1804.3,12.21936169,-3741.0,-1794.39
2/23/2014 0:00,23.694,-91.634,4.282,1805.8,10.00658283,-3748.0,-1795.88
2/23/2014 8:00,23.671,-91.649,4.286,1804.8,9.064943464,-3752.0,-1794.88
2/23/2014 16:00,23.646,-91.649,4.283,1804.3,12.45250979,-3750.0,-1794.39
2/24/2014 0:00,23.608,-91.657,4.283,1804.5,15.58997434,-3752.0,-1794.58
2/24/2014 8:00,23.581,-91.685,4.288,1805.4,12.8209984,-3745.0,-1795.48
2/24/2014 16:00,23.564,-91.709,4.285,1806.1,9.281944839,-3747.0,-1796.18
2/25/2014 0:00,23.541,-91.731,4.284,1803.2,17.99656912,-3744.0,-1793.29
2/25/2014 8:00,23.496,-91.773,4.293,1805.1,24.63185336,-3748.0,-1795.18
2/25/2014 16:00,23.475,-91.834,4.28,1804.7,19.25586924,-3747.0,-1794.78
2/26/2014 0:00,23.46,-91.871,4.288,1806.6,11.48863787,-3755.0,-1796.67
2/26/2014 8:00,23.436,-91.897,4.285,1802.5,16.67588678,-3753.0,-1792.6
2/26/2014 16:00,23.412,-91.947,4.283,1805.5,22.17866092,-3749.0,-1795.58
2/27/2014 0:00,23.408,-92.009,4.286,1805.9,20.41181031,-3757.0,-1795.98
2/27/2014 8:00,23.395,-92.06,4.282,1805.3,17.80788589,-3754.0,-1795.38
2/27/2014 16:00,23.393,-92.113,4.283,1803.8,19.85418092,-3757.0,-1793.89
2/28/2014 0:00,23.381,-92.169,4.28,1805.5,19.88698067,-3764.0,-1795.58
2/28/2014 8:00,23.387,-92.223,4.293,1806.0,17.90119828,-3759.0,-1796.08
2/28/2014 16:00,23.393,-92.269,4.285,1801.0,16.21560976,-3759.0,-1791.1
3/1/2014 0:00,23.402,-92.315,4.277,1802.4,16.83080806,-3761.0,-1792.5
3/1/2014 8:00,23.415,-92.361,4.285,1805.7,17.2719223,-3763.0,-1795.78
3/1/2014 16:00,23.428,-92.404,4.279,1803.3,13.81495566,-3756.0,-1793.39
3/2/2014 0:00,23.452,-92.429,4.283,1806.0,12.45273062,-3498.0,-1796.08
3/2/2014 8:00,23.463,-92.468,4.278,1805.1,15.60469801,-3574.0,-1795.18
3/2/2014 16:00,23.491,-92.497,4.291,1807.8,12.82969212,-3761.0,-1797.87
3/3/2014 0:00,23.518,-92.502,4.283,1804.9,9.078612229,-3781.0,-1794.98
3/3/2014 8:00,23.54,-92.519,4.279,1804.7,11.82944208,-3768.0,-1794.78
3/3/2014 16:00,23.572,-92.524,4.294,1805.7,10.95812484,-3761.0,-1795.78
3/4/2014 0:00,23.598,-92.525,4.279,1802.6,12.84908168,-3760.0,-1792.7
3/4/2014 8:00,23.633,-92.517,4.285,1809.7,9.925124684,-3752.0,-1799.76
3/4/2014 16:00,23.644,-92.502,4.286,1803.6,7.502806142,-3750.0,-1793.69
3/5/2014 0:00,23.666,-92.487,4.282,1805.0,10.01647643,-3744.0,-1795.08
3/5/2014 8:00,23.68,-92.463,4.284,1805.7,11.8406841,-3737.0,-1795.78
3/5/2014 16:00,23.694,-92.43,4.288,1802.8,12.53210677,-3740.0,-1792.89
3/6/2014 0:00,23.693,-92.397,4.279,1805.4,11.11859703,-3750.0,-1795.48
3/6/2014 8:00,23.691,-92.365,4.294,1806.8,12.63427877,-3745.0,-1796.87
3/6/2014 16:00,23.68,-92.327,4.282,1803.4,13.81177034,-3742.0,-1793.49
3/7/2014 0:00,23.663,-92.296,4.279,1804.8,12.40251991,-3752.0,-1794.88
3/7/2014 8:00,23.638,-92.272,4.279,1806.9,14.73400489,-3749.0,-1796.97
3/7/2014 16:00,23.602,-92.252,4.291,1807.0,14.20873323,-3744.0,-1797.07
3/8/2014 0:00,23.575,-92.233,4.279,1802.8,12.44718844,-3760.0,-1792.89
3/8/2014 8:00,23.537,-92.227,4.282,1805.2,16.73358898,-3768.0,-1795.28
3/8/2014 16:00,23.494,-92.22,4.285,1804.2,15.15219456,-3758.0,-1794.29
3/9/2014 0:00,23.457,-92.224,4.284,1805.1,15.02785747,-3756.0,-1795.18
3/9/2014 8:00,23.415,-92.235,4.288,1803.8,17.60957126,-3759.0,-1793.89
3/9/2014 16:00,23.373,-92.249,4.276,1803.5,16.09101923,-3761.0,-1793.59
3/10/2014 0:00,23.339,-92.275,4.284,1806.2,16.8629772,-3765.0,-1796.28
3/10/2014 8:00,23.299,-92.302,4.292,1805.0,18.73215417,-3756.0,-1795.08
3/10/2014 16:00,23.265,-92.34,4.279,1805.4,18.91423274,-3763.0,-1795.48
3/11/2014 0:00,23.239,-92.38,4.282,1803.5,14.74709802,-3762.0,-1793.59
3/11/2014 8:00,23.221,-92.414,4.284,1804.3,16.43233702,-3760.0,-1794.39
3/11/2014 16:00,23.189,-92.456,4.289,1808.3,19.91115516,-3765.0,-1798.36
3/12/2014 0:00,23.177,-92.509,4.279,1803.3,17.3467605,-3769.0,-1793.39
3/12/2014 8:00,23.163,-92.548,4.279,1804.4,14.41073211,-3778.0,-1794.49
3/12/2014 16:00,23.147,-92.587,4.285,1805.1,16.42826832,-3795.0,-1795.18
3/13/2014 0:00,23.147,-92.637,4.28,1804.3,17.1161824,-3767.0,-1794.39
3/13/2014 8:00,23.14,-92.68,4.28,1805.0,15.19769061,-3763.0,-1795.08
3/13/2014 16:00,23.134,-92.722,4.279,1803.7,14.36841675,-3762.0,-1793.79
3/14/2014 0:00,23.141,-92.761,4.281,1804.9,14.24134825,-3774.0,-1794.98
3/14/2014 8:00,23.141,-92.802,4.277,1803.9,13.8163852,-3720.0,-1793.99
3/14/2014 16:00,23.147,-92.837,4.281,1804.5,12.33616634,-3695.0,-1794.58
3/15/2014 0:00,23.157,-92.869,4.28,1804.3,11.04355015,-3743.0,-1794.39
3/15/2014 8:00,23.164,-92.895,4.28,1803.7,8.271184921,-3760.0,-1793.79
3/15/2014 16:00,23.17,-92.917,4.283,1804.7,9.237705343,-3764.0,-1794.78
3/16/2014 0:00,23.176,-92.947,4.279,1804.6,11.91832622,-3762.0,-1794.68
3/16/2014 8:00,23.195,-92.972,4.283,1804.9,9.562761108,-3762.0,-1794.98
3/16/2014 16:00,23.209,-92.988,4.276,1804.5,8.01973815,-3759.0,-1794.58
3/17/2014 0:00,23.227,-93.003,4.282,1805.2,7.771975296,-3756.0,-1795.28
3/17/2014 8:00,23.238,-93.015,4.282,1803.4,5.922837158,-3755.0,-1793.49
3/17/2014 16:00,23.255,-93.026,4.278,1806.5,9.241926206,-3752.0,-1796.57
3/18/2014 0:00,23.276,-93.035,4.277,1804.6,6.280286618,-3753.0,-1794.68
3/18/2014 8:00,23.285,-93.037,4.282,1804.5,3.448898375,-3754.0,-1794.58
3/18/2014 16:00,23.297,-93.047,4.282,1805.7,7.477392594,-3759.0,-1795.78
3/19/2014 0:00,23.321,-93.046,4.285,1803.2,10.04448107,-3761.0,-1793.29
3/19/2014 8:00,23.341,-93.049,4.279,1806.2,4.206292905,-3764.0,-1796.28
3/19/2014 16:00,23.346,-93.044,4.281,1806.4,3.02724297,-3764.0,-1796.47
3/20/2014 0:00,23.357,-93.039,4.285,1805.4,5.728001397,-3762.0,-1795.48
3/20/2014 8:00,23.373,-93.034,4.28,1805.4,7.297513275,-3761.0,-1795.48
3/20/2014 16:00,23.39,-93.028,4.279,1804.1,6.039114173,-3763.0,-1794.19
3/21/2014 0:00,23.396,-93.01,4.287,1806.6,6.605346319,-3757.0,-1796.67
3/21/2014 8:00,23.411,-93.003,4.284,1805.7,3.429475179,-3760.0,-1795.78
3/21/2014 16:00,23.41,-92.99,4.281,1804.0,7.530610865,-3753.0,-1794.09
3/22/2014 0:00,23.425,-92.965,4.282,1804.3,11.06266243,-3755.0,-1794.39
3/22/2014 8:00,23.424,-92.936,4.284,1804.3,10.24414467,-3762.0,-1794.39
3/22/2014 16:00,23.412,-92.914,4.283,1804.2,6.86583571,-3760.0,-1794.29
3/23/2014 0:00,23.412,-92.895,4.28,1803.9,8.679089814,-3763.0,-1793.99
3/23/2014 8:00,23.408,-92.865,4.285,1805.2,12.06715377,-3758.0,-1795.28
3/23/2014 16:00,23.389,-92.837,4.284,1804.8,11.88651757,-3764.0,-1794.88
3/24/2014 0:00,23.37,-92.818,4.277,1804.8,8.287291476,-3766.0,-1794.88
3/24/2014 8:00,23.357,-92.799,4.287,1805.4,10.33307795,-3772.0,-1795.48
3/24/2014 16:00,23.338,-92.77,4.284,1804.3,13.5242375,-3770.0,-1794.39
3/25/2014 0:00,23.308,-92.753,4.279,1806.0,12.31527507,-3734.0,-1796.08
3/25/2014 8:00,23.28,-92.746,4.285,1804.4,10.27715914,-3730.0,-1794.49
3/25/2014 16:00,23.253,-92.736,4.289,1803.6,12.85015953,-3764.0,-1793.69
3/26/2014 0:00,23.223,-92.718,4.284,1804.3,11.62638809,-3761.0,-1794.39
3/26/2014 8:00,23.193,-92.724,4.278,1801.2,13.72510838,-3681.0,-1791.3
3/26/2014 16:00,23.158,-92.73,4.292,1804.8,9.923129547,-3715.0,-1794.88
3/27/2014 0:00,23.138,-92.734,4.29,1805.4,11.13088047,-3765.0,-1795.48
3/27/2014 8:00,23.096,-92.736,4.276,1803.1,18.4085252,-3760.0,-1793.19
3/27/2014 16:00,23.059,-92.755,4.285,1805.3,10.06662307,-3764.0,-1795.38
3/28/2014 0:00,23.047,-92.766,4.292,1805.0,7.551589237,-3762.0,-1795.08
3/28/2014 8:00,23.018,-92.783,4.279,1805.3,15.71559735,-3756.0,-1795.38
3/28/2014 16:00,22.985,-92.805,4.285,1804.8,12.70305869,-3763.0,-1794.88
3/29/2014 0:00,22.959,-92.822,4.277,1804.1,13.8340052,-3763.0,-1794.19
3/29/2014 8:00,22.929,-92.85,4.286,1805.7,12.06721592,-3765.0,-1795.78
3/29/2014 16:00,22.913,-92.866,4.285,1805.1,8.212989711,-3769.0,-1795.18
3/30/2014 0:00,22.893,-92.888,4.277,1804.4,14.23012649,-3767.0,-1794.49
3/30/2014 8:00,22.876,-92.924,4.28,1805.5,10.97477562,-3748.0,-1795.58
3/30/2014 16:00,22.873,-92.946,4.284,1804.4,8.28254188,-3754.0,-1794.49
3/31/2014 0:00,22.865,-92.975,4.277,1805.3,12.07446893,-3752.0,-1795.38
3/31/2014 8:00,22.859,-93.008,4.287,1805.3,11.56055362,-3754.0,-1795.38
3/31/2014 16:00,22.858,-93.041,4.282,1803.7,13.10057251,-3760.0,-1793.79
4/1/2014 0:00,22.868,-93.079,4.277,1805.7,13.48079004,-3752.0,-1795.78
4/1/2014 8:00,22.87,-93.114,4.279,1804.7,12.17230463,-3752.0,-1794.78
4/1/2014 16:00,22.883,-93.148,4.284,1805.1,13.64809511,-3658.0,-1795.18
4/2/2014 0:00,22.897,-93.184,4.28,1804.5,15.50835904,-3739.0,-1794.58
4/2/2014 8:00,22.907,-93.233,4.279,1806.8,19.67933434,-3746.0,-1796.87
4/2/2014 16:00,22.936,-93.278,4.284,1804.9,16.44906076,-3758.0,-1794.98
4/3/2014 0:00,22.961,-93.304,4.285,1804.2,14.28219171,-3751.0,-1794.29
4/3/2014 8:00,22.983,-93.348,4.283,1805.1,19.69056627,-3756.0,-1795.18
4/3/2014 16:00,23.017,-93.389,4.284,1805.8,19.46040596,-3751.0,-1795.88
4/4/2014 0:00,23.059,-93.416,4.29,1809.2,16.89062462,-3754.0,-1799.26
4/4/2014 8:00,23.089,-93.441,4.288,1804.9,13.51815446,-3758.0,-1794.98
4/4/2014 16:00,23.124,-93.457,4.284,1805.9,16.42936396,-3753.0,-1795.98
4/5/2014 0:00,23.168,-93.475,4.285,1806.4,19.06475806,-3746.0,-1796.47
4/5/2014 8:00,23.21,-93.474,4.284,1805.9,9.772681311,-3748.0,-1795.98
4/5/2014 16:00,23.225,-93.47,4.285,1805.6,9.260939477,-3751.0,-1795.68
4/6/2014 0:00,23.264,-93.468,4.285,1805.6,15.99276399,-3751.0,-1795.68
4/6/2014 8:00,23.295,-93.453,4.284,1805.4,10.99971363,-3759.0,-1795.48
4/6/2014 16:00,23.312,-93.429,4.284,1806.8,11.61983218,-3755.0,-1796.87
4/7/2014 0:00,23.335,-93.407,4.287,1806.2,9.987096675,-3759.0,-1796.28
4/7/2014 8:00,23.348,-93.382,4.283,1804.5,14.00114638,-3756.0,-1794.58
4/7/2014 16:00,23.374,-93.344,4.282,1805.6,16.38851427,-3753.0,-1795.68
4/8/2014 0:00,23.368,-93.3,4.285,1807.2,13.24974339,-3758.0,-1797.27
4/8/2014 8:00,23.367,-93.271,4.281,1804.5,10.28148822,-3755.0,-1794.58
4/8/2014 16:00,23.371,-93.237,4.284,1806.4,13.32693888,-3754.0,-1796.47
4/9/2014 0:00,23.367,-93.199,4.283,1805.6,13.965418,-3753.0,-1795.68
4/9/2014 8:00,23.352,-93.166,4.281,1806.8,11.02449999,-3755.0,-1796.87
4/9/2014 16:00,23.335,-93.149,4.279,1805.8,7.838418208,-3753.0,-1795.88
4/10/2014 0:00,23.326,-93.128,4.282,1807.7,8.853050322,-3756.0,-1797.77
4/10/2014 8:00,23.312,-93.105,4.28,1806.4,12.03565536,-3757.0,-1796.47
4/10/2014 16:00,23.283,-93.092,4.279,1806.4,7.675838716,-3755.0,-1796.47
4/11/2014 0:00,23.273,-93.087,4.282,1805.4,6.829597353,-3759.0,-1795.48
4/11/2014 8:00,23.248,-93.074,4.281,1806.3,10.39471019,-3761.0,-1796.38
4/11/2014 16:00,23.229,-93.066,4.284,1805.9,7.890025349,-3749.0,-1795.98
4/12/2014 0:00,23.204,-93.072,4.281,1806.6,10.93215898,-3753.0,-1796.67
4/12/2014 8:00,23.183,-93.079,4.283,1807.4,3.423171045,-3754.0,-1797.47
4/12/2014 16:00,23.175,-93.08,4.283,1807.3,9.585123891,-3756.0,-1797.37
4/13/2014 0:00,23.138,-93.093,4.283,1806.5,12.84599938,-3757.0,-1796.57
4/13/2014 8:00,23.121,-93.109,4.282,1807.0,9.06690686,-3752.0,-1797.07
4/13/2014 16:00,23.099,-93.129,4.28,1807.7,10.54241908,-3758.0,-1797.77
4/14/2014 0:00,23.089,-93.153,4.279,1806.6,8.612038086,-3763.0,-1796.67
4/14/2014 8:00,23.069,-93.17,4.285,1805.1,11.62065833,-3765.0,-1795.18
4/14/2014 16:00,23.056,-93.204,4.282,1807.0,12.47798061,-3763.0,-1797.07
4/15/2014 0:00,23.054,-93.234,4.283,1805.4,10.23271714,-3755.0,-1795.48
4/15/2014 8:00,23.048,-93.264,4.283,1807.3,11.00838317,-3753.0,-1797.37
4/15/2014 16:00,23.051,-93.296,4.287,1806.8,12.11151518,-3750.0,-1796.87
4/16/2014 0:00,23.056,-93.329,4.278,1803.2,11.03279203,-3752.0,-1793.29
4/16/2014 8:00,23.063,-93.358,4.286,1803.5,11.2895084,-3759.0,-1793.59
4/16/2014 16:00,23.076,-93.39,4.292,1804.4,13.08260677,-3757.0,-1794.49
4/17/2014 0:00,23.097,-93.417,4.285,1804.4,11.04876916,-3757.0,-1794.49
4/17/2014 8:00,23.113,-93.438,4.281,1804.3,9.270706553,-3758.0,-1794.39
4/17/2014 16:00,23.131,-93.457,4.285,1805.5,10.03718088,-3754.0,-1795.58
4/18/2014 0:00,23.155,-93.47,4.289,1805.3,11.24185483,-3750.0,-1795.38
4/18/2014 8:00,23.176,-93.488,4.285,1804.0,6.757070371,-3746.0,-1794.09
4/18/2014 16:00,23.192,-93.492,4.29,1804.5,10.21765139,-3744.0,-1794.58
4/19/2014 0:00,23.224,-93.5,4.286,1803.8,10.68034644,-3748.0,-1793.89
4/19/2014 8:00,23.243,-93.493,4.288,1806.0,7.621213814,-3750.0,-1796.08
4/19/2014 16:00,23.269,-93.488,4.287,1804.8,13.19383568,-3753.0,-1794.88
4/20/2014 0:00,23.303,-93.476,4.285,1804.3,11.35304364,-3757.0,-1794.39
4/20/2014 8:00,23.322,-93.459,4.284,1804.7,10.96777097,-3761.0,-1794.78
4/20/2014 16:00,23.35,-93.437,4.287,1805.0,13.07487667,-3758.0,-1795.08
4/21/2014 0:00,23.374,-93.415,4.284,1805.3,12.5343129,-3756.0,-1795.38
4/21/2014 8:00,23.405,-93.396,4.281,1803.5,14.41433314,-3760.0,-1793.59
4/21/2014 16:00,23.434,-93.362,4.284,1806.3,19.78938352,-3757.0,-1796.38
4/22/2014 0:00,23.464,-93.318,4.279,1803.8,14.4945576,-3756.0,-1793.89
4/22/2014 8:00,23.484,-93.294,4.282,1805.6,14.33594782,-3754.0,-1795.68
4/22/2014 16:00,23.515,-93.252,4.279,1803.0,19.71134191,-3754.0,-1793.09
4/23/2014 0:00,23.539,-93.211,4.277,1802.8,16.87543185,-3748.0,-1792.89
4/23/2014 8:00,23.554,-93.166,4.279,1803.5,14.92390364,-3749.0,-1793.59
4/23/2014 16:00,23.569,-93.131,4.274,1801.1,15.75112694,-3760.0,-1791.2
4/24/2014 0:00,23.6,-93.092,4.275,1802.6,18.18763591,-3761.0,-1792.7
4/24/2014 8:00,23.607,-93.043,4.276,1802.4,16.99077691,-3765.0,-1792.5
4/24/2014 16:00,23.607,-93.002,4.274,1802.8,11.70193146,-3760.0,-1792.89
4/25/2014 0:00,23.616,-92.972,4.276,1803.0,12.88180888,-3753.0,-1793.09
4/25/2014 8:00,23.618,-92.931,4.276,1801.0,14.00406013,-3764.0,-1791.1
4/25/2014 16:00,23.613,-92.899,4.273,1803.2,8.788202319,-3754.0,-1793.29
4/26/2014 0:00,23.606,-92.876,4.278,1803.4,11.61338021,-3751.0,-1793.49
4/26/2014 8:00,23.589,-92.844,4.276,1802.9,10.33017425,-3754.0,-1792.99
4/26/2014 16:00,23.589,-92.824,4.277,1803.7,6.00020833,-3754.0,-1793.79
4/27/2014 0:00,23.579,-92.809,4.274,1805.9,8.653611963,-3758.0,-1795.98
4/27/2014 8:00,23.556,-92.801,4.275,1803.7,7.634664367,-3761.0,-1793.79
4/27/2014 16:00,23.545,-92.793,4.277,1804.2,3.428119018,-3766.0,-1794.29
4/28/2014 0:00,23.535,-92.79,4.274,1801.7,6.034608521,-3764.0,-1791.8
4/28/2014 8:00,23.516,-92.787,4.28,1808.1,7.568566575,-3764.0,-1798.17
4/28/2014 16:00,23.498,-92.795,4.283,1803.7,8.307935965,-3766.0,-1793.79
4/29/2014 0:00,23.483,-92.809,4.275,1803.2,4.880696672,-3767.0,-1793.29
4/29/2014 8:00,23.48,-92.815,4.28,1805.1,2.835577543,-3767.0,-1795.18
4/29/2014 16:00,23.475,-92.827,4.282,1805.0,5.751912725,-3763.0,-1795.08
4/30/2014 0:00,23.463,-92.842,4.284,1801.8,8.975979055,-3776.0,-1791.9
4/30/2014 8:00,23.46,-92.865,4.278,1803.9,5.478412179,-3778.0,-1793.99
4/30/2014 16:00,23.469,-92.87,4.283,1805.3,2.324177274,-3777.0,-1795.38
5/1/2014 0:00,23.465,-92.886,4.285,1805.7,8.155519603,-3763.0,-1795.78
5/1/2014 8:00,23.469,-92.908,4.279,1804.1,6.350590524,-3757.0,-1794.19
5/1/2014 16:00,23.476,-92.917,4.279,1804.5,3.70418682,-3759.0,-1794.58
5/2/2014 0:00,23.479,-92.929,4.283,1805.4,6.132642171,-3755.0,-1795.48
5/2/2014 8:00,23.48,-92.951,4.279,1803.3,8.825876727,-3757.0,-1793.39
5/2/2014 16:00,23.49,-92.975,4.282,1805.2,9.225470178,-3762.0,-1795.28
5/3/2014 0:00,23.498,-92.999,4.274,1805.1,8.87771367,-3761.0,-1795.18
5/3/2014 8:00,23.507,-93.022,4.279,1804.9,8.606189633,-3756.0,-1794.98
5/3/2014 16:00,23.516,-93.045,4.285,1805.4,10.14970443,-3759.0,-1795.48
5/4/2014 0:00,23.535,-93.069,4.277,1804.1,10.08146815,-3753.0,-1794.19
5/4/2014 8:00,23.546,-93.092,4.278,1805.2,9.836427197,-3750.0,-1795.28
5/4/2014 16:00,23.566,-93.119,4.285,1806.1,15.90484203,-3759.0,-1796.18
5/5/2014 0:00,23.599,-93.151,4.282,1803.5,14.46840005,-3765.0,-1793.59
5/5/2014 8:00,23.617,-93.178,4.279,1804.2,12.07643987,-3760.0,-1794.29
5/5/2014 16:00,23.642,-93.209,4.284,1806.0,17.28840363,-3751.0,-1796.08
5/6/2014 0:00,23.68,-93.237,4.285,1805.5,15.37243312,-3756.0,-1795.58
5/6/2014 8:00,23.708,-93.257,4.282,1805.3,13.55005535,-3768.0,-1795.38
5/6/2014 16:00,23.742,-93.285,4.279,1803.8,17.98187977,-3786.0,-1793.89
5/7/2014 0:00,23.782,-93.311,4.279,1805.2,17.88387262,-3762.0,-1795.28
5/7/2014 8:00,23.824,-93.326,4.285,1804.3,15.62506,-3750.0,-1794.39
5/7/2014 16:00,23.86,-93.347,4.277,1804.8,17.42336936,-3748.0,-1794.88
5/8/2014 0:00,23.909,-93.371,4.277,1805.5,24.63289061,-3734.0,-1795.58
5/8/2014 8:00,23.968,-93.387,4.277,1803.2,16.35649107,-3707.0,-1793.29
5/8/2014 16:00,23.993,-93.384,4.268,1803.6,9.352582531,-3703.0,-1793.69
5/9/2014 0:00,24.031,-93.391,4.276,1805.1,21.24110402,-3693.0,-1795.18
5/9/2014 8:00,24.09,-93.407,4.276,1803.3,20.98015253,-3707.0,-1793.39
5/9/2014 16:00,24.134,-93.394,4.271,1805.3,15.45200634,-3725.0,-1795.38
5/10/2014 0:00,24.171,-93.391,4.268,1804.4,13.54788913,-3733.0,-1794.49
5/10/2014 8:00,24.202,-93.377,4.273,1804.4,11.21396451,-3734.0,-1794.49
5/10/2014 16:00,24.232,-93.364,4.27,1804.1,18.06881291,-3732.0,-1794.19
5/11/2014 0:00,24.281,-93.339,4.266,1803.6,17.10771171,-3752.0,-1793.69
5/11/2014 8:00,24.298,-93.313,4.273,1802.6,8.085771454,-3747.0,-1792.7
5/11/2014 16:00,24.314,-93.296,4.263,1801.8,11.30218121,-3744.0,-1791.9
5/12/2014 0:00,24.34,-93.271,4.271,1804.5,13.86498107,-3745.0,-1794.58
5/12/2014 8:00,24.348,-93.235,4.27,1802.9,11.34155192,-3743.0,-1792.99
5/12/2014 16:00,24.345,-93.211,4.264,1804.0,7.710648481,-3741.0,-1794.09
5/13/2014 0:00,24.355,-93.187,4.264,1804.2,10.15264498,-3741.0,-1794.29
5/13/2014 8:00,24.346,-93.157,4.271,1804.0,12.4302856,-3750.0,-1794.09
5/13/2014 16:00,24.327,-93.138,4.265,1800.6,4.62533242,-3744.0,-1790.71
5/14/2014 0:00,24.329,-93.129,4.264,1800.8,4.543709938,-3741.0,-1790.91
5/14/2014 8:00,24.307,-93.12,4.277,1802.2,8.862917127,-3736.0,-1792.3
5/14/2014 16:00,24.294,-93.123,4.268,1800.0,2.927968579,-3735.0,-1790.11
5/15/2014 0:00,24.291,-93.127,4.265,1800.6,2.469412886,-3738.0,-1790.71
5/15/2014 8:00,24.28,-93.132,4.274,1804.1,6.53176852,-3741.0,-1794.19
5/15/2014 16:00,24.264,-93.145,4.272,1801.0,8.480053066,-3745.0,-1791.1
5/16/2014 0:00,24.258,-93.168,4.266,1801.1,10.09503839,-3741.0,-1791.2
5/16/2014 8:00,24.271,-93.194,4.269,1803.4,7.378346698,-3745.0,-1793.49
5/16/2014 16:00,24.256,-93.212,4.274,1802.3,11.6890761,-3742.0,-1792.4
5/17/2014 0:00,24.243,-93.244,4.274,1801.9,13.66856247,-3745.0,-1792.0
5/17/2014 8:00,24.259,-93.281,4.27,1802.1,11.4239923,-3742.0,-1792.2
5/17/2014 16:00,24.259,-93.307,4.268,1801.2,10.88253647,-3746.0,-1791.3
5/18/2014 0:00,24.261,-93.35,4.272,1801.9,19.42091656,-3746.0,-1792.0
5/18/2014 8:00,24.271,-93.408,4.273,1801.8,20.41135468,-3744.0,-1791.9
5/18/2014 16:00,24.302,-93.447,4.271,1801.8,12.72468467,-3743.0,-1791.9
5/19/2014 0:00,24.309,-93.474,4.265,1801.5,12.13769748,-3742.0,-1791.6
5/19/2014 8:00,24.33,-93.516,4.274,1806.4,20.04925186,-3751.0,-1796.47
5/19/2014 16:00,24.361,-93.561,4.272,1804.0,17.73534888,-3763.0,-1794.09
5/20/2014 0:00,24.398,-93.586,4.269,1802.6,17.13600012,-3789.0,-1792.7
5/20/2014 8:00,24.436,-93.612,4.267,1801.9,16.03181836,-3765.0,-1792.0
5/20/2014 16:00,24.465,-93.632,4.268,1802.9,10.89213019,-3816.0,-1792.99
5/21/2014 0:00,24.493,-93.64,4.268,1802.8,13.84237335,-3751.0,-1792.89
5/21/2014 8:00,24.535,-93.646,4.272,1802.6,17.34878958,-3751.0,-1792.7
5/21/2014 16:00,24.573,-93.631,4.268,1802.7,10.68088479,-3746.0,-1792.79
5/22/2014 0:00,24.59,-93.624,4.265,1802.5,8.076682487,-3739.0,-1792.6
5/22/2014 8:00,24.616,-93.613,4.271,1803.7,11.37905532,-3746.0,-1793.79
5/22/2014 16:00,24.635,-93.587,4.27,1802.1,14.77037576,-3746.0,-1792.2
5/23/2014 0:00,24.647,-93.545,4.264,1803.4,11.90671239,-3741.0,-1793.49
5/23/2014 8:00,24.657,-93.525,4.267,1803.6,7.490006676,-3742.0,-1793.69
5/23/2014 16:00,24.662,-93.496,4.265,1801.2,12.11323656,-3733.0,-1791.3
5/24/2014 0:00,24.663,-93.461,4.268,1803.7,11.86301817,-3727.0,-1793.79
5/24/2014 8:00,24.651,-93.428,4.264,1801.1,14.70323094,-3735.0,-1791.2
5/24/2014 16:00,24.629,-93.395,4.261,1801.1,10.45853718,-3713.0,-1791.2
5/25/2014 0:00,24.612,-93.381,4.27,1801.7,10.5510663,-3716.0,-1791.8
5/25/2014 8:00,24.582,-93.354,4.267,1800.7,16.18608353,-3733.0,-1790.81
5/25/2014 16:00,24.554,-93.337,4.268,1800.2,7.318640584,-3733.0,-1790.31
5/26/2014 0:00,24.536,-93.344,4.264,1801.3,11.55939445,-3735.0,-1791.4
5/26/2014 8:00,24.499,-93.348,4.271,1801.5,11.85931701,-3745.0,-1791.6
5/26/2014 16:00,24.481,-93.352,4.27,1801.7,6.570273967,-3731.0,-1791.8
5/27/2014 0:00,24.463,-93.368,4.27,1801.2,10.59202058,-3731.0,-1791.3
5/27/2014 8:00,24.444,-93.389,4.266,1801.4,9.164523992,-3733.0,-1791.5
5/27/2014 16:00,24.432,-93.409,4.273,1803.5,9.189151212,-3748.0,-1793.59
5/28/2014 0:00,24.427,-93.439,4.272,1802.8,11.53191224,-3781.0,-1792.89
5/28/2014 8:00,24.43,-93.469,4.268,1799.9,8.678859372,-3777.0,-1790.01
5/28/2014 16:00,24.433,-93.491,4.269,1800.7,8.523479337,-3770.0,-1790.81
5/29/2014 0:00,24.439,-93.518,4.268,1802.1,10.07774776,-3746.0,-1792.2
5/29/2014 8:00,24.457,-93.543,4.269,1801.9,14.38200264,-3763.0,-1792.0
5/29/2014 16:00,24.488,-93.563,4.27,1800.3,8.652271378,-3754.0,-1790.41
5/30/2014 0:00,24.501,-93.565,4.268,1800.3,7.452422425,-3747.0,-1790.41
5/30/2014 8:00,24.525,-93.586,4.268,1800.9,10.69303512,-3759.0,-1791.0
5/30/2014 16:00,24.545,-93.582,4.269,1801.1,8.605719029,-3748.0,-1791.2
5/31/2014 0:00,24.564,-93.567,4.27,1801.7,8.854112039,-3737.0,-1791.8
5/31/2014 8:00,24.586,-93.56,4.271,1802.0,8.47001771,-3742.0,-1792.1
5/31/2014 16:00,24.599,-93.544,4.27,1802.4,7.046374955,-3742.0,-1792.5
6/1/2014 0:00,24.604,-93.524,4.268,1801.4,8.917981834,-3743.0,-1791.5
6/1/2014 8:00,24.618,-93.5,4.268,1801.3,8.31578018,-3747.0,-1791.4
6/1/2014 16:00,24.614,-93.477,4.272,1802.0,11.41275164,-3750.0,-1792.1
6/2/2014 0:00,24.606,-93.445,4.265,1801.5,6.86539875,-3753.0,-1791.6
6/2/2014 8:00,24.602,-93.434,4.266,1802.5,9.383629362,-3753.0,-1792.6
6/2/2014 16:00,24.576,-93.405,4.271,1801.0,11.75265927,-3761.0,-1791.1
6/3/2014 0:00,24.565,-93.387,4.273,1802.1,9.223448379,-3741.0,-1792.2
6/3/2014 8:00,24.534,-93.364,4.266,1801.0,16.30266849,-3734.0,-1791.1
6/3/2014 16:00,24.502,-93.345,4.264,1801.7,12.01601015,-3748.0,-1791.8
6/4/2014 0:00,24.473,-93.347,4.271,1801.8,10.43667093,-3730.0,-1791.9
6/4/2014 8:00,24.445,-93.351,4.268,1800.8,12.50166789,-3732.0,-1790.91
6/4/2014 16:00,24.411,-93.348,4.267,1802.0,11.57145194,-3745.0,-1792.1
6/5/2014 0:00,24.394,-93.367,4.269,1801.1,13.82638058,-3748.0,-1791.2
