Date (yyyy-MMM-dd hh:mm),Latitude (N),Longitude (W),Temperature (C),Pressure (dbar),Speed (cm/s),Bottom Depth (m),Depth (m)
9/26/2012 8:00,25.886,-89.768,4.337,1630.0,10.34114597,-3223,-1621.04
9/26/2012 16:00,25.923,-89.758,4.336,1628.8,12.90482855,-3212,-1619.85
9/27/2012 0:00,25.949,-89.74,4.327,1631.8,16.34865438,-3204,-1622.83
9/27/2012 8:00,26.008,-89.735,4.331,1630.8,23.91219982,-3183,-1621.84
9/27/2012 16:00,26.064,-89.73,4.322,1629.9,21.80443991,-3162,-1620.94
9/28/2012 0:00,26.125,-89.736,4.31,1633.0,23.80655582,-3141,-1624.03
9/28/2012 8:00,26.179,-89.756,4.301,1632.9,19.8077813,-3119,-1623.93
9/28/2012 16:00,26.216,-89.783,4.31,1633.1,15.1211276,-3102,-1624.13
9/29/2012 0:00,26.243,-89.81,4.309,1634.1,13.65503936,-3096,-1625.12
9/29/2012 8:00,26.27,-89.838,4.322,1636.7,14.30931515,-3102,-1627.71
9/29/2012 16:00,26.29,-89.862,4.314,1636.8,6.38846617,-3106,-1627.81
9/30/2012 0:00,26.288,-89.875,4.321,1639.1,6.057061994,-3113,-1630.09
9/30/2012 8:00,26.298,-89.876,4.321,1638.2,12.92540522,-3111,-1629.2
9/30/2012 16:00,26.264,-89.844,4.321,1638.8,7.571373719,-3103,-1629.8
10/1/2012 0:00,26.336,-89.857,4.323,1639.5,26.88793224,-3082,-1630.49
10/1/2012 8:00,26.375,-89.848,4.32,1638.7,14.81073259,-3056,-1629.7
10/1/2012 16:00,26.425,-89.851,4.313,1639.7,17.71429366,-3021,-1630.69
10/2/2012 0:00,26.452,-89.858,4.316,1638.7,5.585785531,-3002,-1629.7
10/2/2012 8:00,26.466,-89.87,4.31,1638.6,12.87654068,-2990,-1629.6
10/2/2012 16:00,26.497,-89.899,4.31,1639.2,11.00409015,-2963,-1630.19
10/3/2012 0:00,26.503,-89.921,4.312,1637.6,10.83927119,-2949,-1628.6
10/3/2012 8:00,26.523,-89.95,4.314,1639.6,8.180770135,-2918,-1630.59
10/3/2012 16:00,26.491,-89.964,4.318,1639.1,16.14504258,-2958,-1630.09
10/4/2012 0:00,26.463,-89.974,4.319,1639.3,6.906381107,-2972,-1630.29
10/4/2012 8:00,26.457,-89.98,4.317,1639.6,0.832586332,-2973,-1630.59
10/4/2012 16:00,26.452,-89.969,4.316,1641.0,10.08458725,-2994,-1631.98
10/5/2012 0:00,26.416,-89.949,4.312,1639.1,17.7443653,-3031,-1630.09
10/5/2012 8:00,26.395,-89.919,4.319,1641.9,9.615388708,-3051,-1632.88
10/5/2012 16:00,26.413,-89.894,4.313,1639.6,11.36347218,-3033,-1630.59
10/6/2012 0:00,26.407,-89.856,4.313,1642.3,12.1207013,-3033,-1633.28
10/6/2012 8:00,26.438,-89.833,4.311,1638.7,10.35003382,-3005,-1629.7
10/6/2012 16:00,26.43,-89.807,4.306,1639.0,3.975550276,-3002,-1629.99
10/7/2012 0:00,26.456,-89.807,4.302,1639.8,13.73730687,-2976,-1630.79
10/7/2012 8:00,26.478,-89.791,4.302,1639.8,4.143669871,-2942,-1630.79
10/7/2012 16:00,26.464,-89.789,4.3,1640.1,6.643011365,-2955,-1631.09
10/8/2012 0:00,26.452,-89.784,4.305,1639.8,4.124875756,-2976,-1630.79
10/8/2012 8:00,26.441,-89.777,4.303,1639.8,7.101443515,-2988,-1630.79
10/8/2012 16:00,26.424,-89.774,4.31,1638.8,1.760284068,-3000,-1629.8
10/9/2012 0:00,26.415,-89.769,4.308,1640.8,16.73275231,-3004,-1631.78
10/9/2012 8:00,26.359,-89.743,4.311,1641.0,13.93244415,-3033,-1631.98
10/9/2012 16:00,26.364,-89.717,4.31,1639.5,11.99795399,-3023,-1630.49
10/10/2012 0:00,26.337,-89.674,4.306,1641.9,17.14934401,-3031,-1632.88
10/10/2012 8:00,26.328,-89.634,4.306,1638.6,17.53985747,-3032,-1629.6
10/10/2012 16:00,26.316,-89.574,4.307,1641.0,20.6746052,-3027,-1631.98
10/11/2012 0:00,26.32,-89.522,4.311,1640.8,17.69597129,-3017,-1631.78
10/11/2012 8:00,26.336,-89.471,4.303,1640.6,19.06203032,-2998,-1631.59
10/11/2012 16:00,26.354,-89.42,4.307,1639.7,19.60932686,-3000,-1630.69
10/12/2012 0:00,26.404,-89.385,4.294,1641.4,26.26,-3018,-1632.38
10/12/2012 8:00,26.464,-89.356,4.295,1642.0,21.62976884,-2913,-1632.98
10/12/2012 16:00,26.51,-89.326,4.288,1637.9,24.14978675,-2886,-1628.9
10/13/2012 0:00,26.587,-89.315,4.285,1639.0,31.30027476,-2810,-1629.99
10/13/2012 8:00,26.647,-89.302,4.28,1638.4,13.65542017,-2779,-1629.4
10/13/2012 16:00,26.672,-89.286,4.276,1637.8,18.96026371,-2757,-1628.8
10/14/2012 0:00,26.739,-89.294,4.27,1637.6,18.56442296,-2715,-1628.6
10/14/2012 8:00,26.76,-89.28,4.273,1637.4,10.12697882,-2697,-1628.4
10/14/2012 16:00,26.806,-89.288,4.267,1637.8,20.0844741,-2682,-1628.8
10/15/2012 0:00,26.84,-89.294,4.264,1637.9,4.858477128,-2667,-1628.9
10/15/2012 8:00,26.845,-89.288,4.263,1637.2,7.975387138,-2662,-1628.2
10/15/2012 16:00,26.875,-89.308,4.263,1635.5,8.011597843,-2644,-1626.51
10/16/2012 0:00,26.878,-89.313,4.259,1636.7,8.324337812,-2643,-1627.71
10/16/2012 8:00,26.918,-89.323,4.26,1637.2,12.23161886,-2613,-1628.2
10/16/2012 16:00,26.925,-89.341,4.258,1636.4,5.736906832,-2616,-1627.41
10/17/2012 0:00,26.934,-89.351,4.255,1636.1,2.881752939,-2598,-1627.11
10/17/2012 8:00,26.933,-89.356,4.255,1634.8,2.027140844,-2600,-1625.82
10/17/2012 16:00,26.94,-89.366,4.254,1636.2,7.313617436,-2596,-1627.21
10/18/2012 0:00,26.953,-89.377,4.254,1635.8,1.939922679,-2587,-1626.81
10/18/2012 8:00,26.94,-89.375,4.256,1636.5,8.909416367,-2598,-1627.51
10/18/2012 16:00,26.92,-89.378,4.259,1635.8,5.212772775,-2618,-1626.81
10/19/2012 0:00,26.917,-89.389,4.252,1636.3,3.145313975,-2619,-1627.31
10/19/2012 8:00,26.904,-89.385,4.257,1636.3,4.364962772,-2636,-1627.31
10/19/2012 16:00,26.905,-89.387,4.258,1636.9,6.181690707,-2632,-1627.91
10/20/2012 0:00,26.905,-89.402,4.257,1637.2,10.68221419,-2637,-1628.2
10/20/2012 8:00,26.856,-89.392,4.262,1636.4,18.87369863,-2675,-1627.41
10/20/2012 16:00,26.832,-89.39,4.259,1637.6,2.405202694,-2690,-1628.6
10/21/2012 0:00,26.846,-89.4,4.26,1636.8,10.61680272,-2680,-1627.81
10/21/2012 8:00,26.858,-89.4,4.262,1637.2,10.50685491,-2675,-1628.2
10/21/2012 16:00,26.81,-89.389,4.263,1637.2,12.4896317,-2687,-1628.2
10/22/2012 0:00,26.812,-89.402,4.265,1637.8,7.80848897,-2689,-1628.8
10/22/2012 8:00,26.822,-89.398,4.269,1637.2,4.38731125,-2688,-1628.2
10/22/2012 16:00,26.809,-89.391,4.267,1638.0,2.384785106,-2687,-1629.0
10/23/2012 0:00,26.812,-89.396,4.27,1638.1,0.529244745,-2688,-1629.1
10/23/2012 8:00,26.808,-89.389,4.269,1638.3,3.608462276,-2689,-1629.3
10/23/2012 16:00,26.821,-89.391,4.269,1638.4,2.660545057,-2687,-1629.4
10/24/2012 0:00,26.797,-89.386,4.271,1636.7,7.411990286,-2695,-1627.71
10/24/2012 8:00,26.806,-89.375,4.273,1637.7,11.39222981,-2687,-1628.7
10/24/2012 16:00,26.839,-89.38,4.271,1637.9,9.686180878,-2687,-1628.9
10/25/2012 0:00,26.846,-89.378,4.271,1639.2,4.760724735,-2680,-1630.19
10/25/2012 8:00,26.838,-89.368,4.277,1638.0,4.240624954,-2680,-1629.0
10/25/2012 16:00,26.863,-89.371,4.268,1638.8,7.45485077,-2666,-1629.8
10/26/2012 0:00,26.869,-89.369,4.268,1637.8,1.507481343,-2659,-1628.8
10/26/2012 8:00,26.881,-89.374,4.269,1638.4,7.602118126,-2654,-1629.4
10/26/2012 16:00,26.903,-89.382,4.269,1638.5,10.0165513,-2635,-1629.5
10/27/2012 0:00,26.923,-89.393,4.267,1638.1,3.954099139,-2615,-1629.1
10/27/2012 8:00,26.925,-89.392,4.268,1636.4,1.35014814,-2615,-1627.41
10/27/2012 16:00,26.94,-89.398,4.269,1636.9,11.96160524,-2600,-1627.91
10/28/2012 0:00,26.967,-89.409,4.266,1637.9,2.992824753,-2571,-1628.9
10/28/2012 8:00,26.96,-89.405,4.265,1637.2,0.466154481,-2578,-1628.2
10/28/2012 16:00,26.976,-89.414,4.266,1637.5,10.02021956,-2561,-1628.5
10/29/2012 0:00,26.995,-89.419,4.263,1638.1,3.805798208,-2541,-1629.1
10/29/2012 8:00,27.002,-89.418,4.263,1637.2,6.02461617,-2530,-1628.2
10/29/2012 16:00,27.021,-89.423,4.259,1637.3,3.227212419,-2517,-1628.3
10/30/2012 0:00,27.021,-89.419,4.259,1637.1,2.653243298,-2513,-1628.1
10/30/2012 8:00,27.038,-89.419,4.257,1635.5,6.609145179,-2494,-1626.51
10/30/2012 16:00,27.047,-89.421,4.257,1636.3,2.181971586,-2488,-1627.31
10/31/2012 0:00,27.052,-89.421,4.253,1636.7,1.848161248,-2486,-1627.71
10/31/2012 8:00,27.061,-89.421,4.251,1636.8,7.326260984,-2473,-1627.81
10/31/2012 16:00,27.086,-89.429,4.257,1637.7,9.09123754,-2402,-1628.7
11/1/2012 0:00,27.096,-89.435,4.248,1636.0,0.900222195,-2386,-1627.01
11/1/2012 8:00,27.091,-89.433,4.251,1636.2,1.426218777,-2396,-1627.21
11/1/2012 16:00,27.102,-89.445,4.254,1635.9,8.050298131,-2383,-1626.91
11/2/2012 0:00,27.109,-89.457,4.248,1635.2,4.451718769,-2377,-1626.22
11/2/2012 8:00,27.087,-89.462,4.253,1637.2,9.08665505,-2406,-1628.2
11/2/2012 16:00,27.071,-89.477,4.254,1636.4,9.346742748,-2421,-1627.41
11/3/2012 0:00,27.053,-89.5,4.252,1637.2,10.69976168,-2432,-1628.2
11/3/2012 8:00,27.029,-89.518,4.257,1637.9,12.7511921,-2456,-1628.9
11/3/2012 16:00,27.001,-89.535,4.257,1637.7,10.66561297,-2455,-1628.7
11/4/2012 0:00,26.992,-89.568,4.261,1637.4,13.35500281,-2447,-1628.4
11/4/2012 8:00,26.949,-89.59,4.26,1639.5,21.31264648,-2432,-1630.49
11/4/2012 16:00,26.903,-89.61,4.269,1639.0,15.76113257,-2488,-1629.99
11/5/2012 0:00,26.887,-89.639,4.271,1638.3,10.62510706,-2517,-1629.3
11/5/2012 8:00,26.886,-89.662,4.274,1638.4,13.77339464,-2524,-1629.4
11/5/2012 16:00,26.827,-89.666,4.278,1640.3,18.42101246,-2587,-1631.29
11/6/2012 0:00,26.808,-89.681,4.282,1640.1,5.528996292,-2615,-1631.09
11/6/2012 8:00,26.785,-89.678,4.283,1639.7,12.45385884,-2650,-1630.69
11/6/2012 16:00,26.755,-89.673,4.286,1640.4,7.318531273,-2679,-1631.39
11/7/2012 0:00,26.747,-89.67,4.283,1639.6,3.934018302,-2692,-1630.59
11/7/2012 8:00,26.734,-89.653,4.291,1640.5,11.33571789,-2705,-1631.49
11/7/2012 16:00,26.71,-89.63,4.292,1640.8,10.75815969,-2731,-1631.78
11/8/2012 0:00,26.684,-89.612,4.289,1641.0,17.25318811,-2764,-1631.98
11/8/2012 8:00,26.644,-89.576,4.294,1640.9,15.8798772,-2813,-1631.88
11/8/2012 16:00,26.643,-89.547,4.292,1640.7,10.63994361,-2813,-1631.68
11/9/2012 0:00,26.659,-89.52,4.292,1641.8,12.75657086,-2804,-1632.78
11/9/2012 8:00,26.643,-89.473,4.292,1641.2,19.37785334,-2817,-1632.18
11/9/2012 16:00,26.622,-89.425,4.287,1640.1,18.18775687,-2824,-1631.09
11/10/2012 0:00,26.611,-89.374,4.289,1641.8,18.5100027,-2818,-1632.78
11/10/2012 8:00,26.617,-89.317,4.287,1638.2,20.32546432,-2804,-1629.2
11/10/2012 16:00,26.616,-89.258,4.282,1640.4,20.34690394,-2776,-1631.39
11/11/2012 0:00,26.63,-89.203,4.281,1638.7,22.10797367,-2745,-1629.7
11/11/2012 8:00,26.672,-89.158,4.277,1638.8,18.14965013,-2706,-1629.8
11/11/2012 16:00,26.682,-89.112,4.276,1638.0,19.95820633,-2679,-1629.0
11/12/2012 0:00,26.753,-89.089,4.269,1638.9,22.264182,-2623,-1629.89
11/12/2012 8:00,26.758,-89.054,4.265,1637.7,9.928907291,-2598,-1628.7
11/12/2012 16:00,26.762,-89.052,4.265,1638.0,16.64249981,-2595,-1629.0
11/13/2012 0:00,26.827,-89.054,4.259,1637.0,20.4500978,-2537,-1628.01
11/13/2012 8:00,26.86,-89.055,4.257,1636.8,16.43785874,-2523,-1627.81
11/13/2012 16:00,26.915,-89.085,4.256,1636.6,21.96499943,-2503,-1627.61
11/14/2012 0:00,26.946,-89.105,4.253,1636.2,7.632699391,-2481,-1627.21
11/14/2012 8:00,26.961,-89.119,4.254,1637.0,11.57011668,-2479,-1628.01
11/14/2012 16:00,26.993,-89.15,4.252,1636.8,17.58812383,-2477,-1627.81
11/15/2012 0:00,27.026,-89.174,4.246,1635.9,12.67846205,-2464,-1626.91
11/15/2012 8:00,27.054,-89.197,4.248,1635.9,17.8549853,-2396,-1626.91
11/15/2012 16:00,27.097,-89.223,4.244,1634.3,12.34447245,-2358,-1625.32
11/16/2012 0:00,27.108,-89.233,4.244,1634.9,4.757331185,-2347,-1625.92
11/16/2012 8:00,27.13,-89.244,4.238,1634.7,12.71661118,-2328,-1625.72
11/16/2012 16:00,27.154,-89.252,4.242,1634.5,2.907387143,-2313,-1625.52
11/17/2012 0:00,27.153,-89.243,4.237,1634.6,4.82365007,-2306,-1625.62
11/17/2012 8:00,27.179,-89.24,4.235,1636.5,8.59546392,-2288,-1627.51
11/17/2012 16:00,27.185,-89.226,4.234,1633.5,6.766720033,-2270,-1624.52
11/18/2012 0:00,27.183,-89.207,4.228,1632.2,5.784332286,-2244,-1623.23
11/18/2012 8:00,27.194,-89.192,4.235,1633.2,8.143610993,-2202,-1624.23
11/18/2012 16:00,27.203,-89.168,4.226,1634.2,9.115174162,-2110,-1625.22
11/19/2012 0:00,27.2,-89.145,4.221,1633.6,6.036928027,-2104,-1624.62
11/19/2012 8:00,27.192,-89.131,4.227,1633.0,9.091974483,-2104,-1624.03
11/19/2012 16:00,27.171,-89.106,4.224,1633.7,10.15799193,-2112,-1624.72
11/20/2012 0:00,27.158,-89.095,4.226,1633.7,4.698340132,-2161,-1624.72
11/20/2012 8:00,27.145,-89.086,4.219,1634.8,7.741640653,-2155,-1625.82
11/20/2012 16:00,27.122,-89.073,4.229,1634.1,11.82882074,-2192,-1625.12
11/21/2012 0:00,27.1,-89.059,4.227,1632.4,4.068636135,-2205,-1623.43
11/21/2012 8:00,27.108,-89.059,4.226,1632.2,7.107882948,-2188,-1623.23
11/21/2012 16:00,27.116,-89.056,4.227,1634.5,8.193265527,-2175,-1625.52
11/22/2012 0:00,27.098,-89.042,4.221,1631.3,7.7684297,-2197,-1622.34
11/22/2012 8:00,27.137,-89.057,4.227,1633.6,0.541479455,-2154,-1624.62
11/22/2012 16:00,27.096,-89.038,4.221,1632.7,13.53716736,-2205,-1623.73
11/23/2012 0:00,27.098,-89.029,4.23,1634.7,5.12039061,-2228,-1625.72
11/23/2012 8:00,27.097,-89.012,4.223,1633.4,3.755862085,-2247,-1624.43
11/23/2012 16:00,27.109,-89.011,4.227,1634.1,3.013104711,-2232,-1625.12
11/24/2012 0:00,27.098,-88.992,4.229,1632.5,13.58530456,-2236,-1623.53
11/24/2012 8:00,27.074,-88.966,4.227,1633.5,7.627856842,-2205,-1624.52
11/24/2012 16:00,27.093,-88.951,4.227,1633.1,14.92935699,-2143,-1624.13
11/25/2012 0:00,27.116,-88.928,4.232,1633.2,14.47723731,-2115,-1624.23
11/25/2012 8:00,27.085,-88.885,4.223,1633.3,10.15720926,-2148,-1624.33
11/25/2012 16:00,27.099,-88.862,4.227,1632.9,17.70197729,-2125,-1623.93
11/26/2012 0:00,27.033,-88.796,4.227,1634.1,30.1905631,-2190,-1625.12
11/26/2012 8:00,27.017,-88.748,4.234,1634.9,15.11949735,-2206,-1625.92
11/26/2012 16:00,27.0,-88.694,4.231,1633.4,25.97952463,-2251,-1624.43
11/27/2012 0:00,26.959,-88.618,4.236,1634.9,32.52957116,-2329,-1625.92
11/27/2012 8:00,26.913,-88.548,4.245,1636.8,24.80013911,-2416,-1627.81
11/27/2012 16:00,26.899,-88.486,4.24,1636.6,23.56656318,-2508,-1627.61
11/28/2012 0:00,26.894,-88.414,4.266,1637.7,23.65743224,-2620,-1628.7
11/28/2012 8:00,26.885,-88.35,4.259,1637.8,23.70875366,-2606,-1628.8
11/28/2012 16:00,26.885,-88.278,4.277,1638.8,21.89531913,-2662,-1629.8
11/29/2012 0:00,26.888,-88.225,4.274,1640.0,18.2200247,-2691,-1630.99
11/29/2012 8:00,26.897,-88.174,4.277,1642.7,18.13745572,-2673,-1633.67
11/29/2012 16:00,26.937,-88.148,4.283,1641.6,10.54584278,-2698,-1632.58
11/30/2012 0:00,26.919,-88.121,4.288,1640.5,6.94213944,-2709,-1631.49
11/30/2012 8:00,26.924,-88.13,4.292,1642.8,7.438097875,-2705,-1633.77
11/30/2012 16:00,26.93,-88.155,4.309,1640.8,14.06502755,-2689,-1631.78
12/1/2012 0:00,26.951,-88.195,4.292,1642.1,13.83312329,-2685,-1633.08
12/1/2012 8:00,26.917,-88.232,4.282,1638.5,18.0406236,-2662,-1629.5
12/1/2012 16:00,26.912,-88.275,4.284,1638.6,17.47780307,-2661,-1629.6
12/2/2012 0:00,26.92,-88.315,4.276,1638.9,12.70966955,-2620,-1629.89
12/2/2012 8:00,26.861,-88.321,4.277,1637.2,24.04599135,-2625,-1628.2
12/2/2012 16:00,26.822,-88.331,4.273,1635.7,8.175438826,-2614,-1626.71
12/3/2012 0:00,26.803,-88.334,4.269,1637.9,12.66101102,-2633,-1628.9
12/3/2012 8:00,26.75,-88.33,4.269,1637.2,24.33720814,-2572,-1628.2
12/3/2012 16:00,26.701,-88.316,4.27,1637.5,10.00921575,-2503,-1628.5
12/4/2012 0:00,26.694,-88.306,4.269,1637.1,6.501730539,-2544,-1628.1
12/4/2012 8:00,26.667,-88.293,4.276,1640.6,10.49287854,-2545,-1631.59
12/4/2012 16:00,26.66,-88.283,4.278,1639.2,5.661748846,-2559,-1630.19
12/5/2012 0:00,26.678,-88.273,4.278,1638.7,5.106123774,-2573,-1629.7
12/5/2012 8:00,26.678,-88.262,4.282,1640.4,4.61745601,-2588,-1631.39
12/5/2012 16:00,26.704,-88.256,4.28,1637.7,13.72459471,-2606,-1628.7
12/6/2012 0:00,26.741,-88.252,4.281,1638.9,15.21139704,-2631,-1629.89
12/6/2012 8:00,26.79,-88.25,4.291,1640.3,26.53228411,-2657,-1631.29
12/6/2012 16:00,26.85,-88.264,4.292,1640.2,5.14969902,-2667,-1631.19
12/7/2012 0:00,26.831,-88.253,4.294,1638.0,1.677050983,-2673,-1629.0
12/7/2012 8:00,26.873,-88.283,4.288,1640.2,25.29971146,-2658,-1631.19
12/7/2012 16:00,26.906,-88.318,4.292,1639.6,10.37624691,-2614,-1630.59
12/8/2012 0:00,26.897,-88.349,4.28,1639.9,13.46426753,-2610,-1630.89
12/8/2012 8:00,26.914,-88.395,4.281,1638.8,15.97586304,-2667,-1629.8
12/8/2012 16:00,26.909,-88.438,4.274,1637.8,16.88997928,-2592,-1628.8
12/9/2012 0:00,26.898,-88.489,4.268,1637.6,16.99544939,-2504,-1628.6
12/9/2012 8:00,26.874,-88.531,4.262,1637.1,18.85110076,-2378,-1628.1
12/9/2012 16:00,26.861,-88.586,4.258,1635.2,18.9048909,-2366,-1626.22
12/10/2012 0:00,26.865,-88.63,4.26,1635.3,10.69488195,-2351,-1626.31
12/10/2012 8:00,26.84,-88.655,4.254,1635.3,15.63716726,-2358,-1626.31
12/10/2012 16:00,26.827,-88.701,4.253,1635.1,15.33005219,-2316,-1626.12
12/11/2012 0:00,26.828,-88.73,4.251,1635.9,6.144794545,-2291,-1626.91
12/11/2012 8:00,26.817,-88.741,4.256,1635.2,10.03576106,-2293,-1626.22
12/11/2012 16:00,26.839,-88.776,4.255,1636.2,9.137494186,-2280,-1627.21
12/12/2012 0:00,26.789,-88.779,4.263,1636.7,25.02214419,-2339,-1627.71
12/12/2012 8:00,26.742,-88.767,4.254,1636.4,10.54106731,-2392,-1627.41
12/12/2012 16:00,26.729,-88.762,4.257,1637.1,4.357636974,-2398,-1628.1
12/13/2012 0:00,26.72,-88.743,4.26,1635.8,10.46486025,-2394,-1626.81
12/13/2012 8:00,26.721,-88.712,4.255,1634.2,10.91065993,-2387,-1625.22
12/13/2012 16:00,26.757,-88.693,4.256,1637.2,21.71684139,-2375,-1628.2
12/14/2012 0:00,26.8,-88.664,4.253,1634.3,17.42928857,-2378,-1625.32
12/14/2012 8:00,26.772,-88.601,4.255,1638.0,21.37062002,-2418,-1629.0
12/14/2012 16:00,26.792,-88.561,4.262,1636.4,21.94231073,-2405,-1627.41
12/15/2012 0:00,26.828,-88.528,4.269,1635.1,22.61935897,-2384,-1626.12
12/15/2012 8:00,26.774,-88.45,4.266,1637.1,23.75705579,-2459,-1628.1
12/15/2012 16:00,26.808,-88.411,4.266,1635.7,16.95238331,-2526,-1626.71
12/16/2012 0:00,26.817,-88.375,4.28,1645.7,14.81288966,-2597,-1636.66
12/16/2012 8:00,26.831,-88.329,4.275,1638.8,15.54410821,-2610,-1629.8
12/16/2012 16:00,26.832,-88.291,4.284,1638.7,12.04837333,-2647,-1629.7
12/17/2012 0:00,26.857,-88.263,4.281,1644.6,12.24942448,-2667,-1635.56
12/17/2012 8:00,26.861,-88.232,4.284,1642.0,8.284757088,-2693,-1632.98
12/17/2012 16:00,26.877,-88.221,4.286,1640.0,5.978503157,-2699,-1630.99
12/18/2012 0:00,26.861,-88.204,4.295,1639.8,4.116515517,-2708,-1630.79
12/18/2012 8:00,26.903,-88.215,4.293,1639.6,16.12610616,-2672,-1630.59
12/18/2012 16:00,26.9,-88.211,4.295,1639.8,23.19631005,-2675,-1630.79
12/19/2012 0:00,26.819,-88.214,4.291,1638.8,21.05901232,-2710,-1629.8
12/19/2012 8:00,26.808,-88.224,4.295,1638.0,0.932148057,-2697,-1629.0
12/19/2012 16:00,26.808,-88.214,4.287,1638.7,8.568978936,-2704,-1629.7
12/20/2012 0:00,26.841,-88.222,4.291,1638.0,3.947277543,-2708,-1629.0
12/20/2012 8:00,26.838,-88.212,4.286,1639.2,11.3767658,-2714,-1630.19
12/20/2012 16:00,26.888,-88.2,4.288,1638.9,10.37,-2683,-1629.89
12/21/2012 0:00,26.872,-88.174,4.287,1640.0,10.40620007,-2707,-1630.99
12/21/2012 8:00,26.882,-88.144,4.296,1638.8,12.78314906,-2692,-1629.8
12/21/2012 16:00,26.864,-88.105,4.301,1641.1,11.12750197,-2715,-1632.08
12/22/2012 0:00,26.891,-88.088,4.297,1640.6,21.52290408,-2728,-1631.59
12/22/2012 8:00,26.947,-88.083,4.301,1640.2,13.0878264,-2728,-1631.19
12/22/2012 16:00,26.942,-88.064,4.297,1639.4,12.23255493,-2734,-1630.39
12/23/2012 0:00,26.922,-88.07,4.298,1640.0,9.393103853,-2741,-1630.99
12/23/2012 8:00,26.959,-88.091,4.295,1638.9,7.951100553,-2721,-1629.89
12/23/2012 16:00,26.942,-88.102,4.298,1639.0,10.03239752,-2717,-1629.99
12/24/2012 0:00,26.943,-88.13,4.298,1640.2,15.10184757,-2697,-1631.19
12/24/2012 8:00,26.963,-88.164,4.292,1639.3,8.98569975,-2689,-1630.29
12/24/2012 16:00,26.935,-88.18,4.296,1638.4,16.64769053,-2685,-1629.4
12/25/2012 0:00,26.904,-88.195,4.289,1640.2,8.066529613,-2668,-1631.19
12/25/2012 8:00,26.91,-88.218,4.29,1638.2,6.57979483,-2666,-1629.2
12/25/2012 16:00,26.906,-88.227,4.292,1639.3,4.474036209,-2678,-1630.29
12/26/2012 0:00,26.892,-88.226,4.29,1638.2,6.913559141,-2688,-1629.2
12/26/2012 8:00,26.876,-88.214,4.292,1638.8,5.834655088,-2702,-1629.8
12/26/2012 16:00,26.853,-88.2,4.289,1638.2,22.16299844,-2712,-1629.2
12/27/2012 0:00,26.799,-88.166,4.283,1636.5,10.28226629,-2727,-1627.51
12/27/2012 8:00,26.826,-88.148,4.291,1639.2,7.019131,-2734,-1630.19
12/27/2012 16:00,26.803,-88.125,4.289,1638.2,9.779212647,-2757,-1629.2
12/28/2012 0:00,26.807,-88.102,4.293,1638.7,10.35747556,-2752,-1629.7
12/28/2012 8:00,26.793,-88.072,4.294,1639.4,6.841052551,-2759,-1630.39
12/28/2012 16:00,26.819,-88.067,4.296,1639.3,14.83747957,-2764,-1630.29
12/29/2012 0:00,26.846,-88.065,4.295,1638.8,4.158172676,-2745,-1629.8
12/29/2012 8:00,26.85,-88.059,4.293,1641.7,9.108946152,-2746,-1632.68
12/29/2012 16:00,26.89,-88.081,4.295,1640.1,15.60934336,-2736,-1631.09
12/30/2012 0:00,26.894,-88.1,4.289,1638.4,10.7906997,-2715,-1629.4
12/30/2012 8:00,26.87,-88.123,4.295,1639.7,12.45086342,-2707,-1630.69
12/30/2012 16:00,26.888,-88.17,4.287,1637.5,16.89050029,-2678,-1628.5
12/31/2012 0:00,26.867,-88.216,4.286,1637.7,17.14615117,-2704,-1628.7
12/31/2012 8:00,26.885,-88.273,4.278,1636.6,28.73954245,-2661,-1627.61
12/31/2012 16:00,26.913,-88.342,4.277,1638.2,20.53964459,-2634,-1629.2
1/1/2013 0:00,26.849,-88.385,4.268,1634.7,33.66633482,-2594,-1625.72
1/1/2013 8:00,26.803,-88.444,4.26,1634.7,23.58163904,-2475,-1625.72
1/1/2013 16:00,26.815,-88.51,4.258,1635.9,19.7157323,-2418,-1626.91
1/2/2013 0:00,26.771,-88.56,4.253,1634.0,25.34206187,-2410,-1625.02
1/2/2013 8:00,26.754,-88.632,4.246,1633.9,24.16201978,-2383,-1624.92
1/2/2013 16:00,26.717,-88.682,4.247,1634.7,21.03941539,-2390,-1625.72
1/3/2013 0:00,26.699,-88.729,4.248,1634.8,21.62208362,-2395,-1625.82
1/3/2013 8:00,26.723,-88.792,4.25,1634.3,16.5758499,-2422,-1625.32
1/3/2013 16:00,26.692,-88.825,4.254,1634.8,14.25670719,-2475,-1625.82
1/4/2013 0:00,26.706,-88.873,4.245,1631.8,21.74057267,-2488,-1622.83
1/4/2013 8:00,26.725,-88.918,4.259,1637.3,10.57128185,-2523,-1628.3
1/4/2013 16:00,26.71,-88.937,4.257,1633.8,6.521748232,-2546,-1624.82
1/5/2013 0:00,26.718,-88.957,4.258,1635.5,9.447327664,-2560,-1626.51
1/5/2013 8:00,26.724,-88.973,4.265,1634.7,5.634341133,-2569,-1625.72
1/5/2013 16:00,26.686,-88.963,4.26,1634.8,24.01068096,-2586,-1625.82
1/6/2013 0:00,26.639,-88.929,4.259,1634.9,9.520425411,-2601,-1625.92
1/6/2013 8:00,26.657,-88.921,4.262,1633.5,10.89529256,-2581,-1624.52
1/6/2013 16:00,26.673,-88.9,4.254,1633.8,10.32833481,-2551,-1624.82
1/7/2013 0:00,26.662,-88.869,4.256,1633.5,20.15554762,-2532,-1624.52
1/7/2013 8:00,26.609,-88.839,4.252,1633.7,12.90104647,-2559,-1624.72
1/7/2013 16:00,26.614,-88.813,4.248,1633.8,11.35910648,-2541,-1624.82
1/8/2013 0:00,26.583,-88.774,4.251,1632.6,20.78231219,-2535,-1623.63
1/8/2013 8:00,26.554,-88.744,4.253,1634.3,7.317103252,-2542,-1625.32
1/8/2013 16:00,26.544,-88.725,4.251,1635.4,18.17158496,-2538,-1626.41
1/9/2013 0:00,26.488,-88.679,4.246,1635.0,22.41578239,-2586,-1626.02
1/9/2013 8:00,26.461,-88.66,4.255,1631.8,9.125486288,-2596,-1622.83
1/9/2013 16:00,26.434,-88.631,4.259,1634.6,22.14309147,-2597,-1625.62
1/10/2013 0:00,26.376,-88.591,4.256,1635.4,24.66871703,-2673,-1626.41
1/10/2013 8:00,26.334,-88.564,4.267,1638.3,14.38125516,-2685,-1629.3
1/10/2013 16:00,26.313,-88.524,4.266,1635.9,19.82457566,-2689,-1626.91
1/11/2013 0:00,26.27,-88.482,4.262,1636.5,19.3215165,-2733,-1627.51
1/11/2013 8:00,26.249,-88.447,4.269,1635.6,14.23991573,-2784,-1626.61
1/11/2013 16:00,26.241,-88.402,4.269,1635.0,16.20320956,-2808,-1626.02
1/12/2013 0:00,26.225,-88.358,4.276,1632.6,17.20057266,-2829,-1623.63
1/12/2013 8:00,26.223,-88.312,4.281,1636.9,15.10695535,-2834,-1627.91
1/12/2013 16:00,26.249,-88.275,4.271,1634.8,17.07160508,-2821,-1625.82
1/13/2013 0:00,26.253,-88.223,4.277,1636.2,15.49968064,-2826,-1627.21
1/13/2013 8:00,26.266,-88.188,4.281,1637.6,14.99225467,-2827,-1628.6
1/13/2013 16:00,26.289,-88.145,4.267,1635.4,17.67853218,-2826,-1626.41
1/14/2013 0:00,26.308,-88.105,4.281,1639.5,13.96649204,-2825,-1630.49
1/14/2013 8:00,26.326,-88.071,4.271,1634.3,14.13863501,-2819,-1625.32
1/14/2013 16:00,26.353,-88.035,4.272,1635.3,18.41130631,-2809,-1626.31
1/15/2013 0:00,26.378,-87.992,4.276,1636.3,14.54271295,-2770,-1627.31
1/15/2013 8:00,26.401,-87.968,4.276,1635.1,12.45205204,-2774,-1626.12
1/15/2013 16:00,26.423,-87.93,4.267,1635.5,18.20402153,-2792,-1626.51
1/16/2013 0:00,26.456,-87.896,4.276,1635.3,13.2339261,-2789,-1626.31
1/16/2013 8:00,26.467,-87.866,4.281,1636.7,12.45383877,-2794,-1627.71
1/16/2013 16:00,26.503,-87.843,4.272,1636.5,14.7,-2774,-1627.51
1/17/2013 0:00,26.523,-87.818,4.273,1635.3,10.20641465,-2764,-1626.31
1/17/2013 8:00,26.552,-87.807,4.274,1636.2,12.29612134,-2750,-1627.21
1/17/2013 16:00,26.576,-87.789,4.273,1635.3,10.132966,-2745,-1626.31
1/18/2013 0:00,26.594,-87.77,4.279,1636.5,10.7448825,-2757,-1627.51
1/18/2013 8:00,26.624,-87.761,4.272,1635.3,10.69776145,-2765,-1626.31
1/18/2013 16:00,26.64,-87.744,4.275,1634.8,5.934323887,-2775,-1625.82
1/19/2013 0:00,26.657,-87.743,4.276,1636.3,9.27752661,-2782,-1627.31
1/19/2013 8:00,26.685,-87.742,4.28,1636.1,11.3197394,-2795,-1627.11
1/19/2013 16:00,26.706,-87.738,4.278,1636.8,3.506180258,-2804,-1627.81
1/20/2013 0:00,26.706,-87.731,4.278,1636.2,3.05712283,-2804,-1627.21
1/20/2013 8:00,26.725,-87.73,4.278,1636.4,9.457446801,-2809,-1627.41
1/20/2013 16:00,26.747,-87.734,4.284,1637.0,6.957154591,-2816,-1628.01
1/21/2013 0:00,26.758,-87.739,4.274,1635.7,2.222476097,-2820,-1626.71
1/21/2013 8:00,26.762,-87.746,4.284,1637.2,6.065550264,-2822,-1628.2
1/21/2013 16:00,26.779,-87.76,4.282,1635.8,6.240649005,-2823,-1626.81
1/22/2013 0:00,26.783,-87.766,4.281,1636.5,3.105221409,-2821,-1627.51
1/22/2013 8:00,26.79,-87.782,4.281,1636.4,9.903055084,-2824,-1627.41
1/22/2013 16:00,26.806,-87.803,4.284,1636.6,4.790041753,-2800,-1627.61
1/23/2013 0:00,26.793,-87.813,4.279,1637.5,5.721765462,-2807,-1628.5
1/23/2013 8:00,26.804,-87.837,4.281,1635.7,13.32402717,-2806,-1626.71
1/23/2013 16:00,26.821,-87.864,4.279,1636.8,6.480617255,-2799,-1627.81
1/24/2013 0:00,26.81,-87.876,4.28,1636.3,9.393189022,-2804,-1627.31
1/24/2013 8:00,26.799,-87.898,4.277,1635.9,13.16711434,-2817,-1626.91
1/24/2013 16:00,26.825,-87.931,4.279,1636.0,6.23141236,-2802,-1627.01
1/25/2013 0:00,26.802,-87.937,4.275,1636.1,9.067155011,-2813,-1627.11
1/25/2013 8:00,26.797,-87.964,4.275,1635.6,11.32166066,-2811,-1626.61
1/25/2013 16:00,26.788,-87.991,4.27,1635.4,7.351496446,-2792,-1626.41
1/26/2013 0:00,26.788,-88.005,4.274,1635.5,6.225214856,-2783,-1626.51
1/26/2013 8:00,26.766,-88.02,4.269,1634.9,11.27985816,-2766,-1625.92
1/26/2013 16:00,26.775,-88.06,4.267,1634.5,9.19592301,-2754,-1625.52
1/27/2013 0:00,26.751,-88.067,4.271,1634.9,4.771928331,-2726,-1625.92
1/27/2013 8:00,26.752,-88.085,4.265,1634.0,10.69792503,-2719,-1625.02
1/27/2013 16:00,26.719,-88.109,4.266,1634.5,10.64884031,-2664,-1625.52
1/28/2013 0:00,26.72,-88.129,4.265,1632.1,4.778493486,-2644,-1623.13
1/28/2013 8:00,26.704,-88.14,4.26,1634.6,7.189019405,-2623,-1625.62
1/28/2013 16:00,26.721,-88.169,4.259,1634.4,9.23298435,-2663,-1625.42
1/29/2013 0:00,26.7,-88.186,4.262,1634.6,12.03309603,-2652,-1625.62
1/29/2013 8:00,26.678,-88.202,4.256,1633.9,9.3082168,-2696,-1624.92
1/29/2013 16:00,26.674,-88.229,4.264,1635.2,10.29883489,-2631,-1626.22
1/30/2013 0:00,26.681,-88.254,4.254,1632.5,6.788725948,-2599,-1623.53
1/30/2013 8:00,26.663,-88.27,4.26,1633.8,8.84251661,-2576,-1624.82
1/30/2013 16:00,26.664,-88.299,4.256,1633.3,10.21977006,-2541,-1624.33
1/31/2013 0:00,26.667,-88.323,4.251,1632.2,6.700783536,-2541,-1623.23
1/31/2013 8:00,26.664,-88.341,4.252,1632.1,7.365955471,-2539,-1623.13
1/31/2013 16:00,26.658,-88.364,4.254,1634.1,9.387699399,-2541,-1625.12
2/1/2013 0:00,26.669,-88.388,4.248,1632.0,6.655238538,-2527,-1623.03
2/1/2013 8:00,26.651,-88.404,4.245,1632.1,8.511997415,-2512,-1623.13
2/1/2013 16:00,26.659,-88.433,4.245,1632.3,12.08110094,-2473,-1623.33
2/2/2013 0:00,26.666,-88.458,4.245,1633.5,7.527343489,-2469,-1624.52
2/2/2013 8:00,26.649,-88.474,4.243,1632.5,6.883865193,-2473,-1623.53
2/2/2013 16:00,26.659,-88.498,4.241,1631.0,8.827343881,-2455,-1622.04
2/3/2013 0:00,26.654,-88.521,4.248,1632.5,8.206399942,-2478,-1623.53
2/3/2013 8:00,26.651,-88.541,4.235,1632.1,7.529495335,-2470,-1623.13
2/3/2013 16:00,26.66,-88.563,4.245,1630.3,7.893319961,-2447,-1621.34
2/4/2013 0:00,26.659,-88.585,4.241,1629.7,7.265954858,-2430,-1620.75
2/4/2013 8:00,26.662,-88.605,4.243,1633.2,8.211431057,-2416,-1624.23
2/4/2013 16:00,26.672,-88.626,4.242,1631.1,6.339416377,-2409,-1622.14
2/5/2013 0:00,26.66,-88.637,4.239,1633.2,13.22938018,-2406,-1624.23
2/5/2013 8:00,26.628,-88.643,4.242,1632.4,7.270832139,-2402,-1623.43
2/5/2013 16:00,26.654,-88.673,4.234,1630.4,9.973068735,-2401,-1621.44
2/6/2013 0:00,26.639,-88.679,4.247,1633.6,12.60115868,-2401,-1624.62
2/6/2013 8:00,26.616,-88.681,4.236,1629.3,5.40059256,-2423,-1620.35
2/6/2013 16:00,26.631,-88.703,4.242,1631.4,5.060276672,-2398,-1622.44
2/7/2013 0:00,26.622,-88.701,4.244,1628.8,5.865841798,-2406,-1619.85
2/7/2013 8:00,26.612,-88.707,4.243,1632.8,2.747071168,-2429,-1623.83
2/7/2013 16:00,26.609,-88.711,4.244,1630.3,3.938591119,-2430,-1621.34
2/8/2013 0:00,26.599,-88.71,4.241,1631.7,2.089688972,-2461,-1622.73
2/8/2013 8:00,26.602,-88.702,4.242,1633.7,11.16726018,-2450,-1624.72
2/8/2013 16:00,26.562,-88.694,4.247,1632.4,1.782806776,-2503,-1623.43
2/9/2013 0:00,26.597,-88.697,4.243,1633.9,11.21524855,-2457,-1624.92
2/9/2013 8:00,26.588,-88.682,4.242,1631.9,13.19092491,-2461,-1622.93
2/9/2013 16:00,26.563,-88.675,4.251,1632.0,2.61629509,-2491,-1623.03
2/10/2013 0:00,26.582,-88.663,4.242,1631.5,8.251375643,-2464,-1622.54
2/10/2013 8:00,26.585,-88.65,4.242,1631.8,4.660236046,-2455,-1622.83
2/10/2013 16:00,26.582,-88.636,4.245,1631.5,6.501945863,-2461,-1622.54
2/11/2013 0:00,26.572,-88.622,4.24,1630.5,4.936162477,-2486,-1621.54
2/11/2013 8:00,26.587,-88.609,4.245,1631.7,5.385164807,-2462,-1622.73
2/11/2013 16:00,26.572,-88.592,4.245,1632.2,12.05854054,-2492,-1623.23
2/12/2013 0:00,26.553,-88.573,4.236,1629.7,6.173435024,-2514,-1620.75
2/12/2013 8:00,26.562,-88.556,4.242,1632.0,7.100661941,-2510,-1623.03
2/12/2013 16:00,26.564,-88.537,4.238,1630.8,6.65879869,-2512,-1621.84
2/13/2013 0:00,26.569,-88.519,4.244,1631.8,6.214885357,-2516,-1622.83
2/13/2013 8:00,26.568,-88.501,4.238,1631.0,8.472166193,-2519,-1622.04
2/13/2013 16:00,26.551,-88.477,4.244,1632.3,10.36205578,-2533,-1623.33
2/14/2013 0:00,26.547,-88.453,4.238,1631.6,6.822558171,-2534,-1622.63
2/14/2013 8:00,26.547,-88.434,4.242,1630.9,9.045910678,-2531,-1621.94
2/14/2013 16:00,26.534,-88.405,4.242,1632.6,10.073212,-2534,-1623.63
2/15/2013 0:00,26.538,-88.378,4.242,1633.0,9.878851148,-2529,-1624.03
2/15/2013 8:00,26.53,-88.346,4.24,1633.4,12.79583135,-2566,-1624.43
2/15/2013 16:00,26.522,-88.312,4.243,1632.3,11.63550601,-2586,-1623.33
2/16/2013 0:00,26.525,-88.276,4.243,1631.8,14.85701518,-2604,-1622.83
2/16/2013 8:00,26.507,-88.234,4.253,1629.5,12.57836635,-2648,-1620.55
2/16/2013 16:00,26.516,-88.204,4.255,1630.1,10.88509072,-2659,-1621.14
2/17/2013 0:00,26.519,-88.172,4.253,1633.0,10.99841807,-2660,-1624.03
2/17/2013 8:00,26.536,-88.146,4.26,1633.5,9.87947367,-2654,-1624.52
2/17/2013 16:00,26.543,-88.122,4.255,1633.0,8.536890535,-2654,-1624.03
2/18/2013 0:00,26.558,-88.103,4.27,1634.0,9.244068368,-2675,-1625.02
2/18/2013 8:00,26.582,-88.099,4.263,1633.6,7.955381826,-2673,-1624.62
2/18/2013 16:00,26.599,-88.092,4.269,1638.2,9.032087245,-2670,-1629.2
2/19/2013 0:00,26.627,-88.085,4.258,1634.2,10.54797137,-2667,-1625.22
2/19/2013 8:00,26.651,-88.094,4.259,1632.3,10.58702036,-2662,-1623.33
2/19/2013 16:00,26.673,-88.101,4.263,1634.2,4.274809937,-2655,-1625.22
2/20/2013 0:00,26.676,-88.091,4.256,1633.9,3.538163365,-2665,-1624.92
2/20/2013 8:00,26.697,-88.1,4.259,1633.2,12.03615387,-2659,-1624.23
2/20/2013 16:00,26.723,-88.117,4.258,1633.0,9.387912441,-2658,-1624.03
2/21/2013 0:00,26.738,-88.118,4.253,1632.6,1.792037946,-2683,-1623.63
2/21/2013 8:00,26.742,-88.12,4.252,1633.8,7.488364307,-2691,-1624.82
2/21/2013 16:00,26.772,-88.129,4.253,1632.2,10.51888302,-2747,-1623.23
2/22/2013 0:00,26.784,-88.122,4.251,1631.2,3.598013341,-2755,-1622.24
2/22/2013 8:00,26.783,-88.113,4.249,1632.0,3.865876356,-2747,-1623.03
2/22/2013 16:00,26.802,-88.107,4.253,1631.5,8.391024967,-2751,-1622.54
2/23/2013 0:00,26.817,-88.093,4.255,1632.9,7.104034065,-2753,-1623.93
2/23/2013 8:00,26.83,-88.082,4.252,1634.8,5.538844645,-2752,-1625.82
2/23/2013 16:00,26.838,-88.064,4.257,1633.1,10.03076268,-2753,-1624.13
2/24/2013 0:00,26.866,-88.043,4.257,1632.7,12.42237095,-2746,-1623.73
2/24/2013 8:00,26.884,-88.02,4.266,1631.1,10.49575629,-2754,-1622.14
2/24/2013 16:00,26.9,-87.995,4.263,1633.2,9.546858122,-2752,-1624.23
2/25/2013 0:00,26.914,-87.969,4.267,1633.5,17.44113815,-2774,-1624.52
2/25/2013 8:00,26.967,-87.944,4.26,1633.3,15.75642409,-2766,-1624.33
2/25/2013 16:00,26.977,-87.916,4.27,1634.6,11.07371663,-2778,-1625.62
2/26/2013 0:00,27.004,-87.887,4.277,1634.7,15.41573871,-2787,-1625.72
2/26/2013 8:00,27.029,-87.856,4.26,1634.0,14.38622953,-2795,-1625.02
2/26/2013 16:00,27.057,-87.826,4.28,1635.1,14.89616394,-2810,-1626.12
2/27/2013 0:00,27.079,-87.794,4.277,1637.3,12.50714996,-2820,-1628.3
2/27/2013 8:00,27.102,-87.767,4.278,1633.8,14.55879459,-2806,-1624.82
2/27/2013 16:00,27.125,-87.729,4.286,1635.9,15.95183375,-2801,-1626.91
2/28/2013 0:00,27.135,-87.689,4.286,1632.6,11.90647723,-2836,-1623.63
2/28/2013 8:00,27.157,-87.664,4.283,1636.0,13.35943487,-2838,-1627.01
2/28/2013 16:00,27.171,-87.623,4.293,1639.0,16.27696839,-2816,-1629.99
3/1/2013 0:00,27.176,-87.581,4.304,1635.7,11.96425092,-2824,-1626.71
3/1/2013 8:00,27.187,-87.549,4.289,1638.3,14.44444876,-2800,-1629.3
3/1/2013 16:00,27.189,-87.496,4.302,1638.8,19.00341022,-2821,-1629.8
3/2/2013 0:00,27.189,-87.45,4.306,1633.5,12.24944897,-2831,-1624.52
3/2/2013 8:00,27.192,-87.417,4.318,1637.9,13.99251943,-2844,-1628.9
3/2/2013 16:00,27.195,-87.363,4.325,1639.7,20.65846074,-2863,-1630.69
3/3/2013 0:00,27.195,-87.307,4.318,1639.1,16.73086967,-2889,-1630.09
3/3/2013 8:00,27.185,-87.263,4.319,1642.0,16.71321034,-2903,-1632.98
3/3/2013 16:00,27.183,-87.207,4.347,1640.0,19.66438659,-2917,-1630.99
3/4/2013 0:00,27.176,-87.153,4.332,1638.7,18.08504907,-2944,-1629.7
3/4/2013 8:00,27.175,-87.1,4.34,1640.3,18.6563126,-2960,-1631.29
3/4/2013 16:00,27.162,-87.049,4.344,1636.3,16.65395148,-2963,-1627.31
3/5/2013 0:00,27.147,-87.007,4.34,1643.2,17.29781778,-2966,-1634.17
3/5/2013 8:00,27.133,-86.952,4.344,1640.0,19.51402829,-2974,-1630.99
3/5/2013 16:00,27.109,-86.91,4.355,1642.4,13.95017563,-2996,-1633.38
3/6/2013 0:00,27.1,-86.872,4.352,1640.6,16.15936261,-2990,-1631.59
3/6/2013 8:00,27.075,-86.825,4.354,1644.8,17.75033802,-3015,-1635.76
3/6/2013 16:00,27.049,-86.794,4.371,1642.1,12.93757705,-3011,-1633.08
3/7/2013 0:00,27.031,-86.761,4.36,1639.0,14.57217211,-3023,-1629.99
3/7/2013 8:00,27.0,-86.732,4.388,1645.5,15.13749319,-3019,-1636.46
3/7/2013 16:00,26.978,-86.694,4.387,1645.9,17.20704797,-3051,-1636.86
3/8/2013 0:00,26.941,-86.663,4.382,1647.3,14.76926877,-3066,-1638.25
3/8/2013 8:00,26.916,-86.643,4.397,1647.5,12.67910486,-3073,-1638.45
3/8/2013 16:00,26.883,-86.625,4.399,1647.3,12.48479475,-3084,-1638.25
3/9/2013 0:00,26.861,-86.61,4.411,1648.8,11.55199117,-3104,-1639.74
3/9/2013 8:00,26.838,-86.576,4.407,1650.1,15.82896712,-3157,-1641.03
3/9/2013 16:00,26.798,-86.566,4.407,1649.0,12.46551242,-3163,-1639.94
3/10/2013 0:00,26.772,-86.554,4.423,1650.8,16.13677787,-3152,-1641.73
3/10/2013 8:00,26.727,-86.522,4.412,1648.6,18.40526012,-3131,-1639.54
3/10/2013 16:00,26.698,-86.505,4.419,1650.9,10.10372704,-3135,-1641.83
3/11/2013 0:00,26.673,-86.487,4.408,1649.1,14.8311328,-3134,-1640.04
3/11/2013 8:00,26.644,-86.448,4.396,1649.1,17.9701892,-3148,-1640.04
3/11/2013 16:00,26.607,-86.435,4.416,1649.4,7.620564284,-3159,-1640.34
3/12/2013 0:00,26.603,-86.412,4.41,1650.6,12.99619175,-3171,-1641.53
3/12/2013 8:00,26.571,-86.379,4.397,1647.7,12.31080826,-3166,-1638.65
3/12/2013 16:00,26.567,-86.36,4.415,1649.5,6.449806199,-3166,-1640.44
3/13/2013 0:00,26.552,-86.338,4.391,1647.2,10.28407021,-3164,-1638.15
3/13/2013 8:00,26.548,-86.31,4.4,1646.8,8.640376149,-3172,-1637.75
3/13/2013 16:00,26.541,-86.294,4.392,1646.6,3.312672637,-3173,-1637.55
3/14/2013 0:00,26.55,-86.285,4.391,1649.0,6.884010459,-3176,-1639.94
3/14/2013 8:00,26.563,-86.271,4.39,1649.0,5.650530949,-3185,-1639.94
3/14/2013 16:00,26.571,-86.265,4.401,1643.3,2.880451354,-3190,-1634.27
3/15/2013 0:00,26.584,-86.263,4.388,1647.7,9.320134119,-3185,-1638.65
3/15/2013 8:00,26.614,-86.265,4.401,1648.0,10.03404206,-3177,-1638.94
3/15/2013 16:00,26.629,-86.271,4.387,1646.8,4.860452654,-3172,-1637.75
3/16/2013 0:00,26.639,-86.287,4.39,1647.4,9.70298923,-3165,-1638.35
3/16/2013 8:00,26.665,-86.305,4.399,1641.9,11.49282385,-3166,-1632.88
3/16/2013 16:00,26.685,-86.317,4.39,1646.1,6.588937699,-3171,-1637.06
3/17/2013 0:00,26.694,-86.335,4.392,1646.6,8.840639117,-3171,-1637.55
3/17/2013 8:00,26.714,-86.356,4.393,1646.7,10.42038867,-3171,-1637.65
3/17/2013 16:00,26.729,-86.371,4.385,1647.1,5.609456302,-3154,-1638.05
3/18/2013 0:00,26.733,-86.388,4.39,1646.5,7.833785803,-3150,-1637.45
3/18/2013 8:00,26.749,-86.408,4.4,1647.0,8.831806157,-3157,-1637.95
3/18/2013 16:00,26.765,-86.414,4.388,1643.8,4.080906762,-3156,-1634.77
3/19/2013 0:00,26.764,-86.43,4.392,1647.9,6.555562524,-3161,-1638.85
3/19/2013 8:00,26.774,-86.444,4.39,1645.6,9.013600834,-3159,-1636.56
3/19/2013 16:00,26.8,-86.445,4.401,1644.6,5.815161219,-3146,-1635.56
3/20/2013 0:00,26.8,-86.455,4.388,1647.1,4.518517456,-3138,-1638.05
3/20/2013 8:00,26.806,-86.465,4.404,1647.3,5.233927779,-3136,-1638.25
3/20/2013 16:00,26.823,-86.468,4.389,1642.1,8.070340761,-3161,-1633.08
3/21/2013 0:00,26.844,-86.471,4.392,1644.0,7.909285682,-3181,-1634.97
3/21/2013 8:00,26.864,-86.472,4.395,1646.1,8.101999753,-3154,-1637.06
3/21/2013 16:00,26.884,-86.477,4.384,1644.6,7.192218017,-3123,-1635.56
3/22/2013 0:00,26.898,-86.494,4.38,1643.0,10.9227286,-3117,-1633.97
3/22/2013 8:00,26.933,-86.497,4.378,1644.1,9.94664265,-3128,-1635.07
3/22/2013 16:00,26.945,-86.508,4.379,1644.0,7.081073365,-3133,-1634.97
3/23/2013 0:00,26.965,-86.525,4.376,1643.3,11.80857739,-3144,-1634.27
3/23/2013 8:00,26.992,-86.543,4.38,1643.6,11.62477527,-3107,-1634.57
3/23/2013 16:00,27.015,-86.564,4.384,1644.0,11.62628918,-3081,-1634.97
3/24/2013 0:00,27.042,-86.584,4.372,1642.3,13.36915854,-3076,-1633.28
3/24/2013 8:00,27.071,-86.609,4.377,1643.8,14.61854302,-3068,-1634.77
3/24/2013 16:00,27.105,-86.627,4.371,1644.0,13.05966692,-3043,-1634.97
3/25/2013 0:00,27.131,-86.65,4.363,1642.2,14.58252722,-3075,-1633.18
3/25/2013 8:00,27.167,-86.672,4.367,1642.1,14.72240469,-3058,-1633.08
3/25/2013 16:00,27.195,-86.691,4.361,1640.9,12.31878647,-3040,-1631.88
3/26/2013 0:00,27.224,-86.716,4.369,1642.1,15.73202148,-3016,-1633.08
3/26/2013 8:00,27.259,-86.739,4.355,1640.9,14.15767283,-3010,-1631.88
3/26/2013 16:00,27.29,-86.749,4.366,1642.5,11.72785147,-3004,-1633.48
3/27/2013 0:00,27.315,-86.777,4.358,1641.2,15.59439002,-2999,-1632.18
3/27/2013 8:00,27.35,-86.796,4.346,1639.8,11.47966027,-3002,-1630.79
3/27/2013 16:00,27.369,-86.806,4.357,1641.7,8.375977555,-3001,-1632.68
3/28/2013 0:00,27.385,-86.832,4.349,1639.3,11.80614247,-2998,-1630.29
3/28/2013 8:00,27.411,-86.848,4.351,1639.8,10.04185242,-2997,-1630.79
3/28/2013 16:00,27.427,-86.866,4.348,1641.2,9.026981777,-2992,-1632.18
3/29/2013 0:00,27.444,-86.887,4.347,1641.8,9.789024466,-2990,-1632.78
3/29/2013 8:00,27.464,-86.903,4.345,1638.2,8.876260474,-2997,-1629.2
3/29/2013 16:00,27.478,-86.921,4.338,1639.0,8.100030864,-3001,-1629.99
3/30/2013 0:00,27.49,-86.944,4.345,1641.0,11.23781562,-3004,-1631.98
3/30/2013 8:00,27.51,-86.968,4.337,1639.1,8.57464285,-3005,-1630.09
3/30/2013 16:00,27.52,-86.982,4.337,1639.5,7.066611635,-3009,-1630.49
3/31/2013 0:00,27.526,-87.01,4.327,1638.1,10.47017192,-3030,-1629.1
3/31/2013 8:00,27.541,-87.034,4.341,1640.4,9.876218912,-3021,-1631.39
3/31/2013 16:00,27.541,-87.066,4.324,1638.3,10.90594333,-3013,-1629.3
4/1/2013 0:00,27.546,-87.098,4.321,1636.2,13.11994665,-3005,-1627.21
4/1/2013 8:00,27.555,-87.135,4.324,1639.6,10.47248299,-2997,-1630.59
4/1/2013 16:00,27.551,-87.161,4.312,1637.7,11.3364236,-2990,-1628.7
4/2/2013 0:00,27.543,-87.202,4.316,1638.3,14.35045992,-2979,-1629.3
4/2/2013 8:00,27.541,-87.239,4.304,1637.9,12.6933132,-2976,-1628.9
4/2/2013 16:00,27.538,-87.275,4.306,1636.2,11.75374408,-2967,-1627.21
4/3/2013 0:00,27.515,-87.304,4.295,1634.1,14.67371119,-2959,-1625.12
4/3/2013 8:00,27.501,-87.349,4.301,1633.8,16.04828963,-2930,-1624.82
4/3/2013 16:00,27.478,-87.386,4.286,1634.2,16.25733681,-2889,-1625.22
4/4/2013 0:00,27.45,-87.425,4.28,1633.1,17.97910176,-2903,-1624.13
4/4/2013 8:00,27.415,-87.461,4.289,1633.7,17.32473665,-2843,-1624.72
4/4/2013 16:00,27.384,-87.496,4.281,1632.0,18.28589894,-2827,-1623.03
4/5/2013 0:00,27.345,-87.532,4.277,1633.5,19.01767599,-2809,-1624.52
4/5/2013 8:00,27.312,-87.568,4.281,1632.9,17.62817347,-2794,-1623.93
4/5/2013 16:00,27.277,-87.604,4.268,1632.1,18.40506724,-2775,-1623.13
4/6/2013 0:00,27.236,-87.636,4.277,1634.0,20.92197409,-2769,-1625.02
4/6/2013 8:00,27.192,-87.675,4.274,1632.7,20.95309524,-2778,-1623.73
4/6/2013 16:00,27.163,-87.719,4.273,1632.4,15.56836857,-2793,-1623.43
4/7/2013 0:00,27.133,-87.744,4.275,1631.0,15.96446679,-2789,-1622.04
4/7/2013 8:00,27.097,-87.779,4.271,1633.9,19.75697345,-2810,-1624.92
4/7/2013 16:00,27.066,-87.819,4.278,1633.9,14.95498913,-2814,-1624.92
4/8/2013 0:00,27.042,-87.847,4.269,1631.1,16.07492768,-2801,-1622.14
4/8/2013 8:00,27.0,-87.876,4.274,1633.0,17.12228081,-2788,-1624.03
4/8/2013 16:00,26.982,-87.914,4.277,1633.0,13.83596762,-2778,-1624.03
4/9/2013 0:00,26.962,-87.945,4.266,1631.4,13.06234665,-2766,-1622.44
4/9/2013 8:00,26.935,-87.971,4.27,1634.9,14.84194394,-2763,-1625.92
4/9/2013 16:00,26.909,-88.002,4.276,1632.5,12.99942306,-2760,-1623.53
4/10/2013 0:00,26.897,-88.031,4.266,1630.9,9.888806804,-2746,-1621.94
4/10/2013 8:00,26.881,-88.056,4.271,1628.9,12.26889156,-2749,-1619.95
4/10/2013 16:00,26.853,-88.08,4.267,1631.6,14.37882471,-2741,-1622.63
4/11/2013 0:00,26.831,-88.105,4.268,1631.6,8.560005841,-2744,-1622.63
4/11/2013 8:00,26.824,-88.125,4.27,1631.0,9.036924256,-2745,-1622.04
4/11/2013 16:00,26.797,-88.143,4.265,1632.0,11.2212878,-2750,-1623.03
4/12/2013 0:00,26.782,-88.159,4.264,1632.1,8.121797831,-2725,-1623.13
4/12/2013 8:00,26.774,-88.182,4.269,1631.8,7.06601019,-2706,-1622.83
4/12/2013 16:00,26.763,-88.193,4.266,1631.4,6.337420611,-2696,-1622.44
4/13/2013 0:00,26.746,-88.208,4.262,1630.3,10.62737973,-2682,-1621.34
4/13/2013 8:00,26.734,-88.235,4.262,1632.3,6.75784729,-2645,-1623.33
4/13/2013 16:00,26.721,-88.238,4.269,1632.3,7.571690696,-2633,-1623.33
4/14/2013 0:00,26.702,-88.247,4.26,1630.7,7.073400879,-2613,-1621.74
4/14/2013 8:00,26.706,-88.268,4.265,1632.3,5.211842285,-2600,-1623.33
4/14/2013 16:00,26.699,-88.274,4.268,1632.7,4.668715027,-2585,-1623.73
4/15/2013 0:00,26.687,-88.278,4.263,1631.0,4.953473529,-2576,-1622.04
4/15/2013 8:00,26.678,-88.288,4.266,1630.3,4.021902535,-2555,-1621.34
4/15/2013 16:00,26.672,-88.291,4.271,1631.8,2.758550344,-2549,-1622.83
4/16/2013 0:00,26.662,-88.286,4.265,1630.2,6.362271607,-2553,-1621.24
4/16/2013 8:00,26.647,-88.291,4.271,1632.7,2.48394847,-2556,-1623.73
4/16/2013 16:00,26.65,-88.289,4.271,1631.8,2.632052431,-2556,-1622.83
4/17/2013 0:00,26.636,-88.281,4.274,1633.0,7.802358618,-2566,-1624.03
4/17/2013 8:00,26.621,-88.276,4.279,1632.1,3.332641595,-2576,-1623.13
4/17/2013 16:00,26.622,-88.266,4.272,1633.2,2.861118662,-2580,-1624.23
4/18/2013 0:00,26.617,-88.26,4.286,1633.3,3.9094373,-2582,-1624.33
4/18/2013 8:00,26.615,-88.246,4.284,1633.3,5.190298643,-2585,-1624.33
4/18/2013 16:00,26.618,-88.23,4.281,1633.0,7.615805932,-2589,-1624.03
4/19/2013 0:00,26.615,-88.206,4.298,1635.3,7.63338064,-2598,-1626.31
4/19/2013 8:00,26.637,-88.189,4.29,1634.4,11.70267064,-2614,-1625.42
4/19/2013 16:00,26.651,-88.154,4.293,1635.5,14.52928766,-2634,-1626.51
4/20/2013 0:00,26.666,-88.118,4.303,1635.9,11.73618337,-2639,-1626.91
4/20/2013 8:00,26.687,-88.089,4.306,1635.5,18.4133267,-2666,-1626.51
4/20/2013 16:00,26.733,-88.042,4.313,1637.2,25.6451048,-2717,-1628.2
4/21/2013 0:00,26.774,-88.001,4.333,1639.3,14.9765283,-2776,-1630.29
4/21/2013 8:00,26.8,-87.973,4.322,1640.9,19.40621808,-2808,-1631.88
4/21/2013 16:00,26.856,-87.936,4.324,1637.5,23.55057749,-2772,-1628.5
4/22/2013 0:00,26.898,-87.916,4.328,1638.7,14.36434823,-2778,-1629.7
4/22/2013 8:00,26.932,-87.904,4.324,1637.0,13.79549202,-2783,-1628.01
4/22/2013 16:00,26.973,-87.899,4.316,1637.5,19.94878442,-2782,-1628.5
4/23/2013 0:00,27.024,-87.888,4.325,1637.3,14.8389656,-2789,-1628.3
4/23/2013 8:00,27.041,-87.873,4.317,1637.2,4.38946466,-2794,-1628.2
4/23/2013 16:00,27.061,-87.88,4.32,1638.8,12.72837774,-2782,-1629.8
4/24/2013 0:00,27.091,-87.875,4.319,1633.3,7.64655478,-2777,-1624.33
4/24/2013 8:00,27.089,-87.854,4.31,1635.2,5.288818394,-2789,-1626.22
4/24/2013 16:00,27.119,-87.855,4.314,1636.1,13.82729547,-2777,-1627.11
4/25/2013 0:00,27.143,-87.849,4.31,1638.8,7.549423819,-2770,-1629.8
4/25/2013 8:00,27.138,-87.826,4.304,1635.3,5.683836732,-2777,-1626.31
4/25/2013 16:00,27.137,-87.826,4.309,1635.2,5.172542895,-2779,-1626.22
4/26/2013 0:00,27.155,-87.819,4.318,1637.2,4.678888757,-2775,-1628.2
4/26/2013 8:00,27.149,-87.808,4.308,1635.7,2.618110005,-2786,-1626.71
4/26/2013 16:00,27.155,-87.803,4.305,1635.0,2.881961138,-2784,-1626.02
4/27/2013 0:00,27.148,-87.793,4.321,1637.9,3.486617272,-2790,-1628.9
4/27/2013 8:00,27.148,-87.791,4.313,1636.9,3.6639869,-2790,-1627.91
4/27/2013 16:00,27.153,-87.78,4.306,1636.8,5.331134964,-2787,-1627.81
4/28/2013 0:00,27.136,-87.774,4.315,1636.4,4.238513891,-2788,-1627.41
4/28/2013 8:00,27.137,-87.78,4.313,1636.8,0.678969808,-2791,-1627.81
4/28/2013 16:00,27.131,-87.768,4.312,1635.5,5.558102194,-2788,-1626.51
4/29/2013 0:00,27.123,-87.761,4.305,1636.4,4.38256774,-2795,-1627.41
4/29/2013 8:00,27.11,-87.765,4.318,1637.6,4.173883084,-2801,-1628.6
4/29/2013 16:00,27.101,-87.763,4.316,1639.2,7.102112362,-2805,-1630.19
4/30/2013 0:00,27.082,-87.749,4.31,1637.5,6.981761955,-2811,-1628.5
4/30/2013 8:00,27.072,-87.766,4.313,1637.3,2.566748916,-2816,-1628.3
4/30/2013 16:00,27.067,-87.751,4.318,1636.5,8.276134363,-2816,-1627.51
5/1/2013 0:00,27.052,-87.74,4.302,1636.6,2.903274014,-2815,-1627.61
5/1/2013 8:00,27.054,-87.742,4.325,1636.4,0.611882342,-2816,-1627.41
5/1/2013 16:00,27.043,-87.738,4.311,1635.9,8.632265056,-2816,-1626.91
5/2/2013 0:00,27.02,-87.725,4.321,1636.1,8.159442383,-2816,-1627.11
5/2/2013 8:00,27.009,-87.719,4.314,1636.9,2.659266816,-2816,-1627.91
5/2/2013 16:00,27.002,-87.714,4.319,1637.2,5.433323108,-2817,-1628.2
5/3/2013 0:00,26.984,-87.7,4.315,1636.9,10.06779519,-2817,-1627.91
5/3/2013 8:00,26.96,-87.69,4.32,1637.6,8.60430125,-2820,-1628.6
5/3/2013 16:00,26.942,-87.683,4.317,1637.7,7.983263744,-2825,-1628.7
5/4/2013 0:00,26.923,-87.669,4.324,1637.4,8.511480482,-2821,-1628.4
5/4/2013 8:00,26.902,-87.661,4.316,1636.0,10.22641677,-2822,-1627.01
5/4/2013 16:00,26.874,-87.654,4.326,1637.9,9.732034731,-2824,-1628.9
5/5/2013 0:00,26.852,-87.642,4.322,1637.0,11.6830989,-2821,-1628.01
5/5/2013 8:00,26.819,-87.634,4.316,1637.1,10.57667244,-2824,-1628.1
5/5/2013 16:00,26.797,-87.634,4.33,1638.6,10.29137989,-2802,-1629.6
5/6/2013 0:00,26.761,-87.627,4.327,1638.1,15.48977082,-2818,-1629.1
5/6/2013 8:00,26.724,-87.627,4.319,1636.6,12.50264372,-2814,-1627.61
5/6/2013 16:00,26.695,-87.633,4.328,1638.2,11.6563116,-2816,-1629.2
5/7/2013 0:00,26.664,-87.643,4.334,1638.4,13.2558968,-2808,-1629.4
5/7/2013 8:00,26.629,-87.655,4.322,1636.9,15.2085042,-2789,-1627.91
5/7/2013 16:00,26.593,-87.676,4.337,1638.9,15.39878242,-2784,-1629.89
5/8/2013 0:00,26.566,-87.705,4.334,1638.3,12.9880753,-2784,-1629.3
5/8/2013 8:00,26.534,-87.725,4.326,1637.6,17.62948666,-2796,-1628.6
5/8/2013 16:00,26.493,-87.757,4.341,1641.0,17.97153305,-2805,-1631.98
5/9/2013 0:00,26.472,-87.794,4.331,1639.0,13.06565345,-2807,-1629.99
5/9/2013 8:00,26.443,-87.817,4.327,1640.2,14.62185351,-2824,-1631.19
5/9/2013 16:00,26.414,-87.853,4.334,1639.3,19.47386454,-2830,-1630.29
5/10/2013 0:00,26.378,-87.891,4.337,1639.3,17.13853261,-2825,-1630.29
5/10/2013 8:00,26.375,-87.937,4.336,1638.0,11.67497323,-2816,-1629.0
5/10/2013 16:00,26.337,-87.956,4.342,1638.9,19.43049665,-2836,-1629.89
5/11/2013 0:00,26.312,-88.011,4.335,1639.3,20.20527901,-2843,-1630.29
5/11/2013 8:00,26.303,-88.053,4.338,1640.4,11.75622814,-2845,-1631.39
5/11/2013 16:00,26.278,-88.084,4.339,1639.4,18.56462227,-2850,-1630.39
5/12/2013 0:00,26.257,-88.138,4.343,1640.1,18.80100529,-2849,-1631.09
5/12/2013 8:00,26.256,-88.182,4.333,1639.0,13.33478159,-2831,-1629.99
5/12/2013 16:00,26.237,-88.222,4.342,1641.2,18.36191711,-2833,-1632.18
5/13/2013 0:00,26.232,-88.278,4.334,1640.2,18.22845303,-2830,-1631.19
5/13/2013 8:00,26.233,-88.323,4.324,1638.0,14.75903113,-2825,-1629.0
5/13/2013 16:00,26.223,-88.367,4.344,1640.8,15.24009514,-2827,-1631.78
5/14/2013 0:00,26.228,-88.413,4.332,1638.6,19.11136311,-2819,-1629.6
5/14/2013 8:00,26.236,-88.472,4.316,1637.0,19.3707434,-2792,-1628.01
5/14/2013 16:00,26.243,-88.519,4.34,1639.6,14.84256716,-2779,-1630.59
5/15/2013 0:00,26.252,-88.563,4.32,1638.0,17.69477324,-2792,-1629.0
5/15/2013 8:00,26.264,-88.619,4.314,1637.0,20.83754784,-2784,-1628.01
5/15/2013 16:00,26.284,-88.671,4.328,1637.1,17.95027855,-2758,-1628.1
5/16/2013 0:00,26.308,-88.712,4.313,1635.3,17.63458534,-2769,-1626.31
5/16/2013 8:00,26.321,-88.768,4.309,1634.6,21.417138,-2768,-1625.62
5/16/2013 16:00,26.36,-88.814,4.313,1636.3,20.72163121,-2737,-1627.31
5/17/2013 0:00,26.392,-88.847,4.299,1634.3,13.96029011,-2736,-1625.32
5/17/2013 8:00,26.406,-88.889,4.304,1635.4,18.6882851,-2739,-1626.41
5/17/2013 16:00,26.447,-88.932,4.303,1636.8,20.59788824,-2733,-1627.81
5/18/2013 0:00,26.481,-88.963,4.292,1633.6,15.15369592,-2772,-1624.62
5/18/2013 8:00,26.509,-88.992,4.301,1636.1,14.22123061,-2789,-1627.11
5/18/2013 16:00,26.533,-89.027,4.292,1636.0,18.25115065,-2771,-1627.01
5/19/2013 0:00,26.573,-89.06,4.298,1632.7,16.1317389,-2740,-1623.73
5/19/2013 8:00,26.596,-89.077,4.289,1634.0,8.153146632,-2725,-1625.02
5/19/2013 16:00,26.605,-89.107,4.302,1631.7,14.38687249,-2726,-1622.73
5/20/2013 0:00,26.643,-89.138,4.29,1634.2,20.99926189,-2711,-1625.22
5/20/2013 8:00,26.681,-89.156,4.287,1634.9,6.710424726,-2703,-1625.92
5/20/2013 16:00,26.673,-89.18,4.283,1634.0,11.95351831,-2719,-1625.02
5/21/2013 0:00,26.709,-89.213,4.292,1634.4,15.47476979,-2712,-1625.42
5/21/2013 8:00,26.725,-89.227,4.279,1632.9,6.135283205,-2710,-1623.93
5/21/2013 16:00,26.735,-89.251,4.275,1633.7,10.8031338,-2708,-1624.72
5/22/2013 0:00,26.747,-89.28,4.295,1635.4,11.0759424,-2708,-1626.41
5/22/2013 8:00,26.763,-89.304,4.28,1632.2,8.791114833,-2698,-1623.23
5/22/2013 16:00,26.767,-89.326,4.292,1636.8,7.860814207,-2704,-1627.81
5/23/2013 0:00,26.773,-89.353,4.289,1631.4,12.48865886,-2706,-1622.44
5/23/2013 8:00,26.789,-89.387,4.278,1633.3,10.447057,-2701,-1624.33
5/23/2013 16:00,26.792,-89.408,4.284,1633.5,7.563497868,-2701,-1624.52
5/24/2013 0:00,26.789,-89.436,4.277,1633.3,10.83743512,-2706,-1624.33
5/24/2013 8:00,26.787,-89.467,4.281,1634.2,10.45066505,-2706,-1625.22
5/24/2013 16:00,26.785,-89.494,4.284,1633.1,7.752019092,-2701,-1624.13
5/25/2013 0:00,26.783,-89.517,4.278,1631.6,10.69149194,-2696,-1622.63
5/25/2013 8:00,26.79,-89.556,4.281,1634.8,14.53108736,-2669,-1625.82
5/25/2013 16:00,26.79,-89.589,4.277,1631.9,9.906412065,-2638,-1622.93
5/26/2013 0:00,26.767,-89.61,4.28,1632.8,12.23866823,-2672,-1623.83
5/26/2013 8:00,26.772,-89.655,4.277,1632.6,13.62822439,-2663,-1623.63
5/26/2013 16:00,26.764,-89.682,4.281,1633.7,8.716386866,-2671,-1624.72
5/27/2013 0:00,26.762,-89.71,4.285,1633.5,12.75473638,-2681,-1624.52
5/27/2013 8:00,26.77,-89.749,4.277,1632.9,11.96174736,-2675,-1623.93
5/27/2013 16:00,26.762,-89.777,4.284,1632.8,10.0594483,-2672,-1623.83
5/28/2013 0:00,26.757,-89.807,4.283,1631.7,11.31371734,-2661,-1622.73
5/28/2013 8:00,26.763,-89.841,4.271,1634.0,12.26352315,-2622,-1625.02
5/28/2013 16:00,26.767,-89.876,4.289,1635.2,11.8810816,-2627,-1626.22
5/29/2013 0:00,26.759,-89.909,4.276,1632.2,10.63790393,-2676,-1623.23
5/29/2013 8:00,26.764,-89.938,4.281,1635.7,10.10606254,-2716,-1626.71
5/29/2013 16:00,26.756,-89.968,4.277,1632.5,11.34852413,-2706,-1623.53
5/30/2013 0:00,26.748,-89.998,4.276,1633.4,9.888968601,-2716,-1624.43
5/30/2013 8:00,26.748,-90.028,4.277,1633.3,12.27177656,-2712,-1624.33
5/30/2013 16:00,26.752,-90.065,4.279,1632.8,11.80296997,-2673,-1623.83
5/31/2013 0:00,26.738,-90.093,4.274,1632.9,10.39894706,-2735,-1623.93
5/31/2013 8:00,26.733,-90.121,4.274,1632.9,9.11111958,-2702,-1623.93
5/31/2013 16:00,26.719,-90.144,4.277,1632.7,9.899419175,-2680,-1623.73
6/1/2013 0:00,26.722,-90.177,4.273,1632.2,11.22299871,-2650,-1623.23
6/1/2013 8:00,26.714,-90.205,4.274,1632.7,11.50721513,-2646,-1623.73
6/1/2013 16:00,26.691,-90.232,4.274,1632.3,12.60388829,-2666,-1623.33
6/2/2013 0:00,26.677,-90.26,4.273,1632.5,10.26452142,-2632,-1623.53
6/2/2013 8:00,26.673,-90.291,4.271,1633.1,11.73407005,-2636,-1624.13
6/2/2013 16:00,26.661,-90.325,4.269,1629.8,12.53283687,-2675,-1620.84
6/3/2013 0:00,26.651,-90.357,4.271,1629.8,10.53379324,-2648,-1620.84
6/3/2013 8:00,26.636,-90.384,4.271,1630.0,13.02476487,-2645,-1621.04
6/3/2013 16:00,26.619,-90.42,4.272,1629.4,13.67558408,-2635,-1620.45
6/4/2013 0:00,26.608,-90.456,4.271,1629.1,13.77267585,-2625,-1620.15
6/4/2013 8:00,26.585,-90.488,4.271,1629.1,11.69165942,-2638,-1620.15
6/4/2013 16:00,26.575,-90.519,4.266,1630.5,14.91405042,-2659,-1621.54
6/5/2013 0:00,26.543,-90.56,4.273,1629.2,18.14440961,-2662,-1620.25
6/5/2013 8:00,26.52,-90.593,4.269,1628.4,13.79275172,-2713,-1619.45
6/5/2013 16:00,26.508,-90.636,4.276,1630.3,17.06260531,-2775,-1621.34
6/6/2013 0:00,26.481,-90.68,4.281,1629.5,20.8989593,-2856,-1620.55
6/6/2013 8:00,26.441,-90.719,4.271,1629.5,17.67168639,-2919,-1620.55
6/6/2013 16:00,26.435,-90.77,4.298,1631.0,17.67826066,-2926,-1622.04
6/7/2013 0:00,26.387,-90.802,4.276,1628.7,19.14872581,-2939,-1619.75
6/7/2013 8:00,26.37,-90.848,4.278,1629.4,16.76772197,-2948,-1620.45
6/7/2013 16:00,26.327,-90.883,4.283,1633.3,24.63210913,-2680,-1624.33
6/8/2013 0:00,26.274,-90.928,4.268,1630.5,25.0668965,-2430,-1621.54
6/8/2013 8:00,26.228,-90.97,4.269,1627.3,21.98629801,-2371,-1618.36
6/8/2013 16:00,26.203,-91.03,4.282,1630.2,23.23802487,-2298,-1621.24
6/9/2013 0:00,26.184,-91.092,4.279,1629.9,23.61735379,-2296,-1620.94
6/9/2013 8:00,26.151,-91.156,4.263,1627.7,27.00940577,-2316,-1618.76
6/9/2013 16:00,26.126,-91.225,4.274,1601.3,21.6149439,-2346,-1592.5
6/10/2013 0:00,26.1,-91.266,4.269,1627.0,15.41801868,-2436,-1618.06
6/10/2013 8:00,26.084,-91.309,4.281,1622.0,18.25171225,-2711,-1613.09
6/10/2013 16:00,26.079,-91.361,4.271,1622.8,15.93208398,-2459,-1613.88
6/11/2013 0:00,26.047,-91.391,4.263,1636.5,16.08322418,-2412,-1627.51
6/11/2013 8:00,26.018,-91.423,4.26,1627.0,16.7383213,-2461,-1618.06
6/11/2013 16:00,25.986,-91.461,4.261,1625.7,19.64413908,-2502,-1616.77
6/12/2013 0:00,25.949,-91.497,4.263,1633.9,16.05335167,-2507,-1624.92
6/12/2013 8:00,25.939,-91.533,4.26,1625.3,9.75920591,-2470,-1616.37
6/12/2013 16:00,25.927,-91.558,4.253,1625.0,13.83208227,-2455,-1616.07
6/13/2013 0:00,25.919,-91.611,4.27,1624.6,19.75364776,-2375,-1615.67
6/13/2013 8:00,25.89,-91.643,4.252,1633.2,6.92448554,-2330,-1624.23
6/13/2013 16:00,25.893,-91.651,4.26,1613.4,7.084356005,-2219,-1604.53
6/14/2013 0:00,25.895,-91.69,4.256,1631.3,17.50826376,-2381,-1622.34
6/14/2013 8:00,25.927,-91.725,4.251,1626.1,10.9410877,-2369,-1617.17
6/14/2013 16:00,25.926,-91.734,4.25,1625.3,6.245518393,-2365,-1616.37
6/15/2013 0:00,25.912,-91.753,4.251,1626.3,13.93793385,-2386,-1617.36
6/15/2013 8:00,25.91,-91.801,4.256,1625.5,13.85299968,-2386,-1616.57
6/15/2013 16:00,25.908,-91.823,4.255,1624.8,4.004422555,-2381,-1615.87
6/16/2013 0:00,25.915,-91.833,4.242,1624.3,4.538127367,-2374,-1615.38
6/16/2013 8:00,25.914,-91.852,4.247,1625.8,9.447211229,-2386,-1616.87
6/16/2013 16:00,25.922,-91.883,4.245,1625.4,10.15047782,-2377,-1616.47
6/17/2013 0:00,25.928,-91.902,4.248,1626.9,5.744214481,-2308,-1617.96
6/17/2013 8:00,25.922,-91.917,4.256,1627.2,4.431568571,-2292,-1618.26
6/17/2013 16:00,25.929,-91.929,4.242,1623.2,4.38548743,-2306,-1614.28
6/18/2013 0:00,25.928,-91.946,4.251,1624.7,9.141843359,-2461,-1615.77
6/18/2013 8:00,25.947,-91.97,4.256,1624.1,7.42872802,-2802,-1615.18
6/18/2013 16:00,25.946,-91.978,4.253,1626.6,2.595322716,-2741,-1617.66
6/19/2013 0:00,25.946,-91.989,4.257,1627.8,6.539373059,-2719,-1618.86
6/19/2013 8:00,25.947,-92.008,4.263,1628.8,4.105569388,-2628,-1619.85
6/19/2013 16:00,25.945,-92.014,4.257,1628.8,3.470014409,-2632,-1619.85
6/20/2013 0:00,25.946,-92.032,4.255,1626.4,7.030369834,-2609,-1617.46
6/20/2013 8:00,25.942,-92.048,4.264,1628.5,4.407777218,-2680,-1619.55
6/20/2013 16:00,25.95,-92.058,4.256,1623.9,3.002815346,-2630,-1614.98
6/21/2013 0:00,25.942,-92.069,4.253,1625.4,6.7667422,-2595,-1616.47
6/21/2013 8:00,25.941,-92.09,4.259,1626.3,5.558246126,-2615,-1617.36
6/21/2013 16:00,25.938,-92.1,4.248,1628.5,3.063233586,-2538,-1619.55
6/22/2013 0:00,25.936,-92.111,4.256,1626.2,5.478923252,-2553,-1617.26
6/22/2013 8:00,25.923,-92.124,4.252,1628.4,5.791752757,-2732,-1619.45
6/22/2013 16:00,25.929,-92.141,4.251,1626.2,4.490879647,-2532,-1617.26
6/23/2013 0:00,25.923,-92.15,4.25,1627.5,6.604309199,-2430,-1618.56
6/23/2013 8:00,25.915,-92.17,4.256,1626.1,6.719002902,-2431,-1617.17
6/23/2013 16:00,25.915,-92.185,4.251,1627.2,5.167223626,-2437,-1618.26
6/24/2013 0:00,25.907,-92.202,4.248,1626.5,7.529887117,-2437,-1617.56
6/24/2013 8:00,25.909,-92.224,4.251,1625.4,6.463992574,-2416,-1616.47
6/24/2013 16:00,25.899,-92.238,4.252,1624.4,5.564350816,-2441,-1615.47
6/25/2013 0:00,25.893,-92.251,4.249,1624.6,5.27524407,-2432,-1615.67
6/25/2013 8:00,25.889,-92.268,4.249,1626.5,7.303923603,-2430,-1617.56
6/25/2013 16:00,25.881,-92.289,4.253,1626.0,7.371634825,-2458,-1617.07
6/26/2013 0:00,25.874,-92.306,4.254,1626.0,6.865223958,-2478,-1617.07
6/26/2013 8:00,25.863,-92.324,4.256,1625.6,6.742647848,-2501,-1616.67
6/26/2013 16:00,25.858,-92.341,4.256,1626.5,6.510491533,-2524,-1617.56
6/27/2013 0:00,25.846,-92.357,4.258,1626.7,9.094179457,-2542,-1617.76
6/27/2013 8:00,25.828,-92.368,4.26,1627.7,4.792671489,-2564,-1618.76
6/27/2013 16:00,25.843,-92.386,4.261,1624.7,9.065561207,-2529,-1615.77
6/28/2013 0:00,25.847,-92.405,4.264,1626.6,6.340575684,-2551,-1617.66
6/28/2013 8:00,25.841,-92.419,4.269,1626.3,3.179701244,-2691,-1617.36
6/28/2013 16:00,25.84,-92.428,4.26,1624.9,7.158449553,-2679,-1615.97
6/29/2013 0:00,25.839,-92.455,4.275,1623.7,7.602532473,-2699,-1614.78
6/29/2013 8:00,25.852,-92.461,4.27,1627.3,1.276636205,-2581,-1618.36
6/29/2013 16:00,25.837,-92.466,4.266,1628.9,6.000133332,-2808,-1619.95
6/30/2013 0:00,25.829,-92.464,4.26,1624.7,3.164253466,-2895,-1615.77
6/30/2013 8:00,25.821,-92.476,4.263,1625.9,4.679540576,-3018,-1616.97
6/30/2013 16:00,25.822,-92.486,4.274,1625.6,3.556430795,-3004,-1616.67
7/1/2013 0:00,25.823,-92.494,4.262,1629.0,0.452216762,-3002,-1620.05
7/1/2013 8:00,25.819,-92.49,4.261,1627.2,3.571064267,-3066,-1618.26
7/1/2013 16:00,25.81,-92.495,4.263,1625.9,2.365776828,-3092,-1616.97
7/2/2013 0:00,25.814,-92.499,4.264,1626.4,2.143944962,-3083,-1617.46
7/2/2013 8:00,25.816,-92.503,4.261,1624.5,1.700735135,-3086,-1615.57
7/2/2013 16:00,25.819,-92.509,4.272,1625.3,3.684263834,-3060,-1616.37
7/3/2013 0:00,25.818,-92.52,4.256,1624.7,2.458800521,-3070,-1615.77
7/3/2013 8:00,25.816,-92.523,4.263,1626.3,2.223960431,-3087,-1617.36
7/3/2013 16:00,25.814,-92.531,4.271,1627.8,4.156392667,-3087,-1618.86
7/4/2013 0:00,25.827,-92.539,4.257,1626.4,4.423256719,-2959,-1617.46
7/4/2013 8:00,25.83,-92.545,4.266,1625.3,2.907593507,-2871,-1616.37
7/4/2013 16:00,25.833,-92.556,4.27,1627.7,4.445447109,-2897,-1618.76
7/5/2013 0:00,25.841,-92.566,4.26,1625.8,5.154046954,-2735,-1616.87
7/5/2013 8:00,25.85,-92.575,4.261,1626.3,3.687058448,-2667,-1617.36
7/5/2013 16:00,25.851,-92.59,4.258,1625.7,8.102801984,-2586,-1616.77
7/6/2013 0:00,25.87,-92.608,4.256,1625.7,5.760425332,-2481,-1616.77
7/6/2013 8:00,25.869,-92.619,4.254,1625.8,6.927755769,-2562,-1616.87
7/6/2013 16:00,25.885,-92.648,4.254,1625.4,12.4942907,-2567,-1616.47
7/7/2013 0:00,25.904,-92.667,4.254,1625.5,7.691118254,-2510,-1616.57
7/7/2013 8:00,25.915,-92.679,4.253,1624.4,6.012054557,-2498,-1615.47
7/7/2013 16:00,25.916,-92.703,4.256,1626.3,10.95357932,-2583,-1617.36
7/8/2013 0:00,25.938,-92.727,4.254,1625.5,8.346927578,-2383,-1616.57
7/8/2013 8:00,25.944,-92.74,4.256,1625.5,6.402811882,-2475,-1616.57
7/8/2013 16:00,25.958,-92.762,4.256,1626.2,9.037328145,-2534,-1617.26
7/9/2013 0:00,25.966,-92.784,4.257,1626.1,10.08885524,-2574,-1617.17
7/9/2013 8:00,25.978,-92.813,4.259,1624.3,9.165505987,-2419,-1615.38
7/9/2013 16:00,25.977,-92.836,4.256,1625.6,8.929596855,-2335,-1616.67
7/10/2013 0:00,25.989,-92.866,4.255,1625.2,12.20790318,-2282,-1616.27
7/10/2013 8:00,26.004,-92.893,4.253,1622.9,10.93665854,-2401,-1613.98
7/10/2013 16:00,26.01,-92.925,4.255,1624.9,11.35907126,-2498,-1615.97
7/11/2013 0:00,26.022,-92.954,4.252,1626.7,9.896933869,-2446,-1617.76
7/11/2013 8:00,26.03,-92.983,4.256,1625.4,12.78200297,-2492,-1616.47
7/11/2013 16:00,26.045,-93.02,4.25,1626.7,13.11463305,-2472,-1617.76
7/12/2013 0:00,26.068,-93.047,4.251,1621.3,15.74917458,-2456,-1612.39
7/12/2013 8:00,26.092,-93.089,4.258,1627.0,14.36017061,-2411,-1618.06
7/12/2013 16:00,26.102,-93.123,4.251,1625.3,15.42909589,-2581,-1616.37
7/13/2013 0:00,26.131,-93.162,4.254,1624.9,12.72778457,-2445,-1615.97
7/13/2013 8:00,26.132,-93.189,4.263,1626.1,12.47257792,-2480,-1617.17
7/13/2013 16:00,26.144,-93.232,4.265,1623.5,13.69946349,-2506,-1614.58
7/14/2013 0:00,26.156,-93.258,4.258,1624.1,11.04847501,-2451,-1615.18
7/14/2013 8:00,26.157,-93.294,4.255,1628.0,8.999222189,-2831,-1619.05
7/14/2013 16:00,26.167,-93.309,4.264,1626.2,8.016389462,-2890,-1617.26
7/15/2013 0:00,26.175,-93.337,4.267,1626.3,9.325004021,-2891,-1617.36
7/15/2013 8:00,26.176,-93.357,4.265,1628.0,5.966338911,-2875,-1619.05
7/15/2013 16:00,26.176,-93.376,4.269,1624.9,8.073320259,-2866,-1615.97
7/16/2013 0:00,26.163,-93.4,4.269,1626.7,9.597213137,-2882,-1617.76
7/16/2013 8:00,26.164,-93.428,4.262,1626.7,9.492971084,-2774,-1617.76
7/16/2013 16:00,26.155,-93.455,4.255,1625.2,10.71552612,-2505,-1616.27
7/17/2013 0:00,26.148,-93.488,4.251,1627.3,12.8892203,-2372,-1618.36
7/17/2013 8:00,26.139,-93.524,4.253,1624.7,12.48817841,-2381,-1615.77
7/17/2013 16:00,26.135,-93.559,4.253,1622.7,13.01153719,-2408,-1613.78
7/18/2013 0:00,26.137,-93.599,4.251,1624.2,13.05496457,-2384,-1615.28
7/18/2013 8:00,26.135,-93.63,4.253,1627.7,8.897825577,-2419,-1618.76
7/18/2013 16:00,26.135,-93.655,4.253,1626.0,11.40621322,-2519,-1617.07
7/19/2013 0:00,26.147,-93.687,4.262,1621.3,7.670006519,-2277,-1612.39
7/19/2013 8:00,26.137,-93.702,4.255,1620.9,7.472523001,-2463,-1611.99
7/19/2013 16:00,26.144,-93.73,4.25,1623.2,9.216127169,-2402,-1614.28
7/20/2013 0:00,26.147,-93.744,4.26,1623.8,1.992510979,-2489,-1614.88
7/20/2013 8:00,26.149,-93.749,4.261,1625.7,3.835127117,-2510,-1616.77
7/20/2013 16:00,26.161,-93.761,4.252,1625.4,6.811791248,-2364,-1616.47
7/21/2013 0:00,26.165,-93.773,4.252,1625.3,3.248399606,-2398,-1616.37
7/21/2013 8:00,26.157,-93.777,4.251,1621.3,2.490983741,-2632,-1612.39
7/21/2013 16:00,26.164,-93.786,4.257,1625.8,3.291200389,-2362,-1616.87
7/22/2013 0:00,26.169,-93.783,4.251,1624.1,2.37118114,-2233,-1615.18
7/22/2013 8:00,26.176,-93.785,4.256,1625.2,0.981835017,-2062,-1616.27
7/22/2013 16:00,26.174,-93.783,4.255,1625.9,0.318276609,-2128,-1616.97
7/23/2013 0:00,26.18,-93.784,4.253,1624.3,4.355008611,-2077,-1615.38
7/23/2013 8:00,26.187,-93.778,4.25,1625.9,2.685162937,-2116,-1616.97
7/23/2013 16:00,26.177,-93.773,4.246,1625.3,1.911282292,-2115,-1616.37
7/24/2013 0:00,26.186,-93.772,4.253,1624.9,6.039288038,-2123,-1615.97
7/24/2013 8:00,26.197,-93.776,4.247,1623.8,1.883215336,-1968,-1614.88
7/24/2013 16:00,26.197,-93.777,4.248,1626.6,1.050809212,-1968,-1617.66
7/25/2013 0:00,26.202,-93.776,4.256,1625.5,0.741484996,-1905,-1616.57
7/25/2013 8:00,26.198,-93.778,4.256,1625.0,2.540649523,-1968,-1616.07
7/25/2013 16:00,26.212,-93.781,4.249,1626.1,4.074616546,-1846,-1617.17
7/26/2013 0:00,26.213,-93.78,4.253,1627.5,3.146966794,-1818,-1618.56
7/26/2013 8:00,26.214,-93.797,4.256,1625.6,5.584711273,-1854,-1616.67
7/26/2013 16:00,26.221,-93.804,4.243,1623.2,3.472247111,-1869,-1614.28
7/27/2013 0:00,26.226,-93.808,4.244,1623.9,4.543698934,-1847,-1614.98
7/27/2013 8:00,26.219,-93.829,4.257,1623.7,9.527654486,-2041,-1614.78
7/27/2013 16:00,26.237,-93.849,4.258,1627.3,4.867134681,-1815,-1618.36
7/28/2013 0:00,26.238,-93.849,4.251,1616.9,3.412638276,-1765,-1608.02
7/28/2013 8:00,26.252,-93.865,4.245,1625.8,5.921123204,-1824,-1616.87
7/28/2013 16:00,26.247,-93.88,4.245,1623.7,7.383935265,-1838,-1614.78
7/29/2013 0:00,26.256,-93.905,4.252,1624.1,10.77610783,-1806,-1615.18
7/29/2013 8:00,26.27,-93.914,4.246,1625.9,4.186884283,-1802,-1616.97
7/29/2013 16:00,26.25,-93.919,4.245,1625.8,3.39705755,-1728,-1616.87
7/30/2013 0:00,26.272,-93.931,4.257,1626.1,4.429288882,-1886,-1617.17
7/30/2013 8:00,26.26,-93.934,4.249,1627.4,4.954038756,-1829,-1618.46
7/30/2013 16:00,26.266,-93.95,4.257,1626.3,7.150048951,-1900,-1617.36
7/31/2013 0:00,26.272,-93.959,4.245,1624.1,0.694622199,-1930,-1615.18
7/31/2013 8:00,26.265,-93.961,4.255,1626.9,5.314028604,-1921,-1617.96
7/31/2013 16:00,26.254,-93.976,4.25,1623.1,5.835614792,-1894,-1614.18
8/1/2013 0:00,26.25,-93.985,4.241,1622.9,2.571089263,-1864,-1613.98
8/1/2013 8:00,26.244,-93.991,4.242,1624.0,3.518763988,-1858,-1615.08
8/1/2013 16:00,26.241,-94.003,4.241,1622.7,5.823134895,-1892,-1613.78
8/2/2013 0:00,26.245,-94.02,4.236,1623.0,4.890255617,-1910,-1614.08
8/2/2013 8:00,26.244,-94.032,4.248,1625.6,5.386770832,-2059,-1616.67
8/2/2013 16:00,26.25,-94.051,4.233,1624.3,6.290794862,-2173,-1615.38
8/3/2013 0:00,26.245,-94.068,4.244,1623.0,6.728632848,-2128,-1614.08
8/3/2013 8:00,26.254,-94.093,4.243,1623.8,10.4327609,-1983,-1614.88
8/3/2013 16:00,26.258,-94.121,4.249,1627.7,8.622679398,-2026,-1618.76
8/4/2013 0:00,26.267,-94.138,4.243,1623.0,4.620692589,-2129,-1614.08
8/4/2013 8:00,26.257,-94.152,4.256,1615.0,7.785229605,-2140,-1606.13
8/4/2013 16:00,26.254,-94.172,4.253,1623.0,4.760514678,-2175,-1614.08
8/5/2013 0:00,26.256,-94.179,4.252,1605.9,3.779219496,-2181,-1597.08
8/5/2013 8:00,26.244,-94.193,4.256,1604.5,6.33309561,-2126,-1595.68
8/5/2013 16:00,26.24,-94.202,4.259,1606.3,1.221883792,-2190,-1597.47
8/6/2013 0:00,26.236,-94.204,4.248,1604.8,4.110012165,-2201,-1595.98
8/6/2013 8:00,26.232,-94.221,4.251,1604.5,6.629871794,-2163,-1595.68
8/6/2013 16:00,26.243,-94.235,4.246,1603.8,4.168896737,-2071,-1594.99
8/7/2013 0:00,26.238,-94.243,4.246,1604.9,3.288662342,-2058,-1596.08
8/7/2013 8:00,26.237,-94.251,4.239,1603.9,3.788746495,-2002,-1595.09
8/7/2013 16:00,26.241,-94.262,4.242,1605.6,3.206633749,-1964,-1596.78
8/8/2013 0:00,26.244,-94.266,4.238,1602.9,1.490301983,-1990,-1594.09
8/8/2013 8:00,26.248,-94.273,4.233,1601.5,4.718951155,-2032,-1592.7
8/8/2013 16:00,26.252,-94.288,4.23,1602.8,4.613512761,-1976,-1593.99
8/9/2013 0:00,26.248,-94.298,4.236,1604.8,4.596194078,-2007,-1595.98
8/9/2013 8:00,26.242,-94.314,4.235,1602.9,6.583623622,-1975,-1594.09
8/9/2013 16:00,26.236,-94.329,4.238,1604.2,4.260751107,-2012,-1595.39
8/10/2013 0:00,26.237,-94.337,4.252,1605.6,2.307054399,-2118,-1596.78
8/10/2013 8:00,26.227,-94.338,4.245,1602.3,2.558945095,-2219,-1593.5
8/10/2013 16:00,26.228,-94.342,4.245,1604.5,2.20517573,-2241,-1595.68
8/11/2013 0:00,26.23,-94.343,4.251,1604.6,0.982344135,-2200,-1595.78
8/11/2013 8:00,26.224,-94.341,4.243,1603.9,5.088113599,-2270,-1595.09
8/11/2013 16:00,26.213,-94.352,4.251,1603.4,2.962043214,-2321,-1594.59
8/12/2013 0:00,26.218,-94.355,4.25,1603.9,1.95532606,-2307,-1595.09
8/12/2013 8:00,26.202,-94.362,4.249,1604.3,7.276956782,-2486,-1595.48
8/12/2013 16:00,26.197,-94.378,4.253,1604.1,5.338501662,-2581,-1595.29
8/13/2013 0:00,26.197,-94.39,4.248,1604.3,4.638933067,-2723,-1595.48
8/13/2013 8:00,26.182,-94.401,4.26,1604.8,7.49657255,-2863,-1595.98
8/13/2013 16:00,26.173,-94.419,4.254,1604.6,7.209687927,-2830,-1595.78
8/14/2013 0:00,26.171,-94.437,4.259,1604.3,4.512936959,-2853,-1595.48
8/14/2013 8:00,26.16,-94.443,4.259,1604.9,5.176263131,-2873,-1596.08
8/14/2013 16:00,26.151,-94.454,4.26,1606.0,4.674494625,-2867,-1597.18
8/15/2013 0:00,26.142,-94.456,4.259,1605.2,0.82,-2864,-1596.38
8/15/2013 8:00,26.143,-94.456,4.26,1605.0,1.800027778,-2864,-1596.18
8/15/2013 16:00,26.133,-94.458,4.265,1605.4,3.322664593,-2838,-1596.58
8/16/2013 0:00,26.133,-94.466,4.256,1604.0,3.354400095,-2839,-1595.19
8/16/2013 8:00,26.135,-94.47,4.261,1605.2,1.944273643,-2833,-1596.38
8/16/2013 16:00,26.127,-94.463,4.26,1605.6,5.083197812,-2833,-1596.78
8/17/2013 0:00,26.115,-94.47,4.263,1605.7,3.905406509,-2854,-1596.88
8/17/2013 8:00,26.117,-94.473,4.26,1605.1,2.724701819,-2843,-1596.28
8/17/2013 16:00,26.111,-94.463,4.265,1605.9,3.331215994,-2855,-1597.08
8/18/2013 0:00,26.104,-94.474,4.269,1605.7,3.150872895,-2836,-1596.88
8/18/2013 8:00,26.103,-94.469,4.266,1605.2,4.420689991,-2840,-1596.38
8/18/2013 16:00,26.102,-94.458,4.269,1606.4,3.963395009,-2855,-1597.57
8/19/2013 0:00,26.09,-94.459,4.273,1608.5,3.048688243,-2841,-1599.66
8/19/2013 8:00,26.094,-94.463,4.265,1606.1,3.543585755,-2841,-1597.28
8/19/2013 16:00,26.098,-94.46,4.271,1607.2,3.25,-2847,-1598.37
8/20/2013 0:00,26.086,-94.458,4.274,1605.8,3.020016556,-2843,-1596.98
8/20/2013 8:00,26.087,-94.466,4.272,1606.6,1.696732153,-2846,-1597.77
8/20/2013 16:00,26.085,-94.464,4.273,1607.0,1.54728795,-2846,-1598.17
8/21/2013 0:00,26.083,-94.462,4.274,1607.0,3.961275047,-2858,-1598.17
8/21/2013 8:00,26.069,-94.465,4.272,1607.0,2.34931905,-2873,-1598.17
8/21/2013 16:00,26.072,-94.463,4.266,1607.1,4.208622102,-2873,-1598.27
8/22/2013 0:00,26.062,-94.449,4.276,1607.0,3.459147294,-2897,-1598.17
8/22/2013 8:00,26.06,-94.452,4.27,1607.1,1.625207679,-2903,-1598.27
8/22/2013 16:00,26.053,-94.443,4.269,1606.6,5.339737821,-2917,-1597.77
8/23/2013 0:00,26.051,-94.428,4.273,1606.2,5.726307711,-2909,-1597.37
8/23/2013 8:00,26.044,-94.412,4.273,1606.9,5.250838028,-2929,-1598.07
8/23/2013 16:00,26.041,-94.4,4.271,1607.2,4.84690623,-2946,-1598.37
8/24/2013 0:00,26.038,-94.381,4.269,1605.3,8.62601878,-2968,-1596.48
8/24/2013 8:00,26.034,-94.354,4.27,1605.7,8.451727634,-2985,-1596.88
8/24/2013 16:00,26.03,-94.335,4.263,1604.1,5.977532936,-2988,-1595.29
8/25/2013 0:00,26.033,-94.317,4.271,1606.2,6.89180673,-2963,-1597.37
8/25/2013 8:00,26.034,-94.295,4.265,1605.7,8.910965155,-2957,-1596.88
8/25/2013 16:00,26.024,-94.268,4.265,1605.7,10.74601321,-2988,-1596.88
8/26/2013 0:00,26.009,-94.247,4.269,1604.7,6.713598141,-2980,-1595.88
8/26/2013 8:00,26.01,-94.228,4.266,1606.1,8.321736598,-2968,-1597.28
8/26/2013 16:00,26.001,-94.201,4.26,1602.9,10.000125,-3038,-1594.09
8/27/2013 0:00,25.985,-94.182,4.269,1605.9,9.239437212,-3075,-1597.08
8/27/2013 8:00,25.977,-94.156,4.271,1605.6,8.328511272,-3088,-1596.78
8/27/2013 16:00,25.974,-94.135,4.269,1605.6,8.497870321,-3097,-1596.78
8/28/2013 0:00,25.961,-94.111,4.273,1606.6,8.724792261,-3121,-1597.77
8/28/2013 8:00,25.958,-94.09,4.274,1606.9,7.60711509,-3135,-1598.07
8/28/2013 16:00,25.953,-94.068,4.271,1606.4,7.693438763,-3148,-1597.57
8/29/2013 0:00,25.945,-94.047,4.276,1605.8,8.806957477,-3159,-1596.98
8/29/2013 8:00,25.936,-94.019,4.283,1605.1,11.40160076,-3170,-1596.28
8/29/2013 16:00,25.929,-93.988,4.271,1607.4,9.883177627,-3180,-1598.57
8/30/2013 0:00,25.919,-93.966,4.275,1607.5,7.69608342,-3189,-1598.67
8/30/2013 8:00,25.915,-93.945,4.273,1605.8,7.596137176,-3191,-1596.98
8/30/2013 16:00,25.911,-93.923,4.277,1606.6,7.802339393,-3195,-1597.77
8/31/2013 0:00,25.91,-93.901,4.275,1607.1,6.968392928,-3197,-1598.27
8/31/2013 8:00,25.902,-93.883,4.272,1606.1,8.076831062,-3210,-1597.28
8/31/2013 16:00,25.903,-93.856,4.275,1605.8,9.386655421,-3218,-1596.98
9/1/2013 0:00,25.906,-93.833,4.274,1606.2,7.768661403,-3222,-1597.37
9/1/2013 8:00,25.897,-93.811,4.274,1605.9,7.855596731,-3230,-1597.08
9/1/2013 16:00,25.898,-93.789,4.276,1606.1,8.314625668,-3232,-1597.28
9/2/2013 0:00,25.9,-93.765,4.273,1605.5,9.23108336,-3233,-1596.68
9/2/2013 8:00,25.886,-93.74,4.27,1606.9,9.348475812,-3242,-1598.07
9/2/2013 16:00,25.886,-93.717,4.276,1606.3,8.014649088,-3242,-1597.47
9/3/2013 0:00,25.888,-93.695,4.269,1605.7,8.735044362,-3241,-1596.88
9/3/2013 8:00,25.873,-93.672,4.272,1606.2,7.744888637,-3251,-1597.37
9/3/2013 16:00,25.877,-93.653,4.269,1604.8,6.583874239,-3246,-1595.98
9/4/2013 0:00,25.877,-93.635,4.268,1604.8,6.074742793,-3243,-1595.98
9/4/2013 8:00,25.878,-93.618,4.271,1606.8,6.29610991,-3241,-1597.97
9/4/2013 16:00,25.872,-93.598,4.269,1605.0,7.44640853,-3240,-1596.18
9/5/2013 0:00,25.862,-93.575,4.266,1606.2,13.02620436,-3244,-1597.37
9/5/2013 8:00,25.828,-93.544,4.271,1606.4,17.30854413,-3263,-1597.57
9/5/2013 16:00,25.8,-93.507,4.267,1605.2,18.58520917,-3283,-1596.38
9/6/2013 0:00,25.773,-93.468,4.271,1605.9,11.13423998,-3294,-1597.08
9/6/2013 8:00,25.758,-93.445,4.275,1607.1,18.36956722,-3297,-1598.27
9/6/2013 16:00,25.712,-93.4,4.274,1605.8,15.57439565,-3330,-1596.98
9/7/2013 0:00,25.709,-93.381,4.284,1604.8,7.802999423,-3333,-1595.98
9/7/2013 8:00,25.685,-93.345,4.274,1603.1,21.48246727,-3354,-1594.29
9/7/2013 16:00,25.647,-93.304,4.287,1606.5,16.23217792,-3380,-1597.67
9/8/2013 0:00,25.634,-93.269,4.286,1608.3,13.26454296,-3393,-1599.46
9/8/2013 8:00,25.614,-93.231,4.288,1606.2,15.6890567,-3408,-1597.37
9/8/2013 16:00,25.596,-93.189,4.296,1607.7,19.07218131,-3415,-1598.87
9/9/2013 0:00,25.581,-93.133,4.292,1607.0,17.98560814,-3418,-1598.17
9/9/2013 8:00,25.57,-93.089,4.296,1610.1,17.0323956,-3420,-1601.25
9/9/2013 16:00,25.573,-93.031,4.302,1608.5,20.82040586,-3413,-1599.66
9/10/2013 0:00,25.571,-92.977,4.298,1608.0,17.67758185,-3402,-1599.16
9/10/2013 8:00,25.585,-92.93,4.303,1608.6,16.08112247,-3382,-1599.76
9/10/2013 16:00,25.6,-92.891,4.295,1606.4,14.53471706,-3365,-1597.57
9/11/2013 0:00,25.619,-92.856,4.295,1608.6,11.95796805,-3344,-1599.76
9/11/2013 8:00,25.632,-92.833,4.297,1608.2,8.002499609,-3327,-1599.36
9/11/2013 16:00,25.644,-92.814,4.292,1607.3,9.080049559,-3315,-1598.47
9/12/2013 0:00,25.65,-92.788,4.292,1608.6,7.42633153,-3309,-1599.76
9/12/2013 8:00,25.659,-92.778,4.292,1607.7,3.977562067,-3299,-1598.87
9/12/2013 16:00,25.666,-92.772,4.288,1606.5,4.041633333,-3296,-1597.67
9/13/2013 0:00,25.666,-92.759,4.29,1608.0,3.454880606,-3293,-1599.16
9/13/2013 8:00,25.662,-92.752,4.286,1606.8,3.387890199,-3295,-1597.97
9/13/2013 16:00,25.66,-92.741,4.292,1607.6,3.437222716,-3291,-1598.77
9/14/2013 0:00,25.664,-92.735,4.292,1608.3,1.712921481,-3288,-1599.46
9/14/2013 8:00,25.659,-92.73,4.289,1607.3,3.460231206,-3290,-1598.47
9/14/2013 16:00,25.654,-92.73,4.295,1608.6,1.442671134,-3298,-1599.76
9/15/2013 0:00,25.658,-92.73,4.295,1608.6,3.594565342,-3293,-1599.76
9/15/2013 8:00,25.644,-92.723,4.295,1608.1,3.273912033,-3299,-1599.26
9/15/2013 16:00,25.647,-92.737,4.292,1607.9,4.018519628,-3300,-1599.07
9/16/2013 0:00,25.642,-92.739,4.301,1609.2,5.191319678,-3303,-1600.36
9/16/2013 8:00,25.629,-92.744,4.298,1607.8,4.76400042,-3314,-1598.97
9/16/2013 16:00,25.633,-92.762,4.296,1608.9,5.781504994,-3312,-1600.06
9/17/2013 0:00,25.624,-92.771,4.306,1607.8,2.115395944,-3323,-1598.97
9/17/2013 8:00,25.626,-92.774,4.306,1608.7,3.314362684,-3320,-1599.86
9/17/2013 16:00,25.621,-92.791,4.306,1608.2,7.602368052,-3325,-1599.36
9/18/2013 0:00,25.616,-92.81,4.306,1609.2,5.916384031,-3334,-1600.36
9/18/2013 8:00,25.616,-92.825,4.307,1608.1,4.999849998,-3339,-1599.26
9/18/2013 16:00,25.612,-92.84,4.308,1608.0,6.217595998,-3343,-1599.16
9/19/2013 0:00,25.613,-92.862,4.31,1609.3,8.722986874,-3347,-1600.46
9/19/2013 8:00,25.615,-92.886,4.314,1610.5,7.448872398,-3354,-1601.65
9/19/2013 16:00,25.616,-92.906,4.309,1609.0,7.606733859,-3361,-1600.16
9/20/2013 0:00,25.614,-92.93,4.31,1609.3,7.695017869,-3368,-1600.46
9/20/2013 8:00,25.613,-92.949,4.315,1609.7,6.47037866,-3372,-1600.86
9/20/2013 16:00,25.614,-92.97,4.312,1609.0,8.112219178,-3377,-1600.16
9/21/2013 0:00,25.62,-92.997,4.315,1612.0,12.38224535,-3384,-1603.14
9/21/2013 8:00,25.633,-93.032,4.312,1609.6,10.84880178,-3383,-1600.76
9/21/2013 16:00,25.633,-93.058,4.319,1610.2,10.23097258,-3388,-1601.35
9/22/2013 0:00,25.638,-93.091,4.31,1609.3,10.85891799,-3389,-1600.46
9/22/2013 8:00,25.637,-93.121,4.312,1609.3,12.90223236,-3394,-1600.46
9/22/2013 16:00,25.658,-93.159,4.317,1609.6,13.11135386,-3390,-1600.76
9/23/2013 0:00,25.656,-93.192,4.313,1608.9,12.79551875,-3395,-1600.06
9/23/2013 8:00,25.664,-93.228,4.314,1608.4,7.560006614,-3389,-1599.56
9/23/2013 16:00,25.655,-93.245,4.308,1608.9,12.1538677,-3391,-1600.06
9/24/2013 0:00,25.659,-93.297,4.313,1610.1,18.0511634,-3375,-1601.25
9/24/2013 8:00,25.667,-93.332,4.31,1607.5,9.011603631,-3365,-1598.67
9/24/2013 16:00,25.656,-93.358,4.313,1609.6,13.21614543,-3368,-1600.76
9/25/2013 0:00,25.636,-93.39,4.312,1609.4,13.26664992,-3379,-1600.56
9/25/2013 8:00,25.65,-93.426,4.307,1609.0,8.763931766,-3376,-1600.16
9/25/2013 16:00,25.635,-93.444,4.307,1606.8,10.15608684,-3385,-1597.97
9/26/2013 0:00,25.629,-93.476,4.313,1608.3,11.44643613,-3397,-1599.46
9/26/2013 8:00,25.621,-93.5,4.316,1608.6,8.10015432,-3405,-1599.76
9/26/2013 16:00,25.605,-93.513,4.309,1609.0,7.702986434,-3414,-1600.16
9/27/2013 0:00,25.609,-93.542,4.312,1609.2,9.580020877,-3415,-1600.36
9/27/2013 8:00,25.6,-93.562,4.316,1609.4,6.23554328,-3423,-1600.56
9/27/2013 16:00,25.593,-93.573,4.306,1607.9,4.973932046,-3425,-1599.07
9/28/2013 0:00,25.579,-93.578,4.316,1610.1,4.404327417,-3435,-1601.25
9/28/2013 8:00,25.578,-93.592,4.315,1609.3,4.464806827,-3436,-1600.46
9/28/2013 16:00,25.563,-93.594,4.316,1608.3,3.099435432,-3442,-1599.46
9/29/2013 0:00,25.559,-93.595,4.322,1608.7,8.01400025,-3444,-1599.86
9/29/2013 8:00,25.536,-93.576,4.319,1609.3,3.613322571,-3458,-1600.46
9/29/2013 16:00,25.546,-93.593,4.321,1609.4,6.784283308,-3453,-1600.56
9/30/2013 0:00,25.548,-93.586,4.316,1608.8,7.294333417,-3453,-1599.96
9/30/2013 8:00,25.533,-93.569,4.319,1609.1,5.808037534,-3460,-1600.26
9/30/2013 16:00,25.529,-93.56,4.321,1610.3,5.185248306,-3463,-1601.45
10/1/2013 0:00,25.525,-93.538,4.318,1609.3,8.634535309,-3464,-1600.46
10/1/2013 8:00,25.515,-93.514,4.316,1609.0,12.0587603,-3465,-1600.16
10/1/2013 16:00,25.497,-93.486,4.325,1609.8,8.050962675,-3475,-1600.95
10/2/2013 0:00,25.507,-93.465,4.319,1609.8,9.33026259,-3465,-1600.95
10/2/2013 8:00,25.492,-93.434,4.321,1609.7,10.27348042,-3472,-1600.86
10/2/2013 16:00,25.484,-93.409,4.323,1610.2,14.63219054,-3474,-1601.35
10/3/2013 0:00,25.471,-93.356,4.321,1610.0,17.68960147,-3481,-1601.15
10/3/2013 8:00,25.462,-93.322,4.327,1610.2,9.876117658,-3488,-1601.35
10/3/2013 16:00,25.454,-93.287,4.327,1610.6,16.88870925,-3495,-1601.75
10/4/2013 0:00,25.442,-93.234,4.327,1610.0,17.31105138,-3495,-1601.15
10/4/2013 8:00,25.433,-93.193,4.328,1610.5,15.2030589,-3496,-1601.65
10/4/2013 16:00,25.414,-93.147,4.333,1610.5,18.42553934,-3496,-1601.65
10/5/2013 0:00,25.408,-93.094,4.329,1611.6,18.84741362,-3490,-1602.74
10/5/2013 8:00,25.39,-93.045,4.34,1610.7,16.61146893,-3488,-1601.85
10/5/2013 16:00,25.377,-93.004,4.339,1610.7,16.3941026,-3489,-1601.85
10/6/2013 0:00,25.367,-92.953,4.337,1612.6,17.81305701,-3489,-1603.74
10/6/2013 8:00,25.35,-92.908,4.343,1611.9,17.79412263,-3494,-1603.04
10/6/2013 16:00,25.325,-92.865,4.352,1611.1,15.47604924,-3494,-1602.25
10/7/2013 0:00,25.308,-92.831,4.35,1612.7,14.54299144,-3489,-1603.84
10/7/2013 8:00,25.286,-92.79,4.36,1616.5,17.10803905,-3488,-1607.62
10/7/2013 16:00,25.259,-92.755,4.371,1614.5,14.92863356,-3493,-1605.63
10/8/2013 0:00,25.234,-92.728,4.366,1612.1,12.6705722,-3501,-1603.24
10/8/2013 8:00,25.214,-92.696,4.375,1616.1,15.84582279,-3505,-1607.22
10/8/2013 16:00,25.182,-92.663,4.373,1615.6,15.14617113,-3514,-1606.72
10/9/2013 0:00,25.153,-92.646,4.385,1617.4,11.35112329,-3527,-1608.51
10/9/2013 8:00,25.128,-92.622,4.392,1616.6,14.67073959,-3534,-1607.72
10/9/2013 16:00,25.098,-92.596,4.392,1617.7,13.20115525,-3543,-1608.81
10/10/2013 0:00,25.07,-92.585,4.407,1619.0,11.11072005,-3556,-1610.1
10/10/2013 8:00,25.044,-92.568,4.404,1619.7,11.58223208,-3567,-1610.8
10/10/2013 16:00,25.022,-92.545,4.401,1617.4,12.34894732,-3574,-1608.51
10/11/2013 0:00,24.995,-92.526,4.422,1619.5,11.81646309,-3586,-1610.6
10/11/2013 8:00,24.969,-92.52,4.415,1621.3,8.173891362,-3598,-1612.39
10/11/2013 16:00,24.954,-92.5,4.427,1620.2,11.27415629,-3607,-1611.3
10/12/2013 0:00,24.926,-92.484,4.421,1619.0,11.11785951,-3621,-1610.1
10/12/2013 8:00,24.903,-92.478,4.43,1621.6,8.314036324,-3631,-1612.69
10/12/2013 16:00,24.887,-92.456,4.425,1620.5,10.38809415,-3636,-1611.6
10/13/2013 0:00,24.867,-92.438,4.423,1619.0,9.31517579,-3645,-1610.1
10/13/2013 8:00,24.856,-92.416,4.445,1622.4,8.313440924,-3667,-1613.49
10/13/2013 16:00,24.846,-92.396,4.423,1619.3,8.49608145,-3676,-1610.4
10/14/2013 0:00,24.833,-92.378,4.424,1620.8,6.311339002,-3683,-1611.89
10/14/2013 8:00,24.839,-92.358,4.436,1620.3,8.977644457,-3675,-1611.4
10/14/2013 16:00,24.836,-92.332,4.423,1619.6,6.121176358,-3683,-1610.7
10/15/2013 0:00,24.843,-92.322,4.421,1619.9,6.09631036,-3676,-1611.0
10/15/2013 8:00,24.853,-92.305,4.424,1619.6,6.399578111,-3659,-1610.7
10/15/2013 16:00,24.864,-92.295,4.422,1619.1,6.356547805,-3657,-1610.2
10/16/2013 0:00,24.884,-92.287,4.412,1618.0,9.113769802,-3650,-1609.11
10/16/2013 8:00,24.905,-92.277,4.417,1619.2,8.842171679,-3623,-1610.3
10/16/2013 16:00,24.93,-92.277,4.404,1616.7,9.550005236,-3612,-1607.82
10/17/2013 0:00,24.954,-92.276,4.402,1616.7,9.714695054,-3614,-1607.82
10/17/2013 8:00,24.981,-92.284,4.396,1617.0,11.77074339,-3586,-1608.12
10/17/2013 16:00,25.014,-92.289,4.395,1616.8,14.09548155,-3567,-1607.92
10/18/2013 0:00,25.049,-92.298,4.396,1615.9,12.55778643,-3549,-1607.02
10/18/2013 8:00,25.077,-92.319,4.379,1614.5,15.69275629,-3532,-1605.63
10/18/2013 16:00,25.121,-92.335,4.384,1615.8,16.43976885,-3507,-1606.92
10/19/2013 0:00,25.157,-92.349,4.372,1613.0,16.4732905,-3486,-1604.14
10/19/2013 8:00,25.201,-92.37,4.369,1613.7,18.00200544,-3460,-1604.83
10/19/2013 16:00,25.231,-92.405,4.363,1612.6,16.06575551,-3446,-1603.74
10/20/2013 0:00,25.271,-92.429,4.362,1613.3,19.4564745,-3424,-1604.44
10/20/2013 8:00,25.313,-92.466,4.349,1612.6,20.52793706,-3406,-1603.74
10/20/2013 16:00,25.356,-92.494,4.345,1610.2,18.33429846,-3392,-1601.35
10/21/2013 0:00,25.394,-92.526,4.342,1611.3,19.3082081,-3385,-1602.45
10/21/2013 8:00,25.434,-92.558,4.334,1610.0,16.97262796,-3369,-1601.15
10/21/2013 16:00,25.465,-92.592,4.341,1610.3,19.27414071,-3361,-1601.45
10/22/2013 0:00,25.505,-92.629,4.327,1610.4,16.71751178,-3349,-1601.55
10/22/2013 8:00,25.533,-92.655,4.33,1609.9,16.35764347,-3344,-1601.05
10/22/2013 16:00,25.573,-92.691,4.327,1608.6,20.14832251,-3332,-1599.76
10/23/2013 0:00,25.606,-92.728,4.318,1608.2,16.94144327,-3321,-1599.36
10/23/2013 8:00,25.638,-92.757,4.323,1609.7,13.48072698,-3307,-1600.86
10/23/2013 16:00,25.661,-92.781,4.313,1607.6,13.94707855,-3300,-1598.77
10/24/2013 0:00,25.686,-92.818,4.313,1607.9,15.91328062,-3289,-1599.07
10/24/2013 8:00,25.714,-92.848,4.309,1607.9,16.13446621,-3275,-1599.07
10/24/2013 16:00,25.747,-92.88,4.305,1606.9,15.08968522,-3265,-1598.07
10/25/2013 0:00,25.768,-92.91,4.306,1608.0,13.59647013,-3270,-1599.16
10/25/2013 8:00,25.788,-92.946,4.304,1607.8,14.43234215,-3281,-1598.97
10/25/2013 16:00,25.81,-92.975,4.299,1606.4,12.0043867,-3273,-1597.57
10/26/2013 0:00,25.823,-93.009,4.297,1605.5,15.04745826,-3268,-1596.68
10/26/2013 8:00,25.845,-93.042,4.301,1608.3,8.413441626,-3248,-1599.46
10/26/2013 16:00,25.847,-93.059,4.3,1605.2,10.61386358,-3245,-1596.38
10/27/2013 0:00,25.868,-93.099,4.296,1605.7,14.41561653,-3246,-1596.88
10/27/2013 8:00,25.874,-93.127,4.299,1605.9,9.041692319,-3258,-1597.08
10/27/2013 16:00,25.887,-93.156,4.296,1605.6,12.85215935,-3271,-1596.78
10/28/2013 0:00,25.892,-93.192,4.299,1606.8,9.980345685,-3261,-1597.97
10/28/2013 8:00,25.899,-93.213,4.297,1605.6,8.204779095,-3247,-1596.78
10/28/2013 16:00,25.896,-93.243,4.298,1604.8,10.95924267,-3248,-1595.98
10/29/2013 0:00,25.906,-93.272,4.297,1606.2,9.885302221,-3245,-1597.37
10/29/2013 8:00,25.91,-93.298,4.292,1605.0,9.964436763,-3229,-1596.18
10/29/2013 16:00,25.914,-93.329,4.296,1606.4,11.18894544,-3226,-1597.57
10/30/2013 0:00,25.92,-93.36,4.298,1606.0,10.76737665,-3221,-1597.18
10/30/2013 8:00,25.925,-93.39,4.294,1604.0,10.34406593,-3214,-1595.19
10/30/2013 16:00,25.929,-93.419,4.294,1605.3,9.963257499,-3208,-1596.48
10/31/2013 0:00,25.932,-93.447,4.298,1604.8,9.621938474,-3204,-1595.98
10/31/2013 8:00,25.934,-93.474,4.295,1604.8,9.310735739,-3192,-1595.98
10/31/2013 16:00,25.936,-93.5,4.295,1605.1,9.017211321,-3187,-1596.28
11/1/2013 0:00,25.938,-93.526,4.299,1605.7,8.749245682,-3177,-1596.88
11/1/2013 8:00,25.94,-93.551,4.294,1605.1,8.484745135,-3179,-1596.28
11/1/2013 16:00,25.941,-93.575,4.294,1604.8,8.232860985,-3197,-1595.98
11/2/2013 0:00,25.942,-93.598,4.298,1605.9,7.983263744,-3202,-1597.08
11/2/2013 8:00,25.943,-93.621,4.292,1605.4,7.734907886,-3202,-1596.58
11/2/2013 16:00,25.944,-93.643,4.294,1605.5,7.47880338,-3202,-1596.68
11/3/2013 0:00,25.946,-93.664,4.296,1605.7,7.224133166,-3197,-1596.88
11/3/2013 8:00,25.948,-93.684,4.292,1605.4,6.962312834,-3198,-1596.58
11/3/2013 16:00,25.949,-93.704,4.293,1606.4,6.672285965,-3220,-1597.57
11/4/2013 0:00,25.951,-93.722,4.299,1606.7,6.385491367,-3168,-1597.87
11/4/2013 8:00,25.954,-93.74,4.29,1605.2,6.080008224,-3188,-1596.38
11/4/2013 16:00,25.956,-93.757,4.296,1605.6,5.757508142,-3203,-1596.78
11/5/2013 0:00,25.959,-93.773,4.294,1605.8,5.426536649,-3201,-1596.98
11/5/2013 8:00,25.962,-93.788,4.292,1605.0,5.067593117,-3200,-1596.18
11/5/2013 16:00,25.965,-93.801,4.296,1606.4,4.700521248,-3202,-1597.57
11/6/2013 0:00,25.968,-93.814,4.296,1605.5,4.256994245,-3204,-1596.68
11/6/2013 8:00,25.97,-93.826,4.292,1605.5,5.360792852,-3188,-1596.68
11/6/2013 16:00,25.969,-93.845,4.298,1606.3,7.129607282,-3187,-1597.47
11/7/2013 0:00,25.974,-93.864,4.296,1604.3,5.509600711,-3185,-1595.48
11/7/2013 8:00,25.977,-93.876,4.288,1604.9,4.58449561,-3180,-1596.08
11/7/2013 16:00,25.981,-93.89,4.291,1604.6,5.889261414,-3178,-1595.78
11/8/2013 0:00,25.971,-93.908,4.301,1605.6,7.134738958,-3186,-1596.78
11/8/2013 8:00,25.981,-93.927,4.289,1604.5,7.599421031,-3153,-1595.68
11/8/2013 16:00,25.988,-93.935,4.298,1606.4,4.154816482,-3161,-1597.57
11/9/2013 0:00,25.973,-93.946,4.295,1604.4,6.42430541,-3174,-1595.58
11/9/2013 8:00,25.981,-93.968,4.293,1605.3,7.984766747,-3172,-1596.48
11/9/2013 16:00,25.981,-93.981,4.297,1605.8,3.693995127,-3159,-1596.98
11/10/2013 0:00,25.972,-93.986,4.291,1605.4,5.43401325,-3162,-1596.58
11/10/2013 8:00,25.976,-94.01,4.292,1605.1,8.79184281,-3147,-1596.28
11/10/2013 16:00,25.984,-94.026,4.296,1605.9,4.118069936,-3139,-1597.08
11/11/2013 0:00,25.98,-94.038,4.289,1605.1,5.195815624,-3138,-1596.28
11/11/2013 8:00,25.977,-94.053,4.298,1604.8,5.147989899,-3138,-1595.98
11/11/2013 16:00,25.977,-94.067,4.292,1605.3,4.918719346,-3132,-1596.48
11/12/2013 0:00,25.978,-94.081,4.296,1605.4,5.430727391,-3124,-1596.58
11/12/2013 8:00,25.968,-94.095,4.293,1605.5,5.471179032,-3123,-1596.68
11/12/2013 16:00,25.964,-94.107,4.291,1604.5,5.234625106,-3120,-1595.68
11/13/2013 0:00,25.968,-94.125,4.296,1604.2,6.544875858,-3104,-1595.39
11/13/2013 8:00,25.974,-94.136,4.293,1605.9,4.558069767,-3097,-1597.08
11/13/2013 16:00,25.959,-94.148,4.295,1605.1,6.091994747,-3108,-1596.28
11/14/2013 0:00,25.969,-94.167,4.297,1605.0,6.368555566,-3095,-1596.18
11/14/2013 8:00,25.969,-94.176,4.296,1605.3,4.466452731,-3094,-1596.48
11/14/2013 16:00,25.961,-94.19,4.292,1604.8,5.780190308,-3097,-1595.98
11/15/2013 0:00,25.956,-94.201,4.298,1606.2,2.616906571,-3097,-1597.37
11/15/2013 8:00,25.959,-94.209,4.297,1604.7,4.739250996,-3084,-1595.88
11/15/2013 16:00,25.963,-94.228,4.292,1604.7,7.455903701,-3067,-1595.88
11/16/2013 0:00,25.967,-94.242,4.298,1605.7,4.082082802,-3051,-1596.88
11/16/2013 8:00,25.954,-94.246,4.296,1605.4,2.398853893,-3088,-1596.58
11/16/2013 16:00,25.966,-94.257,4.293,1605.1,4.780930872,-3059,-1596.28
11/17/2013 0:00,25.962,-94.264,4.295,1605.4,3.646066374,-3067,-1596.58
11/17/2013 8:00,25.957,-94.271,4.298,1605.8,2.79588984,-3077,-1596.98
11/17/2013 16:00,25.953,-94.276,4.295,1605.2,2.016928358,-3089,-1596.38
11/18/2013 0:00,25.948,-94.277,4.296,1605.1,1.780112356,-3098,-1596.28
11/18/2013 8:00,25.946,-94.282,4.302,1606.6,1.649060338,-3099,-1597.77
11/18/2013 16:00,25.944,-94.284,4.301,1606.0,2.444606308,-3106,-1597.18
11/19/2013 0:00,25.936,-94.284,4.298,1605.1,1.991230775,-3119,-1596.28
11/19/2013 8:00,25.936,-94.285,4.302,1605.6,1.010198,-3119,-1596.78
11/19/2013 16:00,25.935,-94.282,4.302,1606.3,1.342721118,-3118,-1597.47
11/20/2013 0:00,25.932,-94.289,4.3,1604.6,2.267708094,-3126,-1595.78
11/20/2013 8:00,25.927,-94.286,4.297,1605.2,0.557853027,-3134,-1596.38
11/20/2013 16:00,25.93,-94.289,4.306,1606.1,1.343018987,-3126,-1597.28
11/21/2013 0:00,25.928,-94.287,4.303,1605.5,3.931132152,-3134,-1596.68
11/21/2013 8:00,25.916,-94.281,4.302,1604.8,4.102097025,-3154,-1595.98
11/21/2013 16:00,25.912,-94.278,4.308,1606.0,0.834865259,-3160,-1597.18
11/22/2013 0:00,25.912,-94.276,4.306,1605.7,1.825431456,-3160,-1596.88
11/22/2013 8:00,25.908,-94.274,4.301,1605.9,1.86868938,-3166,-1597.08
11/22/2013 16:00,25.916,-94.271,4.31,1606.6,3.419897659,-3155,-1597.77
11/23/2013 0:00,25.906,-94.26,4.306,1605.7,2.070772803,-3167,-1596.88
11/23/2013 8:00,25.914,-94.259,4.3,1605.5,3.18804015,-3156,-1596.68
11/23/2013 16:00,25.911,-94.245,4.306,1606.7,6.461772203,-3165,-1597.87
11/24/2013 0:00,25.905,-94.234,4.31,1606.0,2.722590678,-3170,-1597.18
11/24/2013 8:00,25.911,-94.226,4.306,1606.0,4.678215472,-3168,-1597.18
11/24/2013 16:00,25.91,-94.21,4.307,1605.7,5.872895368,-3169,-1596.88
11/25/2013 0:00,25.903,-94.196,4.307,1606.8,5.66887114,-3181,-1597.97
11/25/2013 8:00,25.903,-94.176,4.305,1605.7,7.670964737,-3182,-1596.88
11/25/2013 16:00,25.902,-94.155,4.307,1606.7,6.679288884,-3182,-1597.87
11/26/2013 0:00,25.897,-94.138,4.313,1608.4,6.946653871,-3183,-1599.56
11/26/2013 8:00,25.893,-94.115,4.307,1606.9,8.52129685,-3186,-1598.07
11/26/2013 16:00,25.887,-94.092,4.306,1605.7,8.134648118,-3191,-1596.88
11/27/2013 0:00,25.877,-94.07,4.31,1606.7,9.444786922,-3200,-1597.87
11/27/2013 8:00,25.865,-94.038,4.31,1605.6,15.81825844,-3210,-1596.78
11/27/2013 16:00,25.844,-93.996,4.31,1606.5,13.66596136,-3232,-1597.67
11/28/2013 0:00,25.836,-93.965,4.316,1607.5,12.47004812,-3243,-1598.67
11/28/2013 8:00,25.823,-93.925,4.313,1606.6,14.75708982,-3260,-1597.77
11/28/2013 16:00,25.807,-93.889,4.313,1607.2,15.37456666,-3277,-1598.37
11/29/2013 0:00,25.791,-93.842,4.319,1607.3,17.43213125,-3296,-1598.47
11/29/2013 8:00,25.783,-93.804,4.316,1606.1,8.370005974,-3307,-1597.28
11/29/2013 16:00,25.794,-93.787,4.316,1606.4,9.409298592,-3301,-1597.57
11/30/2013 0:00,25.787,-93.746,4.32,1607.5,15.60104163,-3312,-1598.67
11/30/2013 8:00,25.785,-93.708,4.315,1607.5,11.51021286,-3312,-1598.67
11/30/2013 16:00,25.783,-93.678,4.31,1605.9,10.20247519,-3312,-1597.08
12/1/2013 0:00,25.782,-93.645,4.327,1606.1,13.03481876,-3308,-1597.28
12/1/2013 8:00,25.786,-93.606,4.313,1606.8,13.07994648,-3302,-1597.97
12/1/2013 16:00,25.782,-93.575,4.311,1606.2,8.518931858,-3302,-1597.37
12/2/2013 0:00,25.79,-93.549,4.319,1608.2,12.49154914,-3293,-1599.36
12/2/2013 8:00,25.792,-93.506,4.313,1606.7,15.31216836,-3286,-1597.87
12/2/2013 16:00,25.788,-93.471,4.309,1606.1,8.269201896,-3283,-1597.28
12/3/2013 0:00,25.806,-93.454,4.311,1606.0,11.60938414,-3270,-1597.18
12/3/2013 8:00,25.826,-93.427,4.309,1605.3,11.83065932,-3263,-1596.48
12/3/2013 16:00,25.826,-93.395,4.305,1604.7,9.467639621,-3268,-1595.88
12/4/2013 0:00,25.836,-93.373,4.306,1606.2,8.661177749,-3264,-1597.37
12/4/2013 8:00,25.847,-93.351,4.3,1604.9,8.633944637,-3262,-1596.08
12/4/2013 16:00,25.866,-93.339,4.301,1604.1,6.91575737,-3250,-1595.29
12/5/2013 0:00,25.873,-93.323,4.298,1604.4,5.866012274,-3244,-1595.58
12/5/2013 8:00,25.886,-93.314,4.301,1605.4,4.820995748,-3240,-1596.58
12/5/2013 16:00,25.892,-93.307,4.292,1605.0,3.282559977,-3237,-1596.18
12/6/2013 0:00,25.896,-93.298,4.296,1604.9,3.016637201,-3242,-1596.08
12/6/2013 8:00,25.902,-93.295,4.292,1604.3,2.532113742,-3238,-1595.48
12/6/2013 16:00,25.909,-93.294,4.295,1604.4,3.502798881,-3234,-1595.58
12/7/2013 0:00,25.917,-93.292,4.288,1603.6,2.489176571,-3224,-1594.79
12/7/2013 8:00,25.919,-93.287,4.289,1602.9,0.806039701,-3227,-1594.09
12/7/2013 16:00,25.924,-93.291,4.289,1604.0,2.630304165,-3224,-1595.19
12/8/2013 0:00,25.929,-93.288,4.285,1601.9,1.055130324,-3222,-1593.1
12/8/2013 8:00,25.925,-93.287,4.289,1604.0,2.141611543,-3228,-1595.19
12/8/2013 16:00,25.922,-93.286,4.286,1603.7,0.823893197,-3228,-1594.89
12/9/2013 0:00,25.925,-93.292,4.286,1603.9,2.789928314,-3219,-1595.09
12/9/2013 8:00,25.93,-93.294,4.292,1603.3,1.414390328,-3215,-1594.49
12/9/2013 16:00,25.931,-93.297,4.284,1602.2,1.419894362,-3213,-1593.4
12/10/2013 0:00,25.929,-93.301,4.289,1603.6,1.79387848,-3213,-1594.79
12/10/2013 8:00,25.927,-93.306,4.289,1604.5,1.575087299,-3213,-1595.68
12/10/2013 16:00,25.925,-93.31,4.284,1603.4,2.629543687,-3215,-1594.59
12/11/2013 0:00,25.917,-93.314,4.292,1604.5,2.780017986,-3219,-1595.68
12/11/2013 8:00,25.917,-93.32,4.287,1603.1,1.859731163,-3222,-1594.29
12/11/2013 16:00,25.915,-93.325,4.289,1604.0,2.453915239,-3226,-1595.19
12/12/2013 0:00,25.909,-93.331,4.289,1604.3,3.51206492,-3225,-1595.48
12/12/2013 8:00,25.904,-93.339,4.29,1603.0,3.219223509,-3235,-1594.19
12/12/2013 16:00,25.901,-93.349,4.293,1605.3,3.874390275,-3227,-1596.48
12/13/2013 0:00,25.891,-93.357,4.289,1604.5,6.566947541,-3225,-1595.68
12/13/2013 8:00,25.875,-93.361,4.292,1604.8,4.236708628,-3250,-1595.98
12/13/2013 16:00,25.87,-93.368,4.292,1603.8,3.39607126,-3254,-1594.99
12/14/2013 0:00,25.861,-93.376,4.296,1604.9,4.759873948,-3256,-1596.08
12/14/2013 8:00,25.855,-93.388,4.292,1603.7,7.984234465,-3255,-1594.89
12/14/2013 16:00,25.856,-93.413,4.298,1605.0,4.655512861,-3248,-1596.18
12/15/2013 0:00,25.843,-93.413,4.288,1604.5,6.00246616,-3255,-1595.68
12/15/2013 8:00,25.831,-93.429,4.297,1604.3,8.744055123,-3259,-1595.48
12/15/2013 16:00,25.822,-93.447,4.294,1604.5,4.338767106,-3263,-1595.68
12/16/2013 0:00,25.811,-93.45,4.297,1605.3,6.917116451,-3269,-1596.48
12/16/2013 8:00,25.793,-93.463,4.302,1606.0,7.960684644,-3280,-1597.18
12/16/2013 16:00,25.79,-93.483,4.302,1607.3,5.392225885,-3285,-1598.47
12/17/2013 0:00,25.772,-93.488,4.296,1602.8,7.285629691,-3300,-1593.99
12/17/2013 8:00,25.757,-93.498,4.302,1605.1,7.680585915,-3310,-1596.28
12/17/2013 16:00,25.74,-93.512,4.302,1605.7,7.810025608,-3324,-1596.88
12/18/2013 0:00,25.731,-93.529,4.306,1605.1,5.377852731,-3332,-1596.28
12/18/2013 8:00,25.713,-93.529,4.306,1604.7,7.254743276,-3342,-1595.88
12/18/2013 16:00,25.699,-93.546,4.311,1605.4,7.799102512,-3358,-1596.58
12/19/2013 0:00,25.679,-93.551,4.31,1605.9,9.255754967,-3373,-1597.08
12/19/2013 8:00,25.659,-93.552,4.31,1605.8,5.31851483,-3384,-1596.98
12/19/2013 16:00,25.652,-93.567,4.309,1605.1,6.853152559,-3393,-1596.28
12/20/2013 0:00,25.632,-93.574,4.313,1606.9,6.691741178,-3404,-1598.07
12/20/2013 8:00,25.623,-93.58,4.314,1606.5,3.863495826,-3410,-1597.67
12/20/2013 16:00,25.607,-93.58,4.316,1606.4,6.912546564,-3418,-1597.57
12/21/2013 0:00,25.59,-93.586,4.316,1606.6,6.435852702,-3427,-1597.77
12/21/2013 8:00,25.575,-93.589,4.319,1606.5,7.640104711,-3439,-1597.67
12/21/2013 16:00,25.555,-93.578,4.319,1606.3,6.509639007,-3446,-1597.47
12/22/2013 0:00,25.542,-93.582,4.323,1606.8,5.587575503,-3455,-1597.97
12/22/2013 8:00,25.528,-93.581,4.323,1609.3,5.626508687,-3464,-1600.46
12/22/2013 16:00,25.518,-93.569,4.316,1606.1,4.936901863,-3467,-1597.28
12/23/2013 0:00,25.505,-93.563,4.319,1606.4,6.857361008,-3473,-1597.57
12/23/2013 8:00,25.49,-93.554,4.324,1606.1,5.549666657,-3484,-1597.28
12/23/2013 16:00,25.487,-93.541,4.316,1605.9,3.680665701,-3486,-1597.08
12/24/2013 0:00,25.48,-93.535,4.322,1608.0,3.135171447,-3488,-1599.16
12/24/2013 8:00,25.476,-93.53,4.314,1608.3,2.968450774,-3492,-1599.46
12/24/2013 16:00,25.475,-93.518,4.32,1607.5,4.329064564,-3494,-1598.67
12/25/2013 0:00,25.474,-93.506,4.321,1605.3,4.85988683,-3492,-1596.48
12/25/2013 8:00,25.472,-93.496,4.316,1607.1,1.793599732,-3491,-1598.27
12/25/2013 16:00,25.481,-93.495,4.32,1607.9,4.40596187,-3485,-1599.07
12/26/2013 0:00,25.483,-93.477,4.315,1606.7,6.452728105,-3481,-1597.87
12/26/2013 8:00,25.48,-93.467,4.311,1606.2,2.353061835,-3481,-1597.37
12/26/2013 16:00,25.494,-93.466,4.321,1605.9,5.470228514,-3474,-1597.08
12/27/2013 0:00,25.504,-93.464,4.311,1605.3,4.12350579,-3469,-1596.48
12/27/2013 8:00,25.517,-93.465,4.31,1607.4,5.51566859,-3458,-1598.57
12/27/2013 16:00,25.534,-93.467,4.31,1606.1,8.49028857,-3449,-1597.28
12/28/2013 0:00,25.554,-93.477,4.31,1606.1,5.289102003,-3441,-1597.28
12/28/2013 8:00,25.561,-93.483,4.311,1606.3,5.650141591,-3436,-1597.47
12/28/2013 16:00,25.581,-93.492,4.31,1607.4,7.090063469,-3425,-1598.57
12/29/2013 0:00,25.591,-93.5,4.302,1606.0,5.755110772,-3421,-1597.18
12/29/2013 8:00,25.61,-93.51,4.306,1605.8,8.023222545,-3411,-1596.98
12/29/2013 16:00,25.623,-93.519,4.307,1606.3,4.22952716,-3407,-1597.47
12/30/2013 0:00,25.631,-93.529,4.302,1605.3,6.884598754,-3402,-1596.48
12/30/2013 8:00,25.649,-93.545,4.306,1606.0,8.241953652,-3394,-1597.18
12/30/2013 16:00,25.661,-93.558,4.303,1605.7,6.222877148,-3385,-1596.88
12/31/2013 0:00,25.673,-93.573,4.303,1608.1,8.068116261,-3377,-1599.26
12/31/2013 8:00,25.689,-93.59,4.302,1605.0,7.623253898,-3365,-1596.18
12/31/2013 16:00,25.7,-93.605,4.302,1603.8,6.723763827,-3361,-1594.99
1/1/2014 0:00,25.71,-93.621,4.304,1605.9,6.140570006,-3350,-1597.08
1/1/2014 8:00,25.719,-93.634,4.302,1605.0,6.286851358,-3346,-1596.18
1/1/2014 16:00,25.731,-93.649,4.303,1607.7,7.127334705,-3340,-1598.87
1/2/2014 0:00,25.74,-93.668,4.302,1604.3,8.061792605,-3336,-1595.48
1/2/2014 8:00,25.752,-93.684,4.303,1604.8,4.848391486,-3331,-1595.98
1/2/2014 16:00,25.753,-93.694,4.305,1605.6,3.559283636,-3331,-1596.78
1/3/2014 0:00,25.761,-93.708,4.301,1605.5,7.796370951,-3325,-1596.68
1/3/2014 8:00,25.769,-93.727,4.302,1604.4,5.023325592,-3322,-1595.58
1/3/2014 16:00,25.77,-93.738,4.297,1605.2,5.550792736,-3322,-1596.38
1/4/2014 0:00,25.783,-93.754,4.303,1606.0,6.690366208,-3314,-1597.18
1/4/2014 8:00,25.789,-93.761,4.299,1605.4,3.630550922,-3309,-1596.58
1/4/2014 16:00,25.785,-93.775,4.298,1606.3,6.66528319,-3307,-1597.47
1/5/2014 0:00,25.807,-93.785,4.302,1605.8,5.738100731,-3293,-1596.98
1/5/2014 8:00,25.806,-93.793,4.302,1605.9,5.195276701,-3292,-1597.08
1/5/2014 16:00,25.812,-93.81,4.297,1605.3,6.456972975,-3286,-1596.48
1/6/2014 0:00,25.823,-93.814,4.301,1606.3,1.44554488,-3278,-1597.47
1/6/2014 8:00,25.82,-93.817,4.295,1604.9,1.749171232,-3281,-1596.08
1/6/2014 16:00,25.822,-93.819,4.298,1605.1,1.26245792,-3278,-1596.28
1/7/2014 0:00,25.824,-93.817,4.299,1604.2,2.486845391,-3278,-1595.39
1/7/2014 8:00,25.832,-93.824,4.297,1604.6,2.4214252,-3268,-1595.78
1/7/2014 16:00,25.834,-93.82,4.302,1605.4,2.9,-3267,-1596.58
1/8/2014 0:00,25.835,-93.815,4.291,1604.1,0.588727441,-3267,-1595.29
1/8/2014 8:00,25.838,-93.821,4.297,1606.9,3.528809998,-3263,-1598.07
1/8/2014 16:00,25.849,-93.818,4.298,1606.4,3.586655824,-3260,-1597.57
1/9/2014 0:00,25.849,-93.814,4.289,1604.9,3.580460864,-3261,-1596.08
1/9/2014 8:00,25.841,-93.808,4.294,1605.4,3.111607302,-3267,-1596.58
1/9/2014 16:00,25.847,-93.797,4.299,1606.0,4.728477556,-3264,-1597.18
1/10/2014 0:00,25.842,-93.784,4.287,1604.6,8.030006227,-3268,-1595.78
1/10/2014 8:00,25.828,-93.773,4.292,1604.1,1.274048665,-3284,-1595.29
1/10/2014 16:00,25.842,-93.772,4.292,1605.1,5.25201866,-3270,-1596.28
1/11/2014 0:00,25.835,-93.752,4.29,1606.5,7.248075607,-3278,-1597.67
1/11/2014 8:00,25.825,-93.748,4.292,1605.5,2.824057365,-3295,-1596.68
1/11/2014 16:00,25.824,-93.736,4.295,1603.9,5.05027722,-3294,-1595.09
1/12/2014 0:00,25.827,-93.725,4.292,1604.5,3.794153397,-3289,-1595.68
1/12/2014 8:00,25.814,-93.716,4.292,1606.3,5.536722857,-3296,-1597.47
1/12/2014 16:00,25.807,-93.708,4.289,1604.5,3.596679024,-3301,-1595.68
1/13/2014 0:00,25.807,-93.698,4.289,1604.7,2.551489761,-3300,-1595.88
1/13/2014 8:00,25.803,-93.695,4.295,1604.5,5.445181356,-3303,-1595.68
1/13/2014 16:00,25.784,-93.69,4.292,1604.3,6.650608995,-3311,-1595.48
1/14/2014 0:00,25.778,-93.678,4.302,1605.4,4.510543205,-3316,-1596.58
1/14/2014 8:00,25.776,-93.669,4.292,1603.9,2.779946043,-3314,-1595.09
1/14/2014 16:00,25.764,-93.671,4.296,1605.3,5.735895745,-3321,-1596.48
1/15/2014 0:00,25.751,-93.667,4.298,1606.2,4.24901165,-3329,-1597.37
1/15/2014 8:00,25.745,-93.66,4.292,1605.2,3.061388574,-3334,-1596.38
1/15/2014 16:00,25.732,-93.653,4.296,1603.9,9.886607103,-3340,-1595.09
1/16/2014 0:00,25.71,-93.645,4.296,1604.4,2.750709,-3350,-1595.58
1/16/2014 8:00,25.719,-93.657,4.289,1603.7,0.906200861,-3347,-1594.89
1/16/2014 16:00,25.705,-93.643,4.294,1605.6,7.814173021,-3353,-1596.78
1/17/2014 0:00,25.691,-93.651,4.295,1605.2,4.661351735,-3365,-1596.38
1/17/2014 8:00,25.69,-93.654,4.294,1603.8,2.156153983,-3365,-1594.99
1/17/2014 16:00,25.693,-93.651,4.288,1604.5,3.698986348,-3363,-1595.68
1/18/2014 0:00,25.672,-93.646,4.303,1607.0,9.393455168,-3376,-1598.17
1/18/2014 8:00,25.66,-93.649,4.294,1604.9,4.829575551,-3381,-1596.08
1/18/2014 16:00,25.674,-93.659,4.295,1605.4,2.294013949,-3376,-1596.58
1/19/2014 0:00,25.662,-93.647,4.297,1604.5,7.465634601,-3381,-1595.68
1/19/2014 8:00,25.649,-93.658,4.295,1605.6,4.431895757,-3388,-1596.78
1/19/2014 16:00,25.65,-93.658,4.304,1606.4,3.632327078,-3388,-1597.57
1/20/2014 0:00,25.643,-93.644,4.294,1605.8,7.817448433,-3391,-1596.98
1/20/2014 8:00,25.625,-93.645,4.295,1605.5,4.386080255,-3404,-1596.68
1/20/2014 16:00,25.637,-93.658,4.298,1603.3,5.889821729,-3393,-1594.49
1/21/2014 0:00,25.638,-93.648,4.297,1605.7,8.513172147,-3391,-1596.88
1/21/2014 8:00,25.618,-93.643,4.302,1605.1,5.156529841,-3407,-1596.28
1/21/2014 16:00,25.629,-93.66,4.294,1605.3,5.16428117,-3398,-1596.48
1/22/2014 0:00,25.631,-93.637,4.298,1604.8,6.978946912,-3397,-1595.98
1/22/2014 8:00,25.617,-93.636,4.289,1604.8,7.321666477,-3407,-1595.98
1/22/2014 16:00,25.607,-93.641,4.3,1606.6,4.118507011,-3415,-1597.77
1/23/2014 0:00,25.629,-93.65,4.302,1605.9,7.822154435,-3399,-1597.08
1/23/2014 8:00,25.629,-93.644,4.291,1605.5,9.68665577,-3401,-1596.68
1/23/2014 16:00,25.604,-93.637,4.297,1605.1,1.782161609,-3419,-1596.28
1/24/2014 0:00,25.624,-93.644,4.302,1606.6,8.959787944,-3404,-1597.77
1/24/2014 8:00,25.628,-93.629,4.293,1604.4,8.304914208,-3403,-1595.58
1/24/2014 16:00,25.609,-93.623,4.3,1605.1,4.393005805,-3413,-1596.28
1/25/2014 0:00,25.622,-93.638,4.303,1605.7,9.471018953,-3404,-1596.88
1/25/2014 8:00,25.639,-93.631,4.288,1603.9,4.47251607,-3393,-1595.09
1/25/2014 16:00,25.627,-93.627,4.295,1605.3,4.638706716,-3403,-1596.48
1/26/2014 0:00,25.633,-93.642,4.29,1603.1,6.983552105,-3396,-1594.29
1/26/2014 8:00,25.649,-93.637,4.294,1604.5,4.388496326,-3390,-1595.68
1/26/2014 16:00,25.645,-93.631,4.291,1604.8,2.873917187,-3391,-1595.98
1/27/2014 0:00,25.643,-93.636,4.283,1606.4,3.061388574,-3391,-1597.57
1/27/2014 8:00,25.656,-93.636,4.294,1604.8,5.047236868,-3384,-1595.98
1/27/2014 16:00,25.661,-93.631,4.282,1603.9,2.166402548,-3382,-1595.09
1/28/2014 0:00,25.655,-93.633,4.292,1604.5,3.070586263,-3385,-1595.68
1/28/2014 8:00,25.667,-93.642,4.292,1604.5,5.084142012,-3378,-1595.68
1/28/2014 16:00,25.675,-93.636,4.284,1603.4,2.663775516,-3376,-1594.59
1/29/2014 0:00,25.679,-93.636,4.284,1604.1,3.380443758,-3373,-1595.29
1/29/2014 8:00,25.683,-93.644,4.29,1603.9,2.008008964,-3369,-1595.09
1/29/2014 16:00,25.677,-93.64,4.286,1604.1,3.959823228,-3373,-1595.29
1/30/2014 0:00,25.693,-93.635,4.281,1604.1,2.554251358,-3363,-1595.29
1/30/2014 8:00,25.689,-93.645,4.284,1603.8,3.243532025,-3365,-1594.99
1/30/2014 16:00,25.706,-93.646,4.281,1602.9,6.627405224,-3353,-1594.09
1/31/2014 0:00,25.711,-93.64,4.284,1603.3,3.093169895,-3351,-1594.49
1/31/2014 8:00,25.707,-93.644,4.286,1603.1,7.73760945,-3353,-1594.29
1/31/2014 16:00,25.731,-93.66,4.281,1603.3,5.357256761,-3340,-1594.49
2/1/2014 0:00,25.727,-93.642,4.287,1604.6,5.862021836,-3343,-1595.78
2/1/2014 8:00,25.726,-93.646,4.278,1603.4,5.763471176,-3344,-1594.59
2/1/2014 16:00,25.738,-93.658,4.281,1603.8,6.080427617,-3336,-1594.99
2/2/2014 0:00,25.748,-93.65,4.283,1604.2,4.125724179,-3331,-1595.39
2/2/2014 8:00,25.737,-93.643,4.274,1602.8,4.492883261,-3337,-1593.99
2/2/2014 16:00,25.734,-93.645,4.283,1603.7,1.85,-3337,-1594.89
2/3/2014 0:00,25.742,-93.645,4.277,1602.9,2.733587387,-3333,-1594.09
2/3/2014 8:00,25.748,-93.65,4.274,1603.5,3.924512709,-3331,-1594.69
2/3/2014 16:00,25.76,-93.658,4.278,1603.1,6.661231117,-3322,-1594.29
2/4/2014 0:00,25.772,-93.666,4.277,1603.8,1.842851052,-3316,-1594.99
2/4/2014 8:00,25.769,-93.663,4.271,1602.7,2.559726548,-3318,-1593.89
2/4/2014 16:00,25.768,-93.66,4.279,1603.6,1.341827113,-3318,-1594.79
2/5/2014 0:00,25.776,-93.666,4.274,1603.7,5.481404929,-3314,-1594.89
2/5/2014 8:00,25.788,-93.672,4.273,1602.7,2.855906161,-3307,-1593.89
2/5/2014 16:00,25.79,-93.671,4.274,1603.1,0.959635347,-3307,-1594.29
2/6/2014 0:00,25.793,-93.672,4.273,1603.7,1.563105883,-3305,-1594.89
2/6/2014 8:00,25.79,-93.677,4.271,1602.5,0.907854614,-3308,-1593.69
2/6/2014 16:00,25.794,-93.675,4.274,1603.5,1.889576672,-3306,-1594.69
2/7/2014 0:00,25.788,-93.672,4.279,1601.5,1.487615542,-3307,-1592.7
2/7/2014 8:00,25.794,-93.68,4.27,1603.0,3.174476335,-3307,-1594.19
2/7/2014 16:00,25.799,-93.679,4.274,1605.8,2.491124244,-3304,-1596.98
2/8/2014 0:00,25.804,-93.678,4.273,1604.3,0.668505797,-3301,-1595.48
2/8/2014 8:00,25.8,-93.682,4.269,1602.2,2.772002886,-3305,-1593.4
2/8/2014 16:00,25.799,-93.683,4.269,1602.1,3.357752224,-3305,-1593.3
2/9/2014 0:00,25.803,-93.67,4.273,1603.9,2.473863375,-3299,-1595.09
2/9/2014 8:00,25.796,-93.675,4.274,1603.0,4.886685994,-3304,-1594.19
2/9/2014 16:00,25.798,-93.684,4.271,1602.8,4.262640027,-3305,-1593.99
2/10/2014 0:00,25.808,-93.677,4.271,1602.5,3.467636082,-3296,-1593.69
2/10/2014 8:00,25.793,-93.669,4.274,1603.0,9.034611226,-3305,-1594.19
2/10/2014 16:00,25.777,-93.666,4.266,1601.4,1.260039682,-3314,-1592.6
2/11/2014 0:00,25.785,-93.661,4.269,1603.3,2.328347053,-3308,-1594.49
2/11/2014 8:00,25.771,-93.657,4.274,1606.0,5.110792502,-3316,-1597.18
2/11/2014 16:00,25.769,-93.664,4.269,1602.3,2.970605999,-3318,-1593.5
2/12/2014 0:00,25.772,-93.66,4.274,1604.7,6.246414972,-3316,-1595.88
2/12/2014 8:00,25.754,-93.646,4.271,1603.0,5.572162955,-3328,-1594.19
2/12/2014 16:00,25.748,-93.655,4.272,1604.4,3.59261743,-3332,-1595.58
2/13/2014 0:00,25.74,-93.654,4.274,1601.4,1.350925609,-3336,-1592.6
2/13/2014 8:00,25.741,-93.652,4.274,1603.7,2.438237068,-3336,-1594.89
2/13/2014 16:00,25.727,-93.65,4.275,1600.5,6.103589108,-3344,-1591.71
2/14/2014 0:00,25.713,-93.653,4.269,1602.4,6.971032922,-3349,-1593.6
2/14/2014 8:00,25.696,-93.639,4.271,1603.6,5.220593836,-3361,-1594.79
2/14/2014 16:00,25.69,-93.643,4.277,1603.6,2.10211798,-3365,-1594.79
2/15/2014 0:00,25.684,-93.643,4.275,1603.4,2.800017857,-3367,-1594.59
2/15/2014 8:00,25.675,-93.644,4.281,1602.4,4.45198832,-3376,-1593.6
2/15/2014 16:00,25.659,-93.637,4.272,1604.1,8.901556044,-3382,-1595.29
2/16/2014 0:00,25.642,-93.629,4.272,1602.8,2.19317122,-3392,-1593.99
2/16/2014 8:00,25.647,-93.631,4.283,1604.9,1.408012784,-3390,-1596.08
2/16/2014 16:00,25.643,-93.63,4.276,1601.4,1.821867174,-3391,-1592.6
2/17/2014 0:00,25.639,-93.628,4.276,1603.4,3.679470071,-3393,-1594.59
2/17/2014 8:00,25.626,-93.624,4.279,1603.7,4.055773662,-3404,-1594.89
2/17/2014 16:00,25.621,-93.617,4.273,1604.0,5.654423047,-3407,-1595.19
2/18/2014 0:00,25.611,-93.6,4.277,1603.2,5.170348151,-3415,-1594.39
2/18/2014 8:00,25.601,-93.604,4.273,1602.7,2.107723891,-3421,-1593.89
2/18/2014 16:00,25.603,-93.6,4.277,1603.8,3.693291215,-3421,-1594.99
2/19/2014 0:00,25.608,-93.592,4.284,1603.6,2.742425933,-3417,-1594.79
2/19/2014 8:00,25.602,-93.585,4.271,1604.2,3.240246904,-3421,-1595.39
2/19/2014 16:00,25.597,-93.577,4.277,1603.7,6.408275899,-3423,-1594.89
2/20/2014 0:00,25.596,-93.554,4.278,1602.7,5.464155927,-3422,-1593.89
2/20/2014 8:00,25.598,-93.55,4.274,1602.5,0.210950231,-3422,-1593.69
2/20/2014 16:00,25.597,-93.545,4.276,1604.5,5.073854551,-3422,-1595.68
2/21/2014 0:00,25.605,-93.525,4.275,1602.6,6.858695211,-3416,-1593.79
2/21/2014 8:00,25.607,-93.512,4.268,1602.1,4.070110564,-3413,-1593.3
2/21/2014 16:00,25.608,-93.5,4.275,1603.0,4.187433582,-3413,-1594.19
2/22/2014 0:00,25.616,-93.489,4.268,1603.9,5.717665608,-3407,-1595.09
2/22/2014 8:00,25.626,-93.478,4.266,1601.6,5.262090839,-3397,-1592.8
2/22/2014 16:00,25.626,-93.462,4.267,1602.1,5.148213282,-3395,-1593.3
2/23/2014 0:00,25.635,-93.449,4.267,1602.2,6.487464836,-3385,-1593.4
2/23/2014 8:00,25.644,-93.434,4.267,1601.4,4.768437899,-3380,-1592.6
2/23/2014 16:00,25.654,-93.428,4.262,1601.3,5.798706752,-3374,-1592.5
2/24/2014 0:00,25.668,-93.415,4.264,1601.9,7.175130661,-3362,-1593.1
2/24/2014 8:00,25.675,-93.401,4.257,1600.3,4.142764777,-3360,-1591.51
2/24/2014 16:00,25.677,-93.391,4.26,1601.1,4.150771013,-3357,-1592.3
2/25/2014 0:00,25.693,-93.382,4.254,1601.5,9.414754378,-3346,-1592.7
2/25/2014 8:00,25.711,-93.372,4.259,1602.0,3.718279172,-3333,-1593.2
2/25/2014 16:00,25.707,-93.364,4.26,1600.9,4.246469122,-3337,-1592.1
2/26/2014 0:00,25.714,-93.35,4.258,1601.2,9.288966573,-3334,-1592.4
2/26/2014 8:00,25.735,-93.342,4.257,1601.0,1.740919297,-3325,-1592.2
2/26/2014 16:00,25.723,-93.337,4.254,1601.3,4.546042235,-3334,-1592.5
2/27/2014 0:00,25.735,-93.324,4.256,1600.0,9.580172232,-3328,-1591.21
2/27/2014 8:00,25.757,-93.325,4.257,1600.3,4.17001199,-3315,-1591.51
2/27/2014 16:00,25.759,-93.32,4.256,1600.5,1.868154169,-3315,-1591.71
2/28/2014 0:00,25.769,-93.319,4.253,1602.4,5.291323086,-3312,-1593.6
2/28/2014 8:00,25.778,-93.311,4.253,1600.7,4.641551465,-3310,-1591.9
2/28/2014 16:00,25.774,-93.298,4.255,1600.9,2.00124961,-3315,-1592.1
3/1/2014 0:00,25.784,-93.302,4.252,1601.6,5.69197681,-3307,-1592.8
3/1/2014 8:00,25.795,-93.308,4.253,1600.7,4.169412429,-3302,-1591.9
3/1/2014 16:00,25.803,-93.305,4.256,1601.0,2.666552081,-3298,-1592.2
3/2/2014 0:00,25.8,-93.297,4.252,1602.6,1.261942946,-3303,-1593.79
3/2/2014 8:00,25.805,-93.299,4.252,1600.7,4.540418483,-3297,-1591.9
3/2/2014 16:00,25.817,-93.303,4.25,1601.7,3.414937774,-3290,-1592.9
3/3/2014 0:00,25.821,-93.308,4.251,1600.8,2.978455976,-3285,-1592.0
3/3/2014 8:00,25.826,-93.316,4.253,1601.3,2.3,-3281,-1592.5
3/3/2014 16:00,25.828,-93.316,4.247,1600.6,0.391152144,-3281,-1591.81
3/4/2014 0:00,25.827,-93.321,4.251,1600.8,3.442237644,-3278,-1592.0
3/4/2014 8:00,25.831,-93.334,4.251,1599.8,4.991512797,-3271,-1591.01
3/4/2014 16:00,25.835,-93.344,4.248,1602.1,2.528418478,-3269,-1593.3
3/5/2014 0:00,25.839,-93.349,4.251,1601.9,3.29953027,-3266,-1593.1
3/5/2014 8:00,25.839,-93.362,4.249,1601.9,4.679326875,-3265,-1593.1
3/5/2014 16:00,25.834,-93.372,4.248,1601.7,3.078246254,-3264,-1592.9
3/6/2014 0:00,25.833,-93.379,4.252,1601.1,4.473712105,-3266,-1592.3
3/6/2014 8:00,25.84,-93.396,4.248,1599.1,6.482777183,-3259,-1590.31
3/6/2014 16:00,25.838,-93.415,4.25,1601.1,7.083734891,-3256,-1592.3
3/7/2014 0:00,25.842,-93.433,4.253,1600.6,4.743216208,-3251,-1591.81
3/7/2014 8:00,25.842,-93.442,4.248,1601.1,3.333526661,-3250,-1592.3
3/7/2014 16:00,25.844,-93.456,4.252,1600.6,6.40794819,-3247,-1591.81
3/8/2014 0:00,25.847,-93.475,4.251,1600.3,6.2234717,-3244,-1591.51
3/8/2014 8:00,25.844,-93.49,4.25,1601.1,4.110194643,-3245,-1592.3
3/8/2014 16:00,25.848,-93.501,4.25,1600.5,4.799635403,-3243,-1591.71
3/9/2014 0:00,25.847,-93.517,4.251,1600.8,5.609456302,-3244,-1592.0
3/9/2014 8:00,25.844,-93.531,4.25,1601.8,5.196777848,-3248,-1593.0
3/9/2014 16:00,25.838,-93.545,4.254,1600.8,4.214700464,-3251,-1592.0
3/10/2014 0:00,25.847,-93.557,4.249,1600.6,6.382640519,-3248,-1591.81
3/10/2014 8:00,25.847,-93.575,4.254,1601.8,5.000569968,-3253,-1593.0
3/10/2014 16:00,25.842,-93.584,4.253,1599.3,4.535118521,-3255,-1590.51
3/11/2014 0:00,25.847,-93.6,4.251,1602.0,4.267575424,-3257,-1593.2
3/11/2014 8:00,25.841,-93.609,4.253,1599.4,6.364157446,-3262,-1590.61
3/11/2014 16:00,25.833,-93.629,4.253,1601.1,8.365512537,-3270,-1592.3
3/12/2014 0:00,25.845,-93.65,4.25,1601.2,7.670912592,-3266,-1592.4
3/12/2014 8:00,25.853,-93.661,4.253,1600.3,5.131948948,-3262,-1591.51
3/12/2014 16:00,25.848,-93.681,4.254,1601.5,7.284593331,-3267,-1592.7
3/13/2014 0:00,25.847,-93.696,4.254,1600.2,2.444769928,-3269,-1591.41
3/13/2014 8:00,25.84,-93.698,4.253,1599.7,3.350373114,-3273,-1590.91
3/13/2014 16:00,25.839,-93.714,4.256,1598.8,9.527733204,-3274,-1590.02
3/14/2014 0:00,25.847,-93.742,4.252,1600.3,6.339716082,-3271,-1591.51
3/14/2014 8:00,25.84,-93.747,4.254,1600.8,5.410231049,-3275,-1592.0
3/14/2014 16:00,25.829,-93.754,4.251,1600.3,6.212608148,-3289,-1591.51
3/15/2014 0:00,25.836,-93.778,4.249,1599.2,7.853235002,-3274,-1590.41
3/15/2014 8:00,25.833,-93.795,4.257,1601.2,5.929190501,-3274,-1592.4
3/15/2014 16:00,25.838,-93.816,4.252,1597.2,7.500666637,-3265,-1588.42
3/16/2014 0:00,25.83,-93.831,4.251,1599.5,4.868562416,-3267,-1590.71
3/16/2014 8:00,25.819,-93.831,4.258,1599.5,4.323563345,-3277,-1590.71
3/16/2014 16:00,25.815,-93.853,4.253,1600.1,10.82831935,-3277,-1591.31
3/17/2014 0:00,25.822,-93.879,4.25,1598.1,4.715803219,-3267,-1589.32
3/17/2014 8:00,25.818,-93.883,4.254,1601.1,7.081221646,-3270,-1592.3
3/17/2014 16:00,25.802,-93.905,4.251,1599.1,10.10360827,-3279,-1590.31
3/18/2014 0:00,25.814,-93.931,4.254,1599.0,6.183243485,-3266,-1590.21
3/18/2014 8:00,25.805,-93.94,4.259,1599.8,6.764650767,-3271,-1591.01
3/18/2014 16:00,25.793,-93.959,4.256,1599.2,9.82869269,-3281,-1590.41
3/19/2014 0:00,25.787,-93.988,4.26,1598.5,9.671039241,-3284,-1589.72
3/19/2014 8:00,25.794,-94.01,4.263,1601.1,5.345745972,-3279,-1592.3
3/19/2014 16:00,25.787,-94.021,4.258,1598.6,9.03816353,-3284,-1589.82
3/20/2014 0:00,25.763,-94.041,4.256,1600.5,10.88882455,-3303,-1591.71
3/20/2014 8:00,25.761,-94.066,4.263,1600.2,8.323226538,-3306,-1591.41
3/20/2014 16:00,25.77,-94.085,4.262,1600.2,7.961720919,-3299,-1591.41
3/21/2014 0:00,25.757,-94.111,4.258,1600.3,9.87660873,-3307,-1591.51
3/21/2014 8:00,25.752,-94.132,4.262,1600.5,7.715296495,-3312,-1591.71
3/21/2014 16:00,25.757,-94.153,4.266,1600.4,6.250823946,-3304,-1591.61
3/22/2014 0:00,25.738,-94.165,4.258,1598.8,9.906412065,-3319,-1590.02
3/22/2014 8:00,25.724,-94.185,4.271,1599.7,9.524415993,-3332,-1590.91
3/22/2014 16:00,25.732,-94.213,4.27,1599.7,7.693529749,-3320,-1590.91
3/23/2014 0:00,25.727,-94.226,4.266,1599.5,5.318119969,-3325,-1590.71
3/23/2014 8:00,25.719,-94.243,4.27,1600.4,9.076618313,-3329,-1591.61
3/23/2014 16:00,25.714,-94.271,4.271,1598.7,8.058213201,-3328,-1589.92
3/24/2014 0:00,25.711,-94.284,4.265,1599.2,3.028696089,-3329,-1590.41
3/24/2014 8:00,25.706,-94.294,4.273,1599.9,6.497053178,-3332,-1591.11
3/24/2014 16:00,25.707,-94.32,4.269,1600.0,9.284207021,-3328,-1591.21
3/25/2014 0:00,25.703,-94.336,4.268,1600.0,5.287958018,-3333,-1591.21
3/25/2014 8:00,25.688,-94.335,4.271,1600.0,5.228164114,-3343,-1591.21
3/25/2014 16:00,25.692,-94.362,4.269,1599.5,6.476357001,-3336,-1590.71
3/26/2014 0:00,25.677,-94.365,4.272,1599.8,4.334466519,-3350,-1591.01
3/26/2014 8:00,25.68,-94.378,4.269,1598.8,8.684987047,-3344,-1590.02
3/26/2014 16:00,25.689,-94.399,4.276,1599.5,4.769287158,-3336,-1590.71
3/27/2014 0:00,25.681,-94.407,4.271,1599.8,4.217155439,-3341,-1591.01
3/27/2014 8:00,25.687,-94.425,4.269,1598.2,5.893190986,-3337,-1589.42
3/27/2014 16:00,25.684,-94.436,4.273,1599.7,2.947032406,-3337,-1590.91
3/28/2014 0:00,25.692,-94.443,4.274,1599.3,2.850350856,-3332,-1590.51
3/28/2014 8:00,25.686,-94.456,4.271,1597.9,6.57321839,-3337,-1589.12
3/28/2014 16:00,25.694,-94.475,4.268,1599.3,6.202491435,-3332,-1590.51
3/29/2014 0:00,25.701,-94.475,4.269,1600.7,2.357901609,-3327,-1591.9
3/29/2014 8:00,25.692,-94.484,4.263,1598.1,7.484022982,-3333,-1589.32
3/29/2014 16:00,25.707,-94.506,4.267,1598.7,5.463853951,-3323,-1589.92
3/30/2014 0:00,25.708,-94.497,4.269,1597.8,3.215493741,-3322,-1589.02
3/30/2014 8:00,25.7,-94.507,4.26,1598.0,6.791207551,-3331,-1589.22
3/30/2014 16:00,25.7,-94.523,4.266,1598.4,4.849298918,-3332,-1589.62
3/31/2014 0:00,25.709,-94.522,4.269,1597.1,4.681292557,-3320,-1588.32
3/31/2014 8:00,25.7,-94.512,4.258,1597.1,4.136725758,-3331,-1588.32
3/31/2014 16:00,25.703,-94.536,4.265,1597.4,9.225204605,-3329,-1588.62
4/1/2014 0:00,25.719,-94.542,4.267,1597.8,4.610260296,-3318,-1589.02
4/1/2014 8:00,25.721,-94.538,4.26,1597.1,1.644536409,-3316,-1588.32
4/1/2014 16:00,25.72,-94.549,4.259,1598.6,5.349663541,-3319,-1589.82
4/2/2014 0:00,25.731,-94.559,4.272,1597.3,3.163194588,-3313,-1588.52
4/2/2014 8:00,25.733,-94.559,4.256,1597.1,1.562625995,-3313,-1588.32
4/2/2014 16:00,25.739,-94.564,4.257,1597.3,1.933132173,-3309,-1588.52
4/3/2014 0:00,25.735,-94.567,4.263,1596.0,1.494824404,-3311,-1587.23
4/3/2014 8:00,25.734,-94.565,4.256,1599.0,1.939613364,-3311,-1590.21
4/3/2014 16:00,25.732,-94.56,4.26,1596.9,0.715052446,-3313,-1588.13
4/4/2014 0:00,25.736,-94.566,4.259,1596.5,7.49333704,-3311,-1587.73
4/4/2014 8:00,25.75,-94.578,4.256,1595.9,2.384386714,-3306,-1587.13
4/4/2014 16:00,25.742,-94.56,4.26,1596.6,3.011992696,-3306,-1587.83
4/5/2014 0:00,25.751,-94.57,4.256,1596.1,6.902072153,-3303,-1587.33
4/5/2014 8:00,25.759,-94.575,4.254,1596.7,1.914418972,-3296,-1587.93
4/5/2014 16:00,25.759,-94.567,4.254,1594.5,2.45904453,-3294,-1585.74
4/6/2014 0:00,25.76,-94.568,4.255,1596.7,4.731025259,-3294,-1587.93
4/6/2014 8:00,25.772,-94.576,4.255,1594.5,1.986403786,-3287,-1585.74
4/6/2014 16:00,25.769,-94.566,4.254,1596.7,3.090954545,-3287,-1587.93
4/7/2014 0:00,25.769,-94.564,4.259,1597.4,0.59464275,-3287,-1588.62
4/7/2014 8:00,25.766,-94.564,4.253,1594.5,0.84172442,-3290,-1585.74
4/7/2014 16:00,25.769,-94.566,4.253,1595.0,1.634166454,-3287,-1586.24
4/8/2014 0:00,25.769,-94.558,4.256,1597.3,2.249644416,-3285,-1588.52
4/8/2014 8:00,25.765,-94.56,4.251,1594.7,2.292640399,-3289,-1585.94
4/8/2014 16:00,25.768,-94.565,4.256,1595.5,2.280219288,-3287,-1586.73
4/9/2014 0:00,25.773,-94.558,4.253,1595.0,3.507206866,-3282,-1586.24
4/9/2014 8:00,25.77,-94.552,4.253,1595.6,3.674479555,-3284,-1586.83
4/9/2014 16:00,25.763,-94.56,4.253,1594.3,4.131742974,-3289,-1585.54
4/10/2014 0:00,25.773,-94.56,4.253,1594.4,7.095759297,-3283,-1585.64
4/10/2014 8:00,25.756,-94.535,4.25,1594.8,5.484997721,-3291,-1586.04
4/10/2014 16:00,25.758,-94.553,4.253,1594.8,8.780911114,-3293,-1586.04
4/11/2014 0:00,25.77,-94.561,4.253,1594.4,2.106086418,-3286,-1585.64
4/11/2014 8:00,25.766,-94.555,4.252,1593.1,4.601086828,-3288,-1584.35
4/11/2014 16:00,25.759,-94.552,4.255,1594.8,2.678002987,-3290,-1586.04
4/12/2014 0:00,25.765,-94.562,4.252,1593.9,3.536240942,-3289,-1585.14
4/12/2014 8:00,25.771,-94.549,4.255,1593.8,3.534091114,-3281,-1585.04
4/12/2014 16:00,25.765,-94.551,4.253,1593.1,5.835923235,-3287,-1584.35
4/13/2014 0:00,25.757,-94.564,4.252,1595.1,4.55905692,-3296,-1586.34
4/13/2014 8:00,25.77,-94.568,4.257,1594.7,4.589117562,-3288,-1585.94
4/13/2014 16:00,25.765,-94.554,4.259,1592.2,6.657326791,-3287,-1583.45
4/14/2014 0:00,25.753,-94.56,4.253,1593.5,4.516480931,-3302,-1584.74
4/14/2014 8:00,25.771,-94.567,4.259,1595.3,4.280572392,-3285,-1586.53
4/14/2014 16:00,25.766,-94.561,4.256,1593.4,4.825971405,-3289,-1584.64
4/15/2014 0:00,25.759,-94.561,4.251,1593.1,3.340808285,-3292,-1584.35
4/15/2014 8:00,25.762,-94.574,4.256,1593.9,6.004614892,-3296,-1585.14
4/15/2014 16:00,25.778,-94.574,4.253,1592.2,2.711899703,-3283,-1583.45
4/16/2014 0:00,25.77,-94.571,4.251,1594.2,5.820549802,-3289,-1585.44
4/16/2014 8:00,25.762,-94.575,4.257,1594.0,3.595552809,-3296,-1585.24
4/16/2014 16:00,25.772,-94.581,4.251,1593.8,1.962167169,-3287,-1585.04
4/17/2014 0:00,25.764,-94.571,4.256,1593.3,1.373644787,-3293,-1584.55
4/17/2014 8:00,25.772,-94.584,4.248,1593.1,6.936353509,-3288,-1584.35
4/17/2014 16:00,25.78,-94.59,4.254,1593.5,2.487810282,-3280,-1584.74
4/18/2014 0:00,25.783,-94.586,4.251,1593.6,1.129690223,-3279,-1584.84
4/18/2014 8:00,25.783,-94.595,4.25,1591.9,2.833407842,-3280,-1583.15
4/18/2014 16:00,25.79,-94.596,4.251,1593.2,2.127768784,-3273,-1584.45
4/19/2014 0:00,25.792,-94.598,4.253,1592.4,3.351805484,-3270,-1583.65
4/19/2014 8:00,25.797,-94.611,4.248,1592.9,4.004722213,-3268,-1584.15
4/19/2014 16:00,25.796,-94.614,4.248,1592.8,2.428353352,-3268,-1584.05
4/20/2014 0:00,25.795,-94.605,4.257,1593.4,2.510975906,-3272,-1584.64
4/20/2014 8:00,25.79,-94.615,4.245,1591.9,6.584261538,-3275,-1583.15
4/20/2014 16:00,25.808,-94.627,4.249,1593.2,6.182337746,-3260,-1584.45
4/21/2014 0:00,25.814,-94.621,4.25,1594.2,1.173882447,-3252,-1585.44
4/21/2014 8:00,25.818,-94.635,4.248,1592.3,6.484265571,-3250,-1583.55
4/21/2014 16:00,25.833,-94.639,4.244,1591.4,3.035918312,-3236,-1582.66
4/22/2014 0:00,25.832,-94.637,4.248,1592.2,1.030048543,-3236,-1583.45
4/22/2014 8:00,25.832,-94.64,4.248,1591.2,1.857148352,-3236,-1582.46
4/22/2014 16:00,25.836,-94.646,4.244,1591.7,3.627795474,-3233,-1582.95
4/23/2014 0:00,25.846,-94.654,4.245,1591.6,5.00465783,-3224,-1582.85
4/23/2014 8:00,25.854,-94.658,4.245,1591.2,1.348072698,-3214,-1582.46
4/23/2014 16:00,25.855,-94.661,4.242,1590.9,2.555014677,-3209,-1582.16
4/24/2014 0:00,25.863,-94.67,4.243,1590.9,4.39118435,-3195,-1582.16
4/24/2014 8:00,25.868,-94.674,4.245,1591.0,2.3961636,-3197,-1582.26
4/24/2014 16:00,25.873,-94.666,4.24,1590.5,1.431712262,-3198,-1581.76
4/25/2014 0:00,25.874,-94.672,4.244,1591.0,5.586644789,-3192,-1582.26
4/25/2014 8:00,25.887,-94.687,4.242,1591.2,8.817165077,-3180,-1582.46
4/25/2014 16:00,25.903,-94.684,4.239,1590.1,3.9003205,-3165,-1581.36
4/26/2014 0:00,25.889,-94.678,4.242,1591.1,3.03423796,-3174,-1582.36
4/26/2014 8:00,25.905,-94.696,4.245,1589.8,11.9072121,-3159,-1581.06
4/26/2014 16:00,25.923,-94.702,4.241,1589.4,2.114048249,-3156,-1580.67
4/27/2014 0:00,25.913,-94.695,4.24,1590.2,4.452998989,-3159,-1581.46
4/27/2014 8:00,25.91,-94.703,4.24,1589.8,2.460995733,-3158,-1581.06
4/27/2014 16:00,25.916,-94.699,4.24,1591.7,4.510310411,-3157,-1582.95
4/28/2014 0:00,25.924,-94.694,4.243,1589.8,2.791146718,-3156,-1581.06
4/28/2014 8:00,25.928,-94.705,4.234,1589.6,2.560956852,-3156,-1580.87
4/28/2014 16:00,25.931,-94.705,4.239,1590.9,2.17057596,-3153,-1582.16
4/29/2014 0:00,25.938,-94.706,4.239,1590.3,2.635943854,-3149,-1581.56
4/29/2014 8:00,25.941,-94.702,4.236,1591.0,0.987927123,-3148,-1582.26
4/29/2014 16:00,25.941,-94.705,4.238,1590.0,3.467333269,-3149,-1581.26
4/30/2014 0:00,25.949,-94.708,4.24,1590.6,1.996722314,-3145,-1581.86
4/30/2014 8:00,25.941,-94.697,4.24,1590.5,2.415988411,-3148,-1581.76
4/30/2014 16:00,25.95,-94.697,4.237,1590.6,0.918095856,-3145,-1581.86
5/1/2014 0:00,25.945,-94.695,4.237,1590.2,2.263183598,-3147,-1581.46
5/1/2014 8:00,25.956,-94.688,4.242,1589.2,2.403331022,-3137,-1580.47
5/1/2014 16:00,25.948,-94.686,4.239,1588.9,1.785385113,-3144,-1580.17
5/2/2014 0:00,25.957,-94.694,4.242,1590.6,1.886796226,-3137,-1581.86
5/2/2014 8:00,25.955,-94.688,4.24,1589.3,2.978338463,-3137,-1580.57
5/2/2014 16:00,25.96,-94.681,4.24,1590.1,2.255681715,-3134,-1581.36
5/3/2014 0:00,25.951,-94.676,4.238,1589.9,3.100580591,-3142,-1581.16
5/3/2014 8:00,25.952,-94.677,4.242,1589.8,3.032375307,-3142,-1581.06
5/3/2014 16:00,25.96,-94.674,4.239,1591.5,3.105945911,-3135,-1582.76
5/4/2014 0:00,25.956,-94.665,4.241,1589.8,4.505574325,-3137,-1581.06
5/4/2014 8:00,25.947,-94.663,4.241,1589.8,1.14437756,-3143,-1581.06
5/4/2014 16:00,25.954,-94.656,4.239,1589.6,3.601888394,-3141,-1580.87
5/5/2014 0:00,25.952,-94.648,4.243,1589.2,2.745906044,-3142,-1580.47
5/5/2014 8:00,25.947,-94.643,4.237,1588.3,3.760850968,-3144,-1579.57
5/5/2014 16:00,25.941,-94.631,4.241,1590.4,3.929223842,-3147,-1581.66
5/6/2014 0:00,25.942,-94.623,4.241,1590.6,2.849719284,-3145,-1581.86
5/6/2014 8:00,25.936,-94.613,4.238,1589.6,5.777170588,-3146,-1580.87
5/6/2014 16:00,25.927,-94.602,4.24,1590.1,2.437724349,-3148,-1581.36
5/7/2014 0:00,25.93,-94.599,4.241,1589.6,2.346167087,-3142,-1580.87
5/7/2014 8:00,25.93,-94.588,4.243,1589.5,5.005486989,-3139,-1580.77
5/7/2014 16:00,25.925,-94.575,4.237,1589.7,4.111556883,-3142,-1580.97
5/8/2014 0:00,25.921,-94.566,4.245,1589.2,4.069889433,-3132,-1580.47
5/8/2014 8:00,25.917,-94.553,4.243,1589.4,4.597434067,-3126,-1580.67
5/8/2014 16:00,25.917,-94.542,4.238,1589.4,3.275026717,-3121,-1580.67
5/9/2014 0:00,25.907,-94.536,4.245,1589.8,3.935809955,-3127,-1581.06
5/9/2014 8:00,25.905,-94.524,4.242,1589.5,5.553467385,-3119,-1580.77
5/9/2014 16:00,25.902,-94.508,4.244,1590.2,6.265979572,-3117,-1581.46
5/10/2014 0:00,25.89,-94.499,4.243,1590.1,2.518729839,-3130,-1581.36
5/10/2014 8:00,25.895,-94.492,4.239,1588.8,5.156946771,-3123,-1580.07
5/10/2014 16:00,25.892,-94.473,4.248,1590.9,7.280109889,-3116,-1582.16
5/11/2014 0:00,25.881,-94.46,4.242,1589.6,3.779219496,-3135,-1580.87
5/11/2014 8:00,25.883,-94.453,4.241,1589.0,3.931539139,-3137,-1580.27
5/11/2014 16:00,25.884,-94.441,4.244,1590.8,6.092134273,-3130,-1582.06
5/12/2014 0:00,25.869,-94.431,4.246,1589.2,2.434173371,-3167,-1580.47
5/12/2014 8:00,25.873,-94.428,4.242,1589.2,3.934590195,-3164,-1580.47
5/12/2014 16:00,25.862,-94.408,4.244,1590.3,10.29047132,-3187,-1581.56
5/13/2014 0:00,25.849,-94.393,4.246,1589.8,1.467548977,-3209,-1581.06
5/13/2014 8:00,25.854,-94.396,4.241,1588.8,1.610093165,-3203,-1580.07
5/13/2014 16:00,25.854,-94.388,4.244,1589.1,4.110194643,-3207,-1580.37
5/14/2014 0:00,25.853,-94.376,4.247,1590.2,4.78023012,-3208,-1581.46
5/14/2014 8:00,25.841,-94.367,4.244,1589.3,3.860595809,-3217,-1580.57
5/14/2014 16:00,25.84,-94.364,4.246,1589.7,1.34792433,-3217,-1580.97
5/15/2014 0:00,25.842,-94.36,4.245,1589.3,2.500079999,-3215,-1580.57
5/15/2014 8:00,25.838,-94.353,4.247,1588.8,4.118859065,-3218,-1580.07
5/15/2014 16:00,25.826,-94.351,4.246,1589.2,3.806441908,-3231,-1580.47
5/16/2014 0:00,25.822,-94.344,4.246,1589.2,3.485182922,-3234,-1580.47
5/16/2014 8:00,25.823,-94.335,4.247,1589.4,3.437586363,-3235,-1580.67
5/16/2014 16:00,25.812,-94.331,4.246,1590.0,3.471094928,-3244,-1581.26
5/17/2014 0:00,25.808,-94.328,4.248,1589.2,1.992485885,-3247,-1580.47
5/17/2014 8:00,25.805,-94.323,4.245,1589.5,1.110045044,-3247,-1580.77
5/17/2014 16:00,25.804,-94.321,4.248,1590.1,3.385276946,-3252,-1581.36
5/18/2014 0:00,25.792,-94.315,4.245,1589.2,2.726554602,-3259,-1580.47
5/18/2014 8:00,25.795,-94.314,4.248,1589.0,1.928419042,-3259,-1580.27
5/18/2014 16:00,25.793,-94.31,4.247,1588.7,5.258374273,-3260,-1579.97
5/19/2014 0:00,25.78,-94.3,4.25,1589.2,3.193524699,-3269,-1580.47
5/19/2014 8:00,25.782,-94.309,4.248,1589.3,5.481724181,-3268,-1580.57
5/19/2014 16:00,25.792,-94.312,4.248,1588.9,2.552195134,-3260,-1580.17
5/20/2014 0:00,25.784,-94.302,4.251,1589.2,3.725506677,-3266,-1580.47
5/20/2014 8:00,25.78,-94.308,4.25,1589.2,3.413209633,-3269,-1580.47
5/20/2014 16:00,25.781,-94.312,4.249,1588.1,2.967709555,-3268,-1579.37
5/21/2014 0:00,25.774,-94.3,4.248,1589.3,2.277586442,-3277,-1580.57
5/21/2014 8:00,25.774,-94.305,4.248,1589.3,4.177750591,-3276,-1580.57
5/21/2014 16:00,25.77,-94.313,4.248,1588.8,3.701080923,-3278,-1580.07
5/22/2014 0:00,25.787,-94.312,4.25,1589.8,2.563532719,-3265,-1581.06
5/22/2014 8:00,25.774,-94.31,4.247,1588.1,7.85143299,-3276,-1579.37
5/22/2014 16:00,25.761,-94.311,4.249,1589.8,1.224295716,-3283,-1581.06
5/23/2014 0:00,25.766,-94.312,4.248,1588.2,3.636289317,-3281,-1579.47
5/23/2014 8:00,25.772,-94.318,4.247,1569.8,2.795299626,-3275,-1561.17
5/23/2014 16:00,25.773,-94.327,4.253,1570.7,4.550835088,-3274,-1562.07
5/24/2014 0:00,25.78,-94.337,4.248,1569.6,2.672676561,-3266,-1560.98
5/24/2014 8:00,25.78,-94.331,4.248,1569.4,4.049308583,-3267,-1560.78
5/24/2014 16:00,25.768,-94.333,4.253,1569.7,4.740042194,-3275,-1561.08
5/25/2014 0:00,25.771,-94.346,4.249,1569.4,5.14090459,-3273,-1560.78
5/25/2014 8:00,25.781,-94.352,4.252,1569.8,3.890192797,-3265,-1561.17
5/25/2014 16:00,25.782,-94.359,4.249,1569.0,4.244997055,-3264,-1560.38
5/26/2014 0:00,25.769,-94.36,4.248,1569.6,2.308679276,-3274,-1560.98
5/26/2014 8:00,25.775,-94.369,4.249,1569.7,1.876086352,-3271,-1561.08
5/26/2014 16:00,25.772,-94.369,4.248,1569.2,1.600124995,-3271,-1560.58
5/27/2014 0:00,25.778,-94.382,4.249,1569.3,6.217298449,-3267,-1560.68
5/27/2014 8:00,25.78,-94.398,4.251,1568.9,4.807130121,-3262,-1560.28
5/27/2014 16:00,25.787,-94.406,4.249,1569.0,4.092749687,-3258,-1560.38
5/28/2014 0:00,25.791,-94.404,4.25,1569.0,5.181891547,-3256,-1560.38
5/28/2014 8:00,25.769,-94.41,4.252,1569.2,6.06010726,-3272,-1560.58
5/28/2014 16:00,25.779,-94.425,4.25,1569.2,9.463043908,-3266,-1560.58
5/29/2014 0:00,25.795,-94.431,4.25,1568.8,0.895600357,-3252,-1560.18
5/29/2014 8:00,25.783,-94.437,4.25,1568.7,5.948663715,-3261,-1560.08
5/29/2014 16:00,25.785,-94.455,4.25,1569.6,6.296038437,-3258,-1560.98
5/30/2014 0:00,25.794,-94.46,4.249,1568.8,1.418238344,-3252,-1560.18
5/30/2014 8:00,25.788,-94.459,4.249,1568.9,5.721022636,-3255,-1560.28
5/30/2014 16:00,25.78,-94.476,4.25,1568.9,9.786567325,-3262,-1560.28
5/31/2014 0:00,25.797,-94.496,4.248,1568.2,1.233572049,-3251,-1559.58
5/31/2014 8:00,25.783,-94.483,4.251,1568.7,4.875756352,-3263,-1560.08
5/31/2014 16:00,25.784,-94.502,4.251,1569.5,11.48550391,-3261,-1560.88
6/1/2014 0:00,25.793,-94.526,4.251,1567.9,2.3669812,-3259,-1559.28
6/1/2014 8:00,25.791,-94.52,4.247,1568.9,0.926984358,-3260,-1560.28
6/1/2014 16:00,25.793,-94.53,4.251,1568.0,5.638811932,-3260,-1559.38
6/2/2014 0:00,25.785,-94.545,4.251,1568.6,5.905294235,-3268,-1559.98
6/2/2014 8:00,25.788,-94.558,4.248,1567.8,1.348258136,-3267,-1559.19
6/2/2014 16:00,25.781,-94.558,4.249,1569.6,2.993125457,-3274,-1560.98
6/3/2014 0:00,25.791,-94.58,4.252,1568.7,10.93539208,-3271,-1560.08
6/3/2014 8:00,25.805,-94.6,4.248,1568.3,5.829794164,-3256,-1559.68
6/3/2014 16:00,25.807,-94.609,4.251,1567.9,4.615246472,-3258,-1559.28
6/4/2014 0:00,25.793,-94.621,4.248,1567.7,6.136489224,-3273,-1559.09
6/4/2014 8:00,25.786,-94.628,4.251,1568.3,3.403307215,-3279,-1559.68
6/4/2014 16:00,25.79,-94.64,4.248,1567.6,3.667642294,-3276,-1558.99
6/5/2014 0:00,25.79,-94.645,4.248,1567.9,4.833652863,-3276,-1559.28
6/5/2014 8:00,25.774,-94.657,4.25,1567.6,6.187770196,-3290,-1558.99
6/5/2014 16:00,25.775,-94.671,4.248,1567.4,5.424656671,-3288,-1558.79
6/6/2014 0:00,25.778,-94.682,4.25,1567.7,2.988042838,-3283,-1559.09
6/6/2014 8:00,25.769,-94.689,4.25,1566.7,5.436956869,-3286,-1558.09
6/6/2014 16:00,25.769,-94.709,4.25,1566.3,5.299528281,-3277,-1557.69
6/7/2014 0:00,25.761,-94.717,4.251,1566.9,3.716947672,-3281,-1558.29
6/7/2014 8:00,25.759,-94.731,4.247,1567.5,6.292002861,-3274,-1558.89
6/7/2014 16:00,25.75,-94.747,4.248,1567.2,6.404404734,-3279,-1558.59
6/8/2014 0:00,25.741,-94.759,4.249,1568.0,4.676344726,-3278,-1559.38
6/8/2014 8:00,25.73,-94.767,4.248,1567.0,5.641914569,-3281,-1558.39
6/8/2014 16:00,25.717,-94.779,4.248,1567.3,7.353726946,-3284,-1558.69
6/9/2014 0:00,25.704,-94.795,4.251,1567.5,7.463846193,-3295,-1558.89
6/9/2014 8:00,25.688,-94.802,4.246,1566.5,4.624035034,-3304,-1557.89
6/9/2014 16:00,25.678,-94.806,4.248,1566.3,7.877220322,-3314,-1557.69
6/10/2014 0:00,25.663,-94.835,4.253,1567.2,11.52292498,-3311,-1558.59
6/10/2014 8:00,25.664,-94.859,4.248,1565.4,4.809293087,-3289,-1556.8
6/10/2014 16:00,25.656,-94.868,4.249,1565.7,8.391573154,-3294,-1557.1
6/11/2014 0:00,25.634,-94.887,4.251,1566.6,9.756664389,-3313,-1557.99
6/11/2014 8:00,25.625,-94.905,4.25,1566.4,5.852802747,-3319,-1557.79
6/11/2014 16:00,25.611,-94.919,4.248,1566.2,8.991607198,-3325,-1557.59
6/12/2014 0:00,25.59,-94.937,4.248,1566.7,10.74007449,-3334,-1558.09
6/12/2014 8:00,25.57,-94.951,4.253,1566.6,7.108621526,-3342,-1557.99
6/12/2014 16:00,25.565,-94.971,4.248,1566.4,7.580461727,-3336,-1557.79
6/13/2014 0:00,25.545,-94.987,4.246,1566.6,10.72038246,-3336,-1557.99
6/13/2014 8:00,25.524,-95.002,4.256,1566.4,8.208702699,-3329,-1557.79
6/13/2014 16:00,25.509,-95.013,4.251,1565.3,6.940180113,-3323,-1556.7
6/14/2014 0:00,25.497,-95.033,4.25,1566.3,9.288196811,-3308,-1557.69
6/14/2014 8:00,25.482,-95.053,4.255,1566.0,7.802339393,-3300,-1557.4
6/14/2014 16:00,25.468,-95.066,4.251,1565.5,8.169430825,-3301,-1556.9
6/15/2014 0:00,25.447,-95.077,4.252,1566.2,7.754953256,-3312,-1557.59
6/15/2014 8:00,25.434,-95.09,4.256,1566.5,7.240393636,-3315,-1557.89
6/15/2014 16:00,25.412,-95.096,4.251,1565.7,8.941012247,-3332,-1557.1
6/16/2014 0:00,25.393,-95.105,4.253,1565.9,8.556921175,-3335,-1557.3
6/16/2014 8:00,25.376,-95.123,4.254,1566.4,8.01849113,-3335,-1557.79
6/16/2014 16:00,25.356,-95.127,4.254,1565.8,9.273106276,-3345,-1557.2
6/17/2014 0:00,25.325,-95.127,4.252,1565.7,14.71657909,-3368,-1557.1
